menuname,direction,provider,backendurl,frontendurl,httpMethod,jsfile,line,controllerClass,판정,note
(호출 메뉴 없음) /anonymous/arms/patchnote,BE→호출없음,상속(TreeAbstractController),/anonymous/arms/patchnote/addNode.do,(호출 없음),POST,,,PatchnoteController,프론트 호출 없음,Frontend-Web 에서 호출하는 곳 없음 / 해당 basePath 를 부르는 프론트 호출이 한 건도 없음 / 상속 전개 엔드포인트(inherited(TreeAbstractController))
(호출 메뉴 없음) /anonymous/arms/patchnote,BE→호출없음,상속(TreeAbstractController),/anonymous/arms/patchnote/alterNode.do,(호출 없음),PUT,,,PatchnoteController,프론트 호출 없음,Frontend-Web 에서 호출하는 곳 없음 / 해당 basePath 를 부르는 프론트 호출이 한 건도 없음 / 상속 전개 엔드포인트(inherited(TreeAbstractController))
(호출 메뉴 없음) /anonymous/arms/patchnote,BE→호출없음,상속(TreeAbstractController),/anonymous/arms/patchnote/alterNodeType.do,(호출 없음),PUT,,,PatchnoteController,프론트 호출 없음,Frontend-Web 에서 호출하는 곳 없음 / 해당 basePath 를 부르는 프론트 호출이 한 건도 없음 / 상속 전개 엔드포인트(inherited(TreeAbstractController))
(호출 메뉴 없음) /anonymous/arms/patchnote,BE→호출없음,상속(TreeAbstractController),/anonymous/arms/patchnote/analyzeNode.do,(호출 없음),GET,,,PatchnoteController,프론트 호출 없음,Frontend-Web 에서 호출하는 곳 없음 / 해당 basePath 를 부르는 프론트 호출이 한 건도 없음 / 상속 전개 엔드포인트(inherited(TreeAbstractController))
(호출 메뉴 없음) /anonymous/arms/patchnote,BE→호출없음,상속(TreeAbstractController),/anonymous/arms/patchnote/getChildNode.do,(호출 없음),GET,,,PatchnoteController,프론트 호출 없음,Frontend-Web 에서 호출하는 곳 없음 / 해당 basePath 를 부르는 프론트 호출이 한 건도 없음 / 상속 전개 엔드포인트(inherited(TreeAbstractController))
(호출 메뉴 없음) /anonymous/arms/patchnote,BE→호출없음,상속(TreeAbstractController),/anonymous/arms/patchnote/getMonitor.do,(호출 없음),GET,,,PatchnoteController,프론트 호출 없음,Frontend-Web 에서 호출하는 곳 없음 / 해당 basePath 를 부르는 프론트 호출이 한 건도 없음 / 상속 전개 엔드포인트(inherited(TreeAbstractController))
(호출 메뉴 없음) /anonymous/arms/patchnote,BE→호출없음,상속(TreeAbstractController),/anonymous/arms/patchnote/getNode.do,(호출 없음),GET,,,PatchnoteController,프론트 호출 없음,Frontend-Web 에서 호출하는 곳 없음 / 해당 basePath 를 부르는 프론트 호출이 한 건도 없음 / 상속 전개 엔드포인트(inherited(TreeAbstractController))
(호출 메뉴 없음) /anonymous/arms/patchnote,BE→호출없음,상속(TreeAbstractController),/anonymous/arms/patchnote/getNodesWithoutRoot.do,(호출 없음),GET,,,PatchnoteController,프론트 호출 없음,Frontend-Web 에서 호출하는 곳 없음 / 해당 basePath 를 부르는 프론트 호출이 한 건도 없음 / 상속 전개 엔드포인트(inherited(TreeAbstractController))
(호출 메뉴 없음) /anonymous/arms/patchnote,BE→호출없음,상속(TreeAbstractController),/anonymous/arms/patchnote/getPaginatedChildNode.do,(호출 없음),GET,,,PatchnoteController,프론트 호출 없음,Frontend-Web 에서 호출하는 곳 없음 / 해당 basePath 를 부르는 프론트 호출이 한 건도 없음 / 상속 전개 엔드포인트(inherited(TreeAbstractController))
(호출 메뉴 없음) /anonymous/arms/patchnote,BE→호출없음,자체 선언,/anonymous/arms/patchnote/getPatchnoteList.do,(호출 없음),GET,,,PatchnoteController,프론트 호출 없음,Frontend-Web 에서 호출하는 곳 없음 / 해당 basePath 를 부르는 프론트 호출이 한 건도 없음
(호출 메뉴 없음) /anonymous/arms/patchnote,BE→호출없음,상속(TreeAbstractController),/anonymous/arms/patchnote/moveNode.do,(호출 없음),POST,,,PatchnoteController,프론트 호출 없음,Frontend-Web 에서 호출하는 곳 없음 / 해당 basePath 를 부르는 프론트 호출이 한 건도 없음 / 상속 전개 엔드포인트(inherited(TreeAbstractController))
(호출 메뉴 없음) /anonymous/arms/patchnote,BE→호출없음,상속(TreeAbstractController),/anonymous/arms/patchnote/removeNode.do,(호출 없음),DELETE,,,PatchnoteController,프론트 호출 없음,Frontend-Web 에서 호출하는 곳 없음 / 해당 basePath 를 부르는 프론트 호출이 한 건도 없음 / 상속 전개 엔드포인트(inherited(TreeAbstractController))
(호출 메뉴 없음) /anonymous/arms/patchnote,BE→호출없음,상속(TreeAbstractController),/anonymous/arms/patchnote/searchNode.do,(호출 없음),GET,,,PatchnoteController,프론트 호출 없음,Frontend-Web 에서 호출하는 곳 없음 / 해당 basePath 를 부르는 프론트 호출이 한 건도 없음 / 상속 전개 엔드포인트(inherited(TreeAbstractController))
(호출 메뉴 없음) /anonymous/arms/patchnote,BE→호출없음,상속(TreeAbstractController),/anonymous/arms/patchnote/send-message,(호출 없음),GET,,,PatchnoteController,프론트 호출 없음,Frontend-Web 에서 호출하는 곳 없음 / 해당 basePath 를 부르는 프론트 호출이 한 건도 없음 / 상속 전개 엔드포인트(inherited(TreeAbstractController))
(호출 메뉴 없음) /anonymous/arms/patchnote,BE→호출없음,상속(TreeAbstractController),/anonymous/arms/patchnote/updateNode.do,(호출 없음),PUT,,,PatchnoteController,프론트 호출 없음,Frontend-Web 에서 호출하는 곳 없음 / 해당 basePath 를 부르는 프론트 호출이 한 건도 없음 / 상속 전개 엔드포인트(inherited(TreeAbstractController))
(호출 메뉴 없음) /anonymous/cover/newsletter,BE→호출없음,자체 선언,/anonymous/cover/newsletter/addNewsletter,(호출 없음),POST,,,NewsletterController,프론트 호출 없음,Frontend-Web 에서 호출하는 곳 없음 / 해당 basePath 를 부르는 프론트 호출이 한 건도 없음
(호출 메뉴 없음) /anonymous/cover/newsletter,BE→호출없음,상속(TreeAbstractController),/anonymous/cover/newsletter/addNode.do,(호출 없음),POST,,,NewsletterController,프론트 호출 없음,Frontend-Web 에서 호출하는 곳 없음 / 해당 basePath 를 부르는 프론트 호출이 한 건도 없음 / 상속 전개 엔드포인트(inherited(TreeAbstractController))
(호출 메뉴 없음) /anonymous/cover/newsletter,BE→호출없음,상속(TreeAbstractController),/anonymous/cover/newsletter/alterNode.do,(호출 없음),PUT,,,NewsletterController,프론트 호출 없음,Frontend-Web 에서 호출하는 곳 없음 / 해당 basePath 를 부르는 프론트 호출이 한 건도 없음 / 상속 전개 엔드포인트(inherited(TreeAbstractController))
(호출 메뉴 없음) /anonymous/cover/newsletter,BE→호출없음,상속(TreeAbstractController),/anonymous/cover/newsletter/alterNodeType.do,(호출 없음),PUT,,,NewsletterController,프론트 호출 없음,Frontend-Web 에서 호출하는 곳 없음 / 해당 basePath 를 부르는 프론트 호출이 한 건도 없음 / 상속 전개 엔드포인트(inherited(TreeAbstractController))
(호출 메뉴 없음) /anonymous/cover/newsletter,BE→호출없음,상속(TreeAbstractController),/anonymous/cover/newsletter/analyzeNode.do,(호출 없음),GET,,,NewsletterController,프론트 호출 없음,Frontend-Web 에서 호출하는 곳 없음 / 해당 basePath 를 부르는 프론트 호출이 한 건도 없음 / 상속 전개 엔드포인트(inherited(TreeAbstractController))
(호출 메뉴 없음) /anonymous/cover/newsletter,BE→호출없음,자체 선언,/anonymous/cover/newsletter/countNewsletters,(호출 없음),GET,,,NewsletterController,프론트 호출 없음,Frontend-Web 에서 호출하는 곳 없음 / 해당 basePath 를 부르는 프론트 호출이 한 건도 없음
(호출 메뉴 없음) /anonymous/cover/newsletter,BE→호출없음,상속(TreeAbstractController),/anonymous/cover/newsletter/getChildNode.do,(호출 없음),GET,,,NewsletterController,프론트 호출 없음,Frontend-Web 에서 호출하는 곳 없음 / 해당 basePath 를 부르는 프론트 호출이 한 건도 없음 / 상속 전개 엔드포인트(inherited(TreeAbstractController))
(호출 메뉴 없음) /anonymous/cover/newsletter,BE→호출없음,상속(TreeAbstractController),/anonymous/cover/newsletter/getMonitor.do,(호출 없음),GET,,,NewsletterController,프론트 호출 없음,Frontend-Web 에서 호출하는 곳 없음 / 해당 basePath 를 부르는 프론트 호출이 한 건도 없음 / 상속 전개 엔드포인트(inherited(TreeAbstractController))
(호출 메뉴 없음) /anonymous/cover/newsletter,BE→호출없음,자체 선언,/anonymous/cover/newsletter/getNewsletter/{newsletterId},(호출 없음),GET,,,NewsletterController,프론트 호출 없음,Frontend-Web 에서 호출하는 곳 없음 / 해당 basePath 를 부르는 프론트 호출이 한 건도 없음 / 경로 변수 포함
(호출 메뉴 없음) /anonymous/cover/newsletter,BE→호출없음,자체 선언,/anonymous/cover/newsletter/getNewsletters,(호출 없음),GET,,,NewsletterController,프론트 호출 없음,Frontend-Web 에서 호출하는 곳 없음 / 해당 basePath 를 부르는 프론트 호출이 한 건도 없음
(호출 메뉴 없음) /anonymous/cover/newsletter,BE→호출없음,상속(TreeAbstractController),/anonymous/cover/newsletter/getNode.do,(호출 없음),GET,,,NewsletterController,프론트 호출 없음,Frontend-Web 에서 호출하는 곳 없음 / 해당 basePath 를 부르는 프론트 호출이 한 건도 없음 / 상속 전개 엔드포인트(inherited(TreeAbstractController))
(호출 메뉴 없음) /anonymous/cover/newsletter,BE→호출없음,상속(TreeAbstractController),/anonymous/cover/newsletter/getNodesWithoutRoot.do,(호출 없음),GET,,,NewsletterController,프론트 호출 없음,Frontend-Web 에서 호출하는 곳 없음 / 해당 basePath 를 부르는 프론트 호출이 한 건도 없음 / 상속 전개 엔드포인트(inherited(TreeAbstractController))
(호출 메뉴 없음) /anonymous/cover/newsletter,BE→호출없음,상속(TreeAbstractController),/anonymous/cover/newsletter/getPaginatedChildNode.do,(호출 없음),GET,,,NewsletterController,프론트 호출 없음,Frontend-Web 에서 호출하는 곳 없음 / 해당 basePath 를 부르는 프론트 호출이 한 건도 없음 / 상속 전개 엔드포인트(inherited(TreeAbstractController))
(호출 메뉴 없음) /anonymous/cover/newsletter,BE→호출없음,자체 선언,/anonymous/cover/newsletter/getPopularNewsletters,(호출 없음),GET,,,NewsletterController,프론트 호출 없음,Frontend-Web 에서 호출하는 곳 없음 / 해당 basePath 를 부르는 프론트 호출이 한 건도 없음
(호출 메뉴 없음) /anonymous/cover/newsletter,BE→호출없음,상속(TreeAbstractController),/anonymous/cover/newsletter/moveNode.do,(호출 없음),POST,,,NewsletterController,프론트 호출 없음,Frontend-Web 에서 호출하는 곳 없음 / 해당 basePath 를 부르는 프론트 호출이 한 건도 없음 / 상속 전개 엔드포인트(inherited(TreeAbstractController))
(호출 메뉴 없음) /anonymous/cover/newsletter,BE→호출없음,자체 선언,/anonymous/cover/newsletter/removeNewsletter/{newsletterId},(호출 없음),DELETE,,,NewsletterController,프론트 호출 없음,Frontend-Web 에서 호출하는 곳 없음 / 해당 basePath 를 부르는 프론트 호출이 한 건도 없음 / 경로 변수 포함
(호출 메뉴 없음) /anonymous/cover/newsletter,BE→호출없음,상속(TreeAbstractController),/anonymous/cover/newsletter/removeNode.do,(호출 없음),DELETE,,,NewsletterController,프론트 호출 없음,Frontend-Web 에서 호출하는 곳 없음 / 해당 basePath 를 부르는 프론트 호출이 한 건도 없음 / 상속 전개 엔드포인트(inherited(TreeAbstractController))
(호출 메뉴 없음) /anonymous/cover/newsletter,BE→호출없음,상속(TreeAbstractController),/anonymous/cover/newsletter/searchNode.do,(호출 없음),GET,,,NewsletterController,프론트 호출 없음,Frontend-Web 에서 호출하는 곳 없음 / 해당 basePath 를 부르는 프론트 호출이 한 건도 없음 / 상속 전개 엔드포인트(inherited(TreeAbstractController))
(호출 메뉴 없음) /anonymous/cover/newsletter,BE→호출없음,상속(TreeAbstractController),/anonymous/cover/newsletter/send-message,(호출 없음),GET,,,NewsletterController,프론트 호출 없음,Frontend-Web 에서 호출하는 곳 없음 / 해당 basePath 를 부르는 프론트 호출이 한 건도 없음 / 상속 전개 엔드포인트(inherited(TreeAbstractController))
(호출 메뉴 없음) /anonymous/cover/newsletter,BE→호출없음,자체 선언,/anonymous/cover/newsletter/updateNewsletter,(호출 없음),PUT,,,NewsletterController,프론트 호출 없음,Frontend-Web 에서 호출하는 곳 없음 / 해당 basePath 를 부르는 프론트 호출이 한 건도 없음
(호출 메뉴 없음) /anonymous/cover/newsletter,BE→호출없음,상속(TreeAbstractController),/anonymous/cover/newsletter/updateNode.do,(호출 없음),PUT,,,NewsletterController,프론트 호출 없음,Frontend-Web 에서 호출하는 곳 없음 / 해당 basePath 를 부르는 프론트 호출이 한 건도 없음 / 상속 전개 엔드포인트(inherited(TreeAbstractController))
(호출 메뉴 없음) /arms/alarm,BE→호출없음,자체 선언,/arms/alarm/excel-upload-complete,(호출 없음),POST,,,AlarmController,프론트 호출 없음,Frontend-Web 에서 호출하는 곳 없음 / 해당 basePath 를 부르는 프론트 호출이 한 건도 없음
(호출 메뉴 없음) /arms/alarm,BE→호출없음,자체 선언,/arms/alarm/gantt-excel-upload-refresh,(호출 없음),POST,,,AlarmController,프론트 호출 없음,Frontend-Web 에서 호출하는 곳 없음 / 해당 basePath 를 부르는 프론트 호출이 한 건도 없음
(호출 메뉴 없음) /arms/alarm,BE→호출없음,자체 선언,/arms/alarm/req-def-row-status,(호출 없음),POST,,,AlarmController,프론트 호출 없음,Frontend-Web 에서 호출하는 곳 없음 / 해당 basePath 를 부르는 프론트 호출이 한 건도 없음
(호출 메뉴 없음) /arms/alarm,BE→호출없음,자체 선언,/arms/alarm/send-message,(호출 없음),POST,,,AlarmController,프론트 호출 없음,Frontend-Web 에서 호출하는 곳 없음 / 해당 basePath 를 부르는 프론트 호출이 한 건도 없음
(호출 메뉴 없음) /arms/alarm,BE→호출없음,자체 선언,/arms/alarm/send-message/server,(호출 없음),POST,,,AlarmController,프론트 호출 없음,Frontend-Web 에서 호출하는 곳 없음 / 해당 basePath 를 부르는 프론트 호출이 한 건도 없음
(호출 메뉴 없음) /arms/alarm,BE→호출없음,자체 선언,/arms/alarm/wbs-row-status,(호출 없음),POST,,,AlarmController,프론트 호출 없음,Frontend-Web 에서 호출하는 곳 없음 / 해당 basePath 를 부르는 프론트 호출이 한 건도 없음
(호출 메뉴 없음) /arms/dynamicDBMaker,BE→호출없음,상속(TreeAbstractController),/arms/dynamicDBMaker/addNode.do,(호출 없음),POST,,,DynamicDBMakerController,프론트 호출 없음,Frontend-Web 에서 호출하는 곳 없음 / 해당 basePath 를 부르는 프론트 호출이 한 건도 없음 / 상속 전개 엔드포인트(inherited(TreeAbstractController))
(호출 메뉴 없음) /arms/dynamicDBMaker,BE→호출없음,상속(TreeAbstractController),/arms/dynamicDBMaker/alterNode.do,(호출 없음),PUT,,,DynamicDBMakerController,프론트 호출 없음,Frontend-Web 에서 호출하는 곳 없음 / 해당 basePath 를 부르는 프론트 호출이 한 건도 없음 / 상속 전개 엔드포인트(inherited(TreeAbstractController))
(호출 메뉴 없음) /arms/dynamicDBMaker,BE→호출없음,상속(TreeAbstractController),/arms/dynamicDBMaker/alterNodeType.do,(호출 없음),PUT,,,DynamicDBMakerController,프론트 호출 없음,Frontend-Web 에서 호출하는 곳 없음 / 해당 basePath 를 부르는 프론트 호출이 한 건도 없음 / 상속 전개 엔드포인트(inherited(TreeAbstractController))
(호출 메뉴 없음) /arms/dynamicDBMaker,BE→호출없음,상속(TreeAbstractController),/arms/dynamicDBMaker/analyzeNode.do,(호출 없음),GET,,,DynamicDBMakerController,프론트 호출 없음,Frontend-Web 에서 호출하는 곳 없음 / 해당 basePath 를 부르는 프론트 호출이 한 건도 없음 / 상속 전개 엔드포인트(inherited(TreeAbstractController))
(호출 메뉴 없음) /arms/dynamicDBMaker,BE→호출없음,자체 선언,/arms/dynamicDBMaker/createSchema,(호출 없음),GET,,,DynamicDBMakerController,프론트 호출 없음,Frontend-Web 에서 호출하는 곳 없음 / 해당 basePath 를 부르는 프론트 호출이 한 건도 없음
(호출 메뉴 없음) /arms/dynamicDBMaker,BE→호출없음,상속(TreeAbstractController),/arms/dynamicDBMaker/getChildNode.do,(호출 없음),GET,,,DynamicDBMakerController,프론트 호출 없음,Frontend-Web 에서 호출하는 곳 없음 / 해당 basePath 를 부르는 프론트 호출이 한 건도 없음 / 상속 전개 엔드포인트(inherited(TreeAbstractController))
(호출 메뉴 없음) /arms/dynamicDBMaker,BE→호출없음,상속(TreeAbstractController),/arms/dynamicDBMaker/getMonitor.do,(호출 없음),GET,,,DynamicDBMakerController,프론트 호출 없음,Frontend-Web 에서 호출하는 곳 없음 / 해당 basePath 를 부르는 프론트 호출이 한 건도 없음 / 상속 전개 엔드포인트(inherited(TreeAbstractController))
(호출 메뉴 없음) /arms/dynamicDBMaker,BE→호출없음,상속(TreeAbstractController),/arms/dynamicDBMaker/getNode.do,(호출 없음),GET,,,DynamicDBMakerController,프론트 호출 없음,Frontend-Web 에서 호출하는 곳 없음 / 해당 basePath 를 부르는 프론트 호출이 한 건도 없음 / 상속 전개 엔드포인트(inherited(TreeAbstractController))
(호출 메뉴 없음) /arms/dynamicDBMaker,BE→호출없음,상속(TreeAbstractController),/arms/dynamicDBMaker/getNodesWithoutRoot.do,(호출 없음),GET,,,DynamicDBMakerController,프론트 호출 없음,Frontend-Web 에서 호출하는 곳 없음 / 해당 basePath 를 부르는 프론트 호출이 한 건도 없음 / 상속 전개 엔드포인트(inherited(TreeAbstractController))
(호출 메뉴 없음) /arms/dynamicDBMaker,BE→호출없음,상속(TreeAbstractController),/arms/dynamicDBMaker/getPaginatedChildNode.do,(호출 없음),GET,,,DynamicDBMakerController,프론트 호출 없음,Frontend-Web 에서 호출하는 곳 없음 / 해당 basePath 를 부르는 프론트 호출이 한 건도 없음 / 상속 전개 엔드포인트(inherited(TreeAbstractController))
(호출 메뉴 없음) /arms/dynamicDBMaker,BE→호출없음,상속(TreeAbstractController),/arms/dynamicDBMaker/moveNode.do,(호출 없음),POST,,,DynamicDBMakerController,프론트 호출 없음,Frontend-Web 에서 호출하는 곳 없음 / 해당 basePath 를 부르는 프론트 호출이 한 건도 없음 / 상속 전개 엔드포인트(inherited(TreeAbstractController))
(호출 메뉴 없음) /arms/dynamicDBMaker,BE→호출없음,상속(TreeAbstractController),/arms/dynamicDBMaker/removeNode.do,(호출 없음),DELETE,,,DynamicDBMakerController,프론트 호출 없음,Frontend-Web 에서 호출하는 곳 없음 / 해당 basePath 를 부르는 프론트 호출이 한 건도 없음 / 상속 전개 엔드포인트(inherited(TreeAbstractController))
(호출 메뉴 없음) /arms/dynamicDBMaker,BE→호출없음,상속(TreeAbstractController),/arms/dynamicDBMaker/searchNode.do,(호출 없음),GET,,,DynamicDBMakerController,프론트 호출 없음,Frontend-Web 에서 호출하는 곳 없음 / 해당 basePath 를 부르는 프론트 호출이 한 건도 없음 / 상속 전개 엔드포인트(inherited(TreeAbstractController))
(호출 메뉴 없음) /arms/dynamicDBMaker,BE→호출없음,상속(TreeAbstractController),/arms/dynamicDBMaker/send-message,(호출 없음),GET,,,DynamicDBMakerController,프론트 호출 없음,Frontend-Web 에서 호출하는 곳 없음 / 해당 basePath 를 부르는 프론트 호출이 한 건도 없음 / 상속 전개 엔드포인트(inherited(TreeAbstractController))
(호출 메뉴 없음) /arms/dynamicDBMaker,BE→호출없음,상속(TreeAbstractController),/arms/dynamicDBMaker/updateNode.do,(호출 없음),PUT,,,DynamicDBMakerController,프론트 호출 없음,Frontend-Web 에서 호출하는 곳 없음 / 해당 basePath 를 부르는 프론트 호출이 한 건도 없음 / 상속 전개 엔드포인트(inherited(TreeAbstractController))
(호출 메뉴 없음) /arms/export/reports,BE→호출없음,자체 선언,/arms/export/reports/export/ppt,(호출 없음),POST,,,ReportExportController,프론트 호출 없음,Frontend-Web 에서 호출하는 곳 없음 / 해당 basePath 를 부르는 프론트 호출이 한 건도 없음
(호출 메뉴 없음) /arms/export/reports,BE→호출없음,자체 선언,/arms/export/reports/export/ppt/metadata,(호출 없음),POST,,,ReportExportController,프론트 호출 없음,Frontend-Web 에서 호출하는 곳 없음 / 해당 basePath 를 부르는 프론트 호출이 한 건도 없음
(호출 메뉴 없음) /arms/export/reports,BE→호출없음,자체 선언,/arms/export/reports/health,(호출 없음),GET,,,ReportExportController,프론트 호출 없음,Frontend-Web 에서 호출하는 곳 없음 / 해당 basePath 를 부르는 프론트 호출이 한 건도 없음
(호출 메뉴 없음) /arms/export/reports,BE→호출없음,자체 선언,/arms/export/reports/simple-report,(호출 없음),POST,,,ReportExportController,프론트 호출 없음,Frontend-Web 에서 호출하는 곳 없음 / 해당 basePath 를 부르는 프론트 호출이 한 건도 없음
(호출 메뉴 없음) /arms/export/reports,BE→호출없음,자체 선언,/arms/export/reports/simple-report-v2,(호출 없음),POST,,,ReportExportController,프론트 호출 없음,Frontend-Web 에서 호출하는 곳 없음 / 해당 basePath 를 부르는 프론트 호출이 한 건도 없음
(호출 메뉴 없음) /arms/export/reports,BE→호출없음,자체 선언,/arms/export/reports/weekly-report,(호출 없음),POST,,,ReportExportController,프론트 호출 없음,Frontend-Web 에서 호출하는 곳 없음 / 해당 basePath 를 부르는 프론트 호출이 한 건도 없음
(호출 메뉴 없음) /arms/export/templates,BE→호출없음,자체 선언,/arms/export/templates,(호출 없음),GET,,,TemplateController,프론트 호출 없음,Frontend-Web 에서 호출하는 곳 없음 / 해당 basePath 를 부르는 프론트 호출이 한 건도 없음
(호출 메뉴 없음) /arms/export/templates,BE→호출없음,자체 선언,/arms/export/templates/analyze,(호출 없음),GET,,,TemplateController,프론트 호출 없음,Frontend-Web 에서 호출하는 곳 없음 / 해당 basePath 를 부르는 프론트 호출이 한 건도 없음
(호출 메뉴 없음) /arms/export/templates,BE→호출없음,자체 선언,/arms/export/templates/analyze/styles,(호출 없음),GET,,,TemplateController,프론트 호출 없음,Frontend-Web 에서 호출하는 곳 없음 / 해당 basePath 를 부르는 프론트 호출이 한 건도 없음
(호출 메뉴 없음) /arms/export/templates,BE→호출없음,자체 선언,/arms/export/templates/bind,(호출 없음),POST,,,TemplateController,프론트 호출 없음,Frontend-Web 에서 호출하는 곳 없음 / 해당 basePath 를 부르는 프론트 호출이 한 건도 없음
(호출 메뉴 없음) /arms/export/templates,BE→호출없음,자체 선언,/arms/export/templates/convert/pdf,(호출 없음),GET,,,TemplateController,프론트 호출 없음,Frontend-Web 에서 호출하는 곳 없음 / 해당 basePath 를 부르는 프론트 호출이 한 건도 없음
(호출 메뉴 없음) /arms/export/templates,BE→호출없음,자체 선언,/arms/export/templates/convert/pdf,(호출 없음),POST,,,TemplateController,프론트 호출 없음,Frontend-Web 에서 호출하는 곳 없음 / 해당 basePath 를 부르는 프론트 호출이 한 건도 없음
(호출 메뉴 없음) /arms/export/templates,BE→호출없음,자체 선언,/arms/export/templates/download/weekly-report,(호출 없음),GET,,,TemplateController,프론트 호출 없음,Frontend-Web 에서 호출하는 곳 없음 / 해당 basePath 를 부르는 프론트 호출이 한 건도 없음
(호출 메뉴 없음) /arms/export/templates,BE→호출없음,자체 선언,/arms/export/templates/export/editor,(호출 없음),POST,,,TemplateController,프론트 호출 없음,Frontend-Web 에서 호출하는 곳 없음 / 해당 basePath 를 부르는 프론트 호출이 한 건도 없음
(호출 메뉴 없음) /arms/export/templates,BE→호출없음,자체 선언,/arms/export/templates/upload,(호출 없음),POST,,,TemplateController,프론트 호출 없음,Frontend-Web 에서 호출하는 곳 없음 / 해당 basePath 를 부르는 프론트 호출이 한 건도 없음
(호출 메뉴 없음) /arms/export/templates,BE→호출없음,자체 선언,/arms/export/templates/{templateId},(호출 없음),DELETE,,,TemplateController,프론트 호출 없음,Frontend-Web 에서 호출하는 곳 없음 / 해당 basePath 를 부르는 프론트 호출이 한 건도 없음 / 경로 변수 포함
(호출 메뉴 없음) /arms/export/templates,BE→호출없음,자체 선언,/arms/export/templates/{templateId},(호출 없음),GET,,,TemplateController,프론트 호출 없음,Frontend-Web 에서 호출하는 곳 없음 / 해당 basePath 를 부르는 프론트 호출이 한 건도 없음 / 경로 변수 포함
(호출 메뉴 없음) /arms/export/templates/test,BE→호출없음,자체 선언,/arms/export/templates/test/alt-case,(호출 없음),GET,,,TemplateTestController,프론트 호출 없음,Frontend-Web 에서 호출하는 곳 없음 / 해당 basePath 를 부르는 프론트 호출이 한 건도 없음
(호출 메뉴 없음) /arms/export/templates/test,BE→호출없음,자체 선언,/arms/export/templates/test/alt-case,(호출 없음),POST,,,TemplateTestController,프론트 호출 없음,Frontend-Web 에서 호출하는 곳 없음 / 해당 basePath 를 부르는 프론트 호출이 한 건도 없음
(호출 메뉴 없음) /arms/export/templates/test,BE→호출없음,자체 선언,/arms/export/templates/test/alt-case/analyze,(호출 없음),GET,,,TemplateTestController,프론트 호출 없음,Frontend-Web 에서 호출하는 곳 없음 / 해당 basePath 를 부르는 프론트 호출이 한 건도 없음
(호출 메뉴 없음) /arms/export/templates/test,BE→호출없음,자체 선언,/arms/export/templates/test/chart-table,(호출 없음),GET,,,TemplateTestController,프론트 호출 없음,Frontend-Web 에서 호출하는 곳 없음 / 해당 basePath 를 부르는 프론트 호출이 한 건도 없음
(호출 메뉴 없음) /arms/export/templates/test,BE→호출없음,자체 선언,/arms/export/templates/test/chart-table,(호출 없음),POST,,,TemplateTestController,프론트 호출 없음,Frontend-Web 에서 호출하는 곳 없음 / 해당 basePath 를 부르는 프론트 호출이 한 건도 없음
(호출 메뉴 없음) /arms/export/templates/test,BE→호출없음,자체 선언,/arms/export/templates/test/master-report,(호출 없음),GET,,,TemplateTestController,프론트 호출 없음,Frontend-Web 에서 호출하는 곳 없음 / 해당 basePath 를 부르는 프론트 호출이 한 건도 없음
(호출 메뉴 없음) /arms/export/templates/test,BE→호출없음,자체 선언,/arms/export/templates/test/master-report,(호출 없음),POST,,,TemplateTestController,프론트 호출 없음,Frontend-Web 에서 호출하는 곳 없음 / 해당 basePath 를 부르는 프론트 호출이 한 건도 없음
(호출 메뉴 없음) /arms/export/templates/test,BE→호출없음,자체 선언,/arms/export/templates/test/master-report/analyze,(호출 없음),GET,,,TemplateTestController,프론트 호출 없음,Frontend-Web 에서 호출하는 곳 없음 / 해당 basePath 를 부르는 프론트 호출이 한 건도 없음
(호출 메뉴 없음) /arms/export/templates/test,BE→호출없음,자체 선언,/arms/export/templates/test/simple-chart,(호출 없음),GET,,,TemplateTestController,프론트 호출 없음,Frontend-Web 에서 호출하는 곳 없음 / 해당 basePath 를 부르는 프론트 호출이 한 건도 없음
(호출 메뉴 없음) /arms/export/templates/test,BE→호출없음,자체 선언,/arms/export/templates/test/simple-chart,(호출 없음),POST,,,TemplateTestController,프론트 호출 없음,Frontend-Web 에서 호출하는 곳 없음 / 해당 basePath 를 부르는 프론트 호출이 한 건도 없음
(호출 메뉴 없음) /arms/export/templates/test,BE→호출없음,자체 선언,/arms/export/templates/test/textarea,(호출 없음),GET,,,TemplateTestController,프론트 호출 없음,Frontend-Web 에서 호출하는 곳 없음 / 해당 basePath 를 부르는 프론트 호출이 한 건도 없음
(호출 메뉴 없음) /arms/export/templates/test,BE→호출없음,자체 선언,/arms/export/templates/test/textarea,(호출 없음),POST,,,TemplateTestController,프론트 호출 없음,Frontend-Web 에서 호출하는 곳 없음 / 해당 basePath 를 부르는 프론트 호출이 한 건도 없음
(호출 메뉴 없음) /arms/export/templates/test,BE→호출없음,자체 선언,/arms/export/templates/test/textarea/analyze,(호출 없음),GET,,,TemplateTestController,프론트 호출 없음,Frontend-Web 에서 호출하는 곳 없음 / 해당 basePath 를 부르는 프론트 호출이 한 건도 없음
(호출 메뉴 없음) /arms/fileRepositoryLog,BE→호출없음,상속(TreeAbstractController),/arms/fileRepositoryLog/addNode.do,(호출 없음),POST,,,FileRepositoryLogController,프론트 호출 없음,Frontend-Web 에서 호출하는 곳 없음 / 해당 basePath 를 부르는 프론트 호출이 한 건도 없음 / 상속 전개 엔드포인트(inherited(TreeAbstractController))
(호출 메뉴 없음) /arms/fileRepositoryLog,BE→호출없음,상속(TreeAbstractController),/arms/fileRepositoryLog/alterNode.do,(호출 없음),PUT,,,FileRepositoryLogController,프론트 호출 없음,Frontend-Web 에서 호출하는 곳 없음 / 해당 basePath 를 부르는 프론트 호출이 한 건도 없음 / 상속 전개 엔드포인트(inherited(TreeAbstractController))
(호출 메뉴 없음) /arms/fileRepositoryLog,BE→호출없음,상속(TreeAbstractController),/arms/fileRepositoryLog/alterNodeType.do,(호출 없음),PUT,,,FileRepositoryLogController,프론트 호출 없음,Frontend-Web 에서 호출하는 곳 없음 / 해당 basePath 를 부르는 프론트 호출이 한 건도 없음 / 상속 전개 엔드포인트(inherited(TreeAbstractController))
(호출 메뉴 없음) /arms/fileRepositoryLog,BE→호출없음,상속(TreeAbstractController),/arms/fileRepositoryLog/analyzeNode.do,(호출 없음),GET,,,FileRepositoryLogController,프론트 호출 없음,Frontend-Web 에서 호출하는 곳 없음 / 해당 basePath 를 부르는 프론트 호출이 한 건도 없음 / 상속 전개 엔드포인트(inherited(TreeAbstractController))
(호출 메뉴 없음) /arms/fileRepositoryLog,BE→호출없음,상속(TreeAbstractController),/arms/fileRepositoryLog/getChildNode.do,(호출 없음),GET,,,FileRepositoryLogController,프론트 호출 없음,Frontend-Web 에서 호출하는 곳 없음 / 해당 basePath 를 부르는 프론트 호출이 한 건도 없음 / 상속 전개 엔드포인트(inherited(TreeAbstractController))
(호출 메뉴 없음) /arms/fileRepositoryLog,BE→호출없음,상속(TreeAbstractController),/arms/fileRepositoryLog/getMonitor.do,(호출 없음),GET,,,FileRepositoryLogController,프론트 호출 없음,Frontend-Web 에서 호출하는 곳 없음 / 해당 basePath 를 부르는 프론트 호출이 한 건도 없음 / 상속 전개 엔드포인트(inherited(TreeAbstractController))
(호출 메뉴 없음) /arms/fileRepositoryLog,BE→호출없음,상속(TreeAbstractController),/arms/fileRepositoryLog/getNode.do,(호출 없음),GET,,,FileRepositoryLogController,프론트 호출 없음,Frontend-Web 에서 호출하는 곳 없음 / 해당 basePath 를 부르는 프론트 호출이 한 건도 없음 / 상속 전개 엔드포인트(inherited(TreeAbstractController))
(호출 메뉴 없음) /arms/fileRepositoryLog,BE→호출없음,상속(TreeAbstractController),/arms/fileRepositoryLog/getNodesWithoutRoot.do,(호출 없음),GET,,,FileRepositoryLogController,프론트 호출 없음,Frontend-Web 에서 호출하는 곳 없음 / 해당 basePath 를 부르는 프론트 호출이 한 건도 없음 / 상속 전개 엔드포인트(inherited(TreeAbstractController))
(호출 메뉴 없음) /arms/fileRepositoryLog,BE→호출없음,상속(TreeAbstractController),/arms/fileRepositoryLog/getPaginatedChildNode.do,(호출 없음),GET,,,FileRepositoryLogController,프론트 호출 없음,Frontend-Web 에서 호출하는 곳 없음 / 해당 basePath 를 부르는 프론트 호출이 한 건도 없음 / 상속 전개 엔드포인트(inherited(TreeAbstractController))
(호출 메뉴 없음) /arms/fileRepositoryLog,BE→호출없음,상속(TreeAbstractController),/arms/fileRepositoryLog/moveNode.do,(호출 없음),POST,,,FileRepositoryLogController,프론트 호출 없음,Frontend-Web 에서 호출하는 곳 없음 / 해당 basePath 를 부르는 프론트 호출이 한 건도 없음 / 상속 전개 엔드포인트(inherited(TreeAbstractController))
(호출 메뉴 없음) /arms/fileRepositoryLog,BE→호출없음,상속(TreeAbstractController),/arms/fileRepositoryLog/removeNode.do,(호출 없음),DELETE,,,FileRepositoryLogController,프론트 호출 없음,Frontend-Web 에서 호출하는 곳 없음 / 해당 basePath 를 부르는 프론트 호출이 한 건도 없음 / 상속 전개 엔드포인트(inherited(TreeAbstractController))
(호출 메뉴 없음) /arms/fileRepositoryLog,BE→호출없음,상속(TreeAbstractController),/arms/fileRepositoryLog/searchNode.do,(호출 없음),GET,,,FileRepositoryLogController,프론트 호출 없음,Frontend-Web 에서 호출하는 곳 없음 / 해당 basePath 를 부르는 프론트 호출이 한 건도 없음 / 상속 전개 엔드포인트(inherited(TreeAbstractController))
(호출 메뉴 없음) /arms/fileRepositoryLog,BE→호출없음,상속(TreeAbstractController),/arms/fileRepositoryLog/send-message,(호출 없음),GET,,,FileRepositoryLogController,프론트 호출 없음,Frontend-Web 에서 호출하는 곳 없음 / 해당 basePath 를 부르는 프론트 호출이 한 건도 없음 / 상속 전개 엔드포인트(inherited(TreeAbstractController))
(호출 메뉴 없음) /arms/fileRepositoryLog,BE→호출없음,상속(TreeAbstractController),/arms/fileRepositoryLog/updateNode.do,(호출 없음),PUT,,,FileRepositoryLogController,프론트 호출 없음,Frontend-Web 에서 호출하는 곳 없음 / 해당 basePath 를 부르는 프론트 호출이 한 건도 없음 / 상속 전개 엔드포인트(inherited(TreeAbstractController))
(호출 메뉴 없음) /arms/jiraIssuePriority,BE→호출없음,상속(TreeAbstractController),/arms/jiraIssuePriority/addNode.do,(호출 없음),POST,,,JiraIssuePriorityController,프론트 호출 없음,Frontend-Web 에서 호출하는 곳 없음 / 해당 basePath 를 부르는 프론트 호출이 한 건도 없음 / 상속 전개 엔드포인트(inherited(TreeAbstractController))
(호출 메뉴 없음) /arms/jiraIssuePriority,BE→호출없음,상속(TreeAbstractController),/arms/jiraIssuePriority/alterNode.do,(호출 없음),PUT,,,JiraIssuePriorityController,프론트 호출 없음,Frontend-Web 에서 호출하는 곳 없음 / 해당 basePath 를 부르는 프론트 호출이 한 건도 없음 / 상속 전개 엔드포인트(inherited(TreeAbstractController))
(호출 메뉴 없음) /arms/jiraIssuePriority,BE→호출없음,상속(TreeAbstractController),/arms/jiraIssuePriority/alterNodeType.do,(호출 없음),PUT,,,JiraIssuePriorityController,프론트 호출 없음,Frontend-Web 에서 호출하는 곳 없음 / 해당 basePath 를 부르는 프론트 호출이 한 건도 없음 / 상속 전개 엔드포인트(inherited(TreeAbstractController))
(호출 메뉴 없음) /arms/jiraIssuePriority,BE→호출없음,상속(TreeAbstractController),/arms/jiraIssuePriority/analyzeNode.do,(호출 없음),GET,,,JiraIssuePriorityController,프론트 호출 없음,Frontend-Web 에서 호출하는 곳 없음 / 해당 basePath 를 부르는 프론트 호출이 한 건도 없음 / 상속 전개 엔드포인트(inherited(TreeAbstractController))
(호출 메뉴 없음) /arms/jiraIssuePriority,BE→호출없음,상속(TreeAbstractController),/arms/jiraIssuePriority/getChildNode.do,(호출 없음),GET,,,JiraIssuePriorityController,프론트 호출 없음,Frontend-Web 에서 호출하는 곳 없음 / 해당 basePath 를 부르는 프론트 호출이 한 건도 없음 / 상속 전개 엔드포인트(inherited(TreeAbstractController))
(호출 메뉴 없음) /arms/jiraIssuePriority,BE→호출없음,상속(TreeAbstractController),/arms/jiraIssuePriority/getMonitor.do,(호출 없음),GET,,,JiraIssuePriorityController,프론트 호출 없음,Frontend-Web 에서 호출하는 곳 없음 / 해당 basePath 를 부르는 프론트 호출이 한 건도 없음 / 상속 전개 엔드포인트(inherited(TreeAbstractController))
(호출 메뉴 없음) /arms/jiraIssuePriority,BE→호출없음,상속(TreeAbstractController),/arms/jiraIssuePriority/getNode.do,(호출 없음),GET,,,JiraIssuePriorityController,프론트 호출 없음,Frontend-Web 에서 호출하는 곳 없음 / 해당 basePath 를 부르는 프론트 호출이 한 건도 없음 / 상속 전개 엔드포인트(inherited(TreeAbstractController))
(호출 메뉴 없음) /arms/jiraIssuePriority,BE→호출없음,상속(TreeAbstractController),/arms/jiraIssuePriority/getNodesWithoutRoot.do,(호출 없음),GET,,,JiraIssuePriorityController,프론트 호출 없음,Frontend-Web 에서 호출하는 곳 없음 / 해당 basePath 를 부르는 프론트 호출이 한 건도 없음 / 상속 전개 엔드포인트(inherited(TreeAbstractController))
(호출 메뉴 없음) /arms/jiraIssuePriority,BE→호출없음,상속(TreeAbstractController),/arms/jiraIssuePriority/getPaginatedChildNode.do,(호출 없음),GET,,,JiraIssuePriorityController,프론트 호출 없음,Frontend-Web 에서 호출하는 곳 없음 / 해당 basePath 를 부르는 프론트 호출이 한 건도 없음 / 상속 전개 엔드포인트(inherited(TreeAbstractController))
(호출 메뉴 없음) /arms/jiraIssuePriority,BE→호출없음,상속(TreeAbstractController),/arms/jiraIssuePriority/moveNode.do,(호출 없음),POST,,,JiraIssuePriorityController,프론트 호출 없음,Frontend-Web 에서 호출하는 곳 없음 / 해당 basePath 를 부르는 프론트 호출이 한 건도 없음 / 상속 전개 엔드포인트(inherited(TreeAbstractController))
(호출 메뉴 없음) /arms/jiraIssuePriority,BE→호출없음,상속(TreeAbstractController),/arms/jiraIssuePriority/removeNode.do,(호출 없음),DELETE,,,JiraIssuePriorityController,프론트 호출 없음,Frontend-Web 에서 호출하는 곳 없음 / 해당 basePath 를 부르는 프론트 호출이 한 건도 없음 / 상속 전개 엔드포인트(inherited(TreeAbstractController))
(호출 메뉴 없음) /arms/jiraIssuePriority,BE→호출없음,상속(TreeAbstractController),/arms/jiraIssuePriority/searchNode.do,(호출 없음),GET,,,JiraIssuePriorityController,프론트 호출 없음,Frontend-Web 에서 호출하는 곳 없음 / 해당 basePath 를 부르는 프론트 호출이 한 건도 없음 / 상속 전개 엔드포인트(inherited(TreeAbstractController))
(호출 메뉴 없음) /arms/jiraIssuePriority,BE→호출없음,상속(TreeAbstractController),/arms/jiraIssuePriority/send-message,(호출 없음),GET,,,JiraIssuePriorityController,프론트 호출 없음,Frontend-Web 에서 호출하는 곳 없음 / 해당 basePath 를 부르는 프론트 호출이 한 건도 없음 / 상속 전개 엔드포인트(inherited(TreeAbstractController))
(호출 메뉴 없음) /arms/jiraIssuePriority,BE→호출없음,상속(TreeAbstractController),/arms/jiraIssuePriority/updateNode.do,(호출 없음),PUT,,,JiraIssuePriorityController,프론트 호출 없음,Frontend-Web 에서 호출하는 곳 없음 / 해당 basePath 를 부르는 프론트 호출이 한 건도 없음 / 상속 전개 엔드포인트(inherited(TreeAbstractController))
(호출 메뉴 없음) /arms/jiraIssuePriorityLog,BE→호출없음,상속(TreeAbstractController),/arms/jiraIssuePriorityLog/addNode.do,(호출 없음),POST,,,JiraIssuePriorityLogController,프론트 호출 없음,Frontend-Web 에서 호출하는 곳 없음 / 해당 basePath 를 부르는 프론트 호출이 한 건도 없음 / 상속 전개 엔드포인트(inherited(TreeAbstractController))
(호출 메뉴 없음) /arms/jiraIssuePriorityLog,BE→호출없음,상속(TreeAbstractController),/arms/jiraIssuePriorityLog/alterNode.do,(호출 없음),PUT,,,JiraIssuePriorityLogController,프론트 호출 없음,Frontend-Web 에서 호출하는 곳 없음 / 해당 basePath 를 부르는 프론트 호출이 한 건도 없음 / 상속 전개 엔드포인트(inherited(TreeAbstractController))
(호출 메뉴 없음) /arms/jiraIssuePriorityLog,BE→호출없음,상속(TreeAbstractController),/arms/jiraIssuePriorityLog/alterNodeType.do,(호출 없음),PUT,,,JiraIssuePriorityLogController,프론트 호출 없음,Frontend-Web 에서 호출하는 곳 없음 / 해당 basePath 를 부르는 프론트 호출이 한 건도 없음 / 상속 전개 엔드포인트(inherited(TreeAbstractController))
(호출 메뉴 없음) /arms/jiraIssuePriorityLog,BE→호출없음,상속(TreeAbstractController),/arms/jiraIssuePriorityLog/analyzeNode.do,(호출 없음),GET,,,JiraIssuePriorityLogController,프론트 호출 없음,Frontend-Web 에서 호출하는 곳 없음 / 해당 basePath 를 부르는 프론트 호출이 한 건도 없음 / 상속 전개 엔드포인트(inherited(TreeAbstractController))
(호출 메뉴 없음) /arms/jiraIssuePriorityLog,BE→호출없음,상속(TreeAbstractController),/arms/jiraIssuePriorityLog/getChildNode.do,(호출 없음),GET,,,JiraIssuePriorityLogController,프론트 호출 없음,Frontend-Web 에서 호출하는 곳 없음 / 해당 basePath 를 부르는 프론트 호출이 한 건도 없음 / 상속 전개 엔드포인트(inherited(TreeAbstractController))
(호출 메뉴 없음) /arms/jiraIssuePriorityLog,BE→호출없음,상속(TreeAbstractController),/arms/jiraIssuePriorityLog/getMonitor.do,(호출 없음),GET,,,JiraIssuePriorityLogController,프론트 호출 없음,Frontend-Web 에서 호출하는 곳 없음 / 해당 basePath 를 부르는 프론트 호출이 한 건도 없음 / 상속 전개 엔드포인트(inherited(TreeAbstractController))
(호출 메뉴 없음) /arms/jiraIssuePriorityLog,BE→호출없음,상속(TreeAbstractController),/arms/jiraIssuePriorityLog/getNode.do,(호출 없음),GET,,,JiraIssuePriorityLogController,프론트 호출 없음,Frontend-Web 에서 호출하는 곳 없음 / 해당 basePath 를 부르는 프론트 호출이 한 건도 없음 / 상속 전개 엔드포인트(inherited(TreeAbstractController))
(호출 메뉴 없음) /arms/jiraIssuePriorityLog,BE→호출없음,상속(TreeAbstractController),/arms/jiraIssuePriorityLog/getNodesWithoutRoot.do,(호출 없음),GET,,,JiraIssuePriorityLogController,프론트 호출 없음,Frontend-Web 에서 호출하는 곳 없음 / 해당 basePath 를 부르는 프론트 호출이 한 건도 없음 / 상속 전개 엔드포인트(inherited(TreeAbstractController))
(호출 메뉴 없음) /arms/jiraIssuePriorityLog,BE→호출없음,상속(TreeAbstractController),/arms/jiraIssuePriorityLog/getPaginatedChildNode.do,(호출 없음),GET,,,JiraIssuePriorityLogController,프론트 호출 없음,Frontend-Web 에서 호출하는 곳 없음 / 해당 basePath 를 부르는 프론트 호출이 한 건도 없음 / 상속 전개 엔드포인트(inherited(TreeAbstractController))
(호출 메뉴 없음) /arms/jiraIssuePriorityLog,BE→호출없음,상속(TreeAbstractController),/arms/jiraIssuePriorityLog/moveNode.do,(호출 없음),POST,,,JiraIssuePriorityLogController,프론트 호출 없음,Frontend-Web 에서 호출하는 곳 없음 / 해당 basePath 를 부르는 프론트 호출이 한 건도 없음 / 상속 전개 엔드포인트(inherited(TreeAbstractController))
(호출 메뉴 없음) /arms/jiraIssuePriorityLog,BE→호출없음,상속(TreeAbstractController),/arms/jiraIssuePriorityLog/removeNode.do,(호출 없음),DELETE,,,JiraIssuePriorityLogController,프론트 호출 없음,Frontend-Web 에서 호출하는 곳 없음 / 해당 basePath 를 부르는 프론트 호출이 한 건도 없음 / 상속 전개 엔드포인트(inherited(TreeAbstractController))
(호출 메뉴 없음) /arms/jiraIssuePriorityLog,BE→호출없음,상속(TreeAbstractController),/arms/jiraIssuePriorityLog/searchNode.do,(호출 없음),GET,,,JiraIssuePriorityLogController,프론트 호출 없음,Frontend-Web 에서 호출하는 곳 없음 / 해당 basePath 를 부르는 프론트 호출이 한 건도 없음 / 상속 전개 엔드포인트(inherited(TreeAbstractController))
(호출 메뉴 없음) /arms/jiraIssuePriorityLog,BE→호출없음,상속(TreeAbstractController),/arms/jiraIssuePriorityLog/send-message,(호출 없음),GET,,,JiraIssuePriorityLogController,프론트 호출 없음,Frontend-Web 에서 호출하는 곳 없음 / 해당 basePath 를 부르는 프론트 호출이 한 건도 없음 / 상속 전개 엔드포인트(inherited(TreeAbstractController))
(호출 메뉴 없음) /arms/jiraIssuePriorityLog,BE→호출없음,상속(TreeAbstractController),/arms/jiraIssuePriorityLog/updateNode.do,(호출 없음),PUT,,,JiraIssuePriorityLogController,프론트 호출 없음,Frontend-Web 에서 호출하는 곳 없음 / 해당 basePath 를 부르는 프론트 호출이 한 건도 없음 / 상속 전개 엔드포인트(inherited(TreeAbstractController))
(호출 메뉴 없음) /arms/jiraIssueResolution,BE→호출없음,상속(TreeAbstractController),/arms/jiraIssueResolution/addNode.do,(호출 없음),POST,,,JiraIssueResolutionController,프론트 호출 없음,Frontend-Web 에서 호출하는 곳 없음 / 해당 basePath 를 부르는 프론트 호출이 한 건도 없음 / 상속 전개 엔드포인트(inherited(TreeAbstractController))
(호출 메뉴 없음) /arms/jiraIssueResolution,BE→호출없음,상속(TreeAbstractController),/arms/jiraIssueResolution/alterNode.do,(호출 없음),PUT,,,JiraIssueResolutionController,프론트 호출 없음,Frontend-Web 에서 호출하는 곳 없음 / 해당 basePath 를 부르는 프론트 호출이 한 건도 없음 / 상속 전개 엔드포인트(inherited(TreeAbstractController))
(호출 메뉴 없음) /arms/jiraIssueResolution,BE→호출없음,상속(TreeAbstractController),/arms/jiraIssueResolution/alterNodeType.do,(호출 없음),PUT,,,JiraIssueResolutionController,프론트 호출 없음,Frontend-Web 에서 호출하는 곳 없음 / 해당 basePath 를 부르는 프론트 호출이 한 건도 없음 / 상속 전개 엔드포인트(inherited(TreeAbstractController))
(호출 메뉴 없음) /arms/jiraIssueResolution,BE→호출없음,상속(TreeAbstractController),/arms/jiraIssueResolution/analyzeNode.do,(호출 없음),GET,,,JiraIssueResolutionController,프론트 호출 없음,Frontend-Web 에서 호출하는 곳 없음 / 해당 basePath 를 부르는 프론트 호출이 한 건도 없음 / 상속 전개 엔드포인트(inherited(TreeAbstractController))
(호출 메뉴 없음) /arms/jiraIssueResolution,BE→호출없음,상속(TreeAbstractController),/arms/jiraIssueResolution/getChildNode.do,(호출 없음),GET,,,JiraIssueResolutionController,프론트 호출 없음,Frontend-Web 에서 호출하는 곳 없음 / 해당 basePath 를 부르는 프론트 호출이 한 건도 없음 / 상속 전개 엔드포인트(inherited(TreeAbstractController))
(호출 메뉴 없음) /arms/jiraIssueResolution,BE→호출없음,상속(TreeAbstractController),/arms/jiraIssueResolution/getMonitor.do,(호출 없음),GET,,,JiraIssueResolutionController,프론트 호출 없음,Frontend-Web 에서 호출하는 곳 없음 / 해당 basePath 를 부르는 프론트 호출이 한 건도 없음 / 상속 전개 엔드포인트(inherited(TreeAbstractController))
(호출 메뉴 없음) /arms/jiraIssueResolution,BE→호출없음,상속(TreeAbstractController),/arms/jiraIssueResolution/getNode.do,(호출 없음),GET,,,JiraIssueResolutionController,프론트 호출 없음,Frontend-Web 에서 호출하는 곳 없음 / 해당 basePath 를 부르는 프론트 호출이 한 건도 없음 / 상속 전개 엔드포인트(inherited(TreeAbstractController))
(호출 메뉴 없음) /arms/jiraIssueResolution,BE→호출없음,상속(TreeAbstractController),/arms/jiraIssueResolution/getNodesWithoutRoot.do,(호출 없음),GET,,,JiraIssueResolutionController,프론트 호출 없음,Frontend-Web 에서 호출하는 곳 없음 / 해당 basePath 를 부르는 프론트 호출이 한 건도 없음 / 상속 전개 엔드포인트(inherited(TreeAbstractController))
(호출 메뉴 없음) /arms/jiraIssueResolution,BE→호출없음,상속(TreeAbstractController),/arms/jiraIssueResolution/getPaginatedChildNode.do,(호출 없음),GET,,,JiraIssueResolutionController,프론트 호출 없음,Frontend-Web 에서 호출하는 곳 없음 / 해당 basePath 를 부르는 프론트 호출이 한 건도 없음 / 상속 전개 엔드포인트(inherited(TreeAbstractController))
(호출 메뉴 없음) /arms/jiraIssueResolution,BE→호출없음,상속(TreeAbstractController),/arms/jiraIssueResolution/moveNode.do,(호출 없음),POST,,,JiraIssueResolutionController,프론트 호출 없음,Frontend-Web 에서 호출하는 곳 없음 / 해당 basePath 를 부르는 프론트 호출이 한 건도 없음 / 상속 전개 엔드포인트(inherited(TreeAbstractController))
(호출 메뉴 없음) /arms/jiraIssueResolution,BE→호출없음,상속(TreeAbstractController),/arms/jiraIssueResolution/removeNode.do,(호출 없음),DELETE,,,JiraIssueResolutionController,프론트 호출 없음,Frontend-Web 에서 호출하는 곳 없음 / 해당 basePath 를 부르는 프론트 호출이 한 건도 없음 / 상속 전개 엔드포인트(inherited(TreeAbstractController))
(호출 메뉴 없음) /arms/jiraIssueResolution,BE→호출없음,상속(TreeAbstractController),/arms/jiraIssueResolution/searchNode.do,(호출 없음),GET,,,JiraIssueResolutionController,프론트 호출 없음,Frontend-Web 에서 호출하는 곳 없음 / 해당 basePath 를 부르는 프론트 호출이 한 건도 없음 / 상속 전개 엔드포인트(inherited(TreeAbstractController))
(호출 메뉴 없음) /arms/jiraIssueResolution,BE→호출없음,상속(TreeAbstractController),/arms/jiraIssueResolution/send-message,(호출 없음),GET,,,JiraIssueResolutionController,프론트 호출 없음,Frontend-Web 에서 호출하는 곳 없음 / 해당 basePath 를 부르는 프론트 호출이 한 건도 없음 / 상속 전개 엔드포인트(inherited(TreeAbstractController))
(호출 메뉴 없음) /arms/jiraIssueResolution,BE→호출없음,상속(TreeAbstractController),/arms/jiraIssueResolution/updateNode.do,(호출 없음),PUT,,,JiraIssueResolutionController,프론트 호출 없음,Frontend-Web 에서 호출하는 곳 없음 / 해당 basePath 를 부르는 프론트 호출이 한 건도 없음 / 상속 전개 엔드포인트(inherited(TreeAbstractController))
(호출 메뉴 없음) /arms/jiraIssueResolutionLog,BE→호출없음,상속(TreeAbstractController),/arms/jiraIssueResolutionLog/addNode.do,(호출 없음),POST,,,JiraIssueResolutionLogController,프론트 호출 없음,Frontend-Web 에서 호출하는 곳 없음 / 해당 basePath 를 부르는 프론트 호출이 한 건도 없음 / 상속 전개 엔드포인트(inherited(TreeAbstractController))
(호출 메뉴 없음) /arms/jiraIssueResolutionLog,BE→호출없음,상속(TreeAbstractController),/arms/jiraIssueResolutionLog/alterNode.do,(호출 없음),PUT,,,JiraIssueResolutionLogController,프론트 호출 없음,Frontend-Web 에서 호출하는 곳 없음 / 해당 basePath 를 부르는 프론트 호출이 한 건도 없음 / 상속 전개 엔드포인트(inherited(TreeAbstractController))
(호출 메뉴 없음) /arms/jiraIssueResolutionLog,BE→호출없음,상속(TreeAbstractController),/arms/jiraIssueResolutionLog/alterNodeType.do,(호출 없음),PUT,,,JiraIssueResolutionLogController,프론트 호출 없음,Frontend-Web 에서 호출하는 곳 없음 / 해당 basePath 를 부르는 프론트 호출이 한 건도 없음 / 상속 전개 엔드포인트(inherited(TreeAbstractController))
(호출 메뉴 없음) /arms/jiraIssueResolutionLog,BE→호출없음,상속(TreeAbstractController),/arms/jiraIssueResolutionLog/analyzeNode.do,(호출 없음),GET,,,JiraIssueResolutionLogController,프론트 호출 없음,Frontend-Web 에서 호출하는 곳 없음 / 해당 basePath 를 부르는 프론트 호출이 한 건도 없음 / 상속 전개 엔드포인트(inherited(TreeAbstractController))
(호출 메뉴 없음) /arms/jiraIssueResolutionLog,BE→호출없음,상속(TreeAbstractController),/arms/jiraIssueResolutionLog/getChildNode.do,(호출 없음),GET,,,JiraIssueResolutionLogController,프론트 호출 없음,Frontend-Web 에서 호출하는 곳 없음 / 해당 basePath 를 부르는 프론트 호출이 한 건도 없음 / 상속 전개 엔드포인트(inherited(TreeAbstractController))
(호출 메뉴 없음) /arms/jiraIssueResolutionLog,BE→호출없음,상속(TreeAbstractController),/arms/jiraIssueResolutionLog/getMonitor.do,(호출 없음),GET,,,JiraIssueResolutionLogController,프론트 호출 없음,Frontend-Web 에서 호출하는 곳 없음 / 해당 basePath 를 부르는 프론트 호출이 한 건도 없음 / 상속 전개 엔드포인트(inherited(TreeAbstractController))
(호출 메뉴 없음) /arms/jiraIssueResolutionLog,BE→호출없음,상속(TreeAbstractController),/arms/jiraIssueResolutionLog/getNode.do,(호출 없음),GET,,,JiraIssueResolutionLogController,프론트 호출 없음,Frontend-Web 에서 호출하는 곳 없음 / 해당 basePath 를 부르는 프론트 호출이 한 건도 없음 / 상속 전개 엔드포인트(inherited(TreeAbstractController))
(호출 메뉴 없음) /arms/jiraIssueResolutionLog,BE→호출없음,상속(TreeAbstractController),/arms/jiraIssueResolutionLog/getNodesWithoutRoot.do,(호출 없음),GET,,,JiraIssueResolutionLogController,프론트 호출 없음,Frontend-Web 에서 호출하는 곳 없음 / 해당 basePath 를 부르는 프론트 호출이 한 건도 없음 / 상속 전개 엔드포인트(inherited(TreeAbstractController))
(호출 메뉴 없음) /arms/jiraIssueResolutionLog,BE→호출없음,상속(TreeAbstractController),/arms/jiraIssueResolutionLog/getPaginatedChildNode.do,(호출 없음),GET,,,JiraIssueResolutionLogController,프론트 호출 없음,Frontend-Web 에서 호출하는 곳 없음 / 해당 basePath 를 부르는 프론트 호출이 한 건도 없음 / 상속 전개 엔드포인트(inherited(TreeAbstractController))
(호출 메뉴 없음) /arms/jiraIssueResolutionLog,BE→호출없음,상속(TreeAbstractController),/arms/jiraIssueResolutionLog/moveNode.do,(호출 없음),POST,,,JiraIssueResolutionLogController,프론트 호출 없음,Frontend-Web 에서 호출하는 곳 없음 / 해당 basePath 를 부르는 프론트 호출이 한 건도 없음 / 상속 전개 엔드포인트(inherited(TreeAbstractController))
(호출 메뉴 없음) /arms/jiraIssueResolutionLog,BE→호출없음,상속(TreeAbstractController),/arms/jiraIssueResolutionLog/removeNode.do,(호출 없음),DELETE,,,JiraIssueResolutionLogController,프론트 호출 없음,Frontend-Web 에서 호출하는 곳 없음 / 해당 basePath 를 부르는 프론트 호출이 한 건도 없음 / 상속 전개 엔드포인트(inherited(TreeAbstractController))
(호출 메뉴 없음) /arms/jiraIssueResolutionLog,BE→호출없음,상속(TreeAbstractController),/arms/jiraIssueResolutionLog/searchNode.do,(호출 없음),GET,,,JiraIssueResolutionLogController,프론트 호출 없음,Frontend-Web 에서 호출하는 곳 없음 / 해당 basePath 를 부르는 프론트 호출이 한 건도 없음 / 상속 전개 엔드포인트(inherited(TreeAbstractController))
(호출 메뉴 없음) /arms/jiraIssueResolutionLog,BE→호출없음,상속(TreeAbstractController),/arms/jiraIssueResolutionLog/send-message,(호출 없음),GET,,,JiraIssueResolutionLogController,프론트 호출 없음,Frontend-Web 에서 호출하는 곳 없음 / 해당 basePath 를 부르는 프론트 호출이 한 건도 없음 / 상속 전개 엔드포인트(inherited(TreeAbstractController))
(호출 메뉴 없음) /arms/jiraIssueResolutionLog,BE→호출없음,상속(TreeAbstractController),/arms/jiraIssueResolutionLog/updateNode.do,(호출 없음),PUT,,,JiraIssueResolutionLogController,프론트 호출 없음,Frontend-Web 에서 호출하는 곳 없음 / 해당 basePath 를 부르는 프론트 호출이 한 건도 없음 / 상속 전개 엔드포인트(inherited(TreeAbstractController))
(호출 메뉴 없음) /arms/jiraIssueStatusCategoryMap,BE→호출없음,상속(TreeAbstractController),/arms/jiraIssueStatusCategoryMap/addNode.do,(호출 없음),POST,,,JiraIssueStatusCategoryMapController,프론트 호출 없음,Frontend-Web 에서 호출하는 곳 없음 / 해당 basePath 를 부르는 프론트 호출이 한 건도 없음 / 상속 전개 엔드포인트(inherited(TreeAbstractController))
(호출 메뉴 없음) /arms/jiraIssueStatusCategoryMap,BE→호출없음,상속(TreeAbstractController),/arms/jiraIssueStatusCategoryMap/alterNode.do,(호출 없음),PUT,,,JiraIssueStatusCategoryMapController,프론트 호출 없음,Frontend-Web 에서 호출하는 곳 없음 / 해당 basePath 를 부르는 프론트 호출이 한 건도 없음 / 상속 전개 엔드포인트(inherited(TreeAbstractController))
(호출 메뉴 없음) /arms/jiraIssueStatusCategoryMap,BE→호출없음,상속(TreeAbstractController),/arms/jiraIssueStatusCategoryMap/alterNodeType.do,(호출 없음),PUT,,,JiraIssueStatusCategoryMapController,프론트 호출 없음,Frontend-Web 에서 호출하는 곳 없음 / 해당 basePath 를 부르는 프론트 호출이 한 건도 없음 / 상속 전개 엔드포인트(inherited(TreeAbstractController))
(호출 메뉴 없음) /arms/jiraIssueStatusCategoryMap,BE→호출없음,상속(TreeAbstractController),/arms/jiraIssueStatusCategoryMap/analyzeNode.do,(호출 없음),GET,,,JiraIssueStatusCategoryMapController,프론트 호출 없음,Frontend-Web 에서 호출하는 곳 없음 / 해당 basePath 를 부르는 프론트 호출이 한 건도 없음 / 상속 전개 엔드포인트(inherited(TreeAbstractController))
(호출 메뉴 없음) /arms/jiraIssueStatusCategoryMap,BE→호출없음,상속(TreeAbstractController),/arms/jiraIssueStatusCategoryMap/getChildNode.do,(호출 없음),GET,,,JiraIssueStatusCategoryMapController,프론트 호출 없음,Frontend-Web 에서 호출하는 곳 없음 / 해당 basePath 를 부르는 프론트 호출이 한 건도 없음 / 상속 전개 엔드포인트(inherited(TreeAbstractController))
(호출 메뉴 없음) /arms/jiraIssueStatusCategoryMap,BE→호출없음,상속(TreeAbstractController),/arms/jiraIssueStatusCategoryMap/getMonitor.do,(호출 없음),GET,,,JiraIssueStatusCategoryMapController,프론트 호출 없음,Frontend-Web 에서 호출하는 곳 없음 / 해당 basePath 를 부르는 프론트 호출이 한 건도 없음 / 상속 전개 엔드포인트(inherited(TreeAbstractController))
(호출 메뉴 없음) /arms/jiraIssueStatusCategoryMap,BE→호출없음,상속(TreeAbstractController),/arms/jiraIssueStatusCategoryMap/getNode.do,(호출 없음),GET,,,JiraIssueStatusCategoryMapController,프론트 호출 없음,Frontend-Web 에서 호출하는 곳 없음 / 해당 basePath 를 부르는 프론트 호출이 한 건도 없음 / 상속 전개 엔드포인트(inherited(TreeAbstractController))
(호출 메뉴 없음) /arms/jiraIssueStatusCategoryMap,BE→호출없음,상속(TreeAbstractController),/arms/jiraIssueStatusCategoryMap/getNodesWithoutRoot.do,(호출 없음),GET,,,JiraIssueStatusCategoryMapController,프론트 호출 없음,Frontend-Web 에서 호출하는 곳 없음 / 해당 basePath 를 부르는 프론트 호출이 한 건도 없음 / 상속 전개 엔드포인트(inherited(TreeAbstractController))
(호출 메뉴 없음) /arms/jiraIssueStatusCategoryMap,BE→호출없음,상속(TreeAbstractController),/arms/jiraIssueStatusCategoryMap/getPaginatedChildNode.do,(호출 없음),GET,,,JiraIssueStatusCategoryMapController,프론트 호출 없음,Frontend-Web 에서 호출하는 곳 없음 / 해당 basePath 를 부르는 프론트 호출이 한 건도 없음 / 상속 전개 엔드포인트(inherited(TreeAbstractController))
(호출 메뉴 없음) /arms/jiraIssueStatusCategoryMap,BE→호출없음,상속(TreeAbstractController),/arms/jiraIssueStatusCategoryMap/moveNode.do,(호출 없음),POST,,,JiraIssueStatusCategoryMapController,프론트 호출 없음,Frontend-Web 에서 호출하는 곳 없음 / 해당 basePath 를 부르는 프론트 호출이 한 건도 없음 / 상속 전개 엔드포인트(inherited(TreeAbstractController))
(호출 메뉴 없음) /arms/jiraIssueStatusCategoryMap,BE→호출없음,상속(TreeAbstractController),/arms/jiraIssueStatusCategoryMap/removeNode.do,(호출 없음),DELETE,,,JiraIssueStatusCategoryMapController,프론트 호출 없음,Frontend-Web 에서 호출하는 곳 없음 / 해당 basePath 를 부르는 프론트 호출이 한 건도 없음 / 상속 전개 엔드포인트(inherited(TreeAbstractController))
(호출 메뉴 없음) /arms/jiraIssueStatusCategoryMap,BE→호출없음,상속(TreeAbstractController),/arms/jiraIssueStatusCategoryMap/searchNode.do,(호출 없음),GET,,,JiraIssueStatusCategoryMapController,프론트 호출 없음,Frontend-Web 에서 호출하는 곳 없음 / 해당 basePath 를 부르는 프론트 호출이 한 건도 없음 / 상속 전개 엔드포인트(inherited(TreeAbstractController))
(호출 메뉴 없음) /arms/jiraIssueStatusCategoryMap,BE→호출없음,상속(TreeAbstractController),/arms/jiraIssueStatusCategoryMap/send-message,(호출 없음),GET,,,JiraIssueStatusCategoryMapController,프론트 호출 없음,Frontend-Web 에서 호출하는 곳 없음 / 해당 basePath 를 부르는 프론트 호출이 한 건도 없음 / 상속 전개 엔드포인트(inherited(TreeAbstractController))
(호출 메뉴 없음) /arms/jiraIssueStatusCategoryMap,BE→호출없음,상속(TreeAbstractController),/arms/jiraIssueStatusCategoryMap/updateNode.do,(호출 없음),PUT,,,JiraIssueStatusCategoryMapController,프론트 호출 없음,Frontend-Web 에서 호출하는 곳 없음 / 해당 basePath 를 부르는 프론트 호출이 한 건도 없음 / 상속 전개 엔드포인트(inherited(TreeAbstractController))
(호출 메뉴 없음) /arms/jiraIssueStatusLog,BE→호출없음,상속(TreeAbstractController),/arms/jiraIssueStatusLog/addNode.do,(호출 없음),POST,,,JiraIssueStatusLogController,프론트 호출 없음,Frontend-Web 에서 호출하는 곳 없음 / 해당 basePath 를 부르는 프론트 호출이 한 건도 없음 / 상속 전개 엔드포인트(inherited(TreeAbstractController))
(호출 메뉴 없음) /arms/jiraIssueStatusLog,BE→호출없음,상속(TreeAbstractController),/arms/jiraIssueStatusLog/alterNode.do,(호출 없음),PUT,,,JiraIssueStatusLogController,프론트 호출 없음,Frontend-Web 에서 호출하는 곳 없음 / 해당 basePath 를 부르는 프론트 호출이 한 건도 없음 / 상속 전개 엔드포인트(inherited(TreeAbstractController))
(호출 메뉴 없음) /arms/jiraIssueStatusLog,BE→호출없음,상속(TreeAbstractController),/arms/jiraIssueStatusLog/alterNodeType.do,(호출 없음),PUT,,,JiraIssueStatusLogController,프론트 호출 없음,Frontend-Web 에서 호출하는 곳 없음 / 해당 basePath 를 부르는 프론트 호출이 한 건도 없음 / 상속 전개 엔드포인트(inherited(TreeAbstractController))
(호출 메뉴 없음) /arms/jiraIssueStatusLog,BE→호출없음,상속(TreeAbstractController),/arms/jiraIssueStatusLog/analyzeNode.do,(호출 없음),GET,,,JiraIssueStatusLogController,프론트 호출 없음,Frontend-Web 에서 호출하는 곳 없음 / 해당 basePath 를 부르는 프론트 호출이 한 건도 없음 / 상속 전개 엔드포인트(inherited(TreeAbstractController))
(호출 메뉴 없음) /arms/jiraIssueStatusLog,BE→호출없음,상속(TreeAbstractController),/arms/jiraIssueStatusLog/getChildNode.do,(호출 없음),GET,,,JiraIssueStatusLogController,프론트 호출 없음,Frontend-Web 에서 호출하는 곳 없음 / 해당 basePath 를 부르는 프론트 호출이 한 건도 없음 / 상속 전개 엔드포인트(inherited(TreeAbstractController))
(호출 메뉴 없음) /arms/jiraIssueStatusLog,BE→호출없음,상속(TreeAbstractController),/arms/jiraIssueStatusLog/getMonitor.do,(호출 없음),GET,,,JiraIssueStatusLogController,프론트 호출 없음,Frontend-Web 에서 호출하는 곳 없음 / 해당 basePath 를 부르는 프론트 호출이 한 건도 없음 / 상속 전개 엔드포인트(inherited(TreeAbstractController))
(호출 메뉴 없음) /arms/jiraIssueStatusLog,BE→호출없음,상속(TreeAbstractController),/arms/jiraIssueStatusLog/getNode.do,(호출 없음),GET,,,JiraIssueStatusLogController,프론트 호출 없음,Frontend-Web 에서 호출하는 곳 없음 / 해당 basePath 를 부르는 프론트 호출이 한 건도 없음 / 상속 전개 엔드포인트(inherited(TreeAbstractController))
(호출 메뉴 없음) /arms/jiraIssueStatusLog,BE→호출없음,상속(TreeAbstractController),/arms/jiraIssueStatusLog/getNodesWithoutRoot.do,(호출 없음),GET,,,JiraIssueStatusLogController,프론트 호출 없음,Frontend-Web 에서 호출하는 곳 없음 / 해당 basePath 를 부르는 프론트 호출이 한 건도 없음 / 상속 전개 엔드포인트(inherited(TreeAbstractController))
(호출 메뉴 없음) /arms/jiraIssueStatusLog,BE→호출없음,상속(TreeAbstractController),/arms/jiraIssueStatusLog/getPaginatedChildNode.do,(호출 없음),GET,,,JiraIssueStatusLogController,프론트 호출 없음,Frontend-Web 에서 호출하는 곳 없음 / 해당 basePath 를 부르는 프론트 호출이 한 건도 없음 / 상속 전개 엔드포인트(inherited(TreeAbstractController))
(호출 메뉴 없음) /arms/jiraIssueStatusLog,BE→호출없음,상속(TreeAbstractController),/arms/jiraIssueStatusLog/moveNode.do,(호출 없음),POST,,,JiraIssueStatusLogController,프론트 호출 없음,Frontend-Web 에서 호출하는 곳 없음 / 해당 basePath 를 부르는 프론트 호출이 한 건도 없음 / 상속 전개 엔드포인트(inherited(TreeAbstractController))
(호출 메뉴 없음) /arms/jiraIssueStatusLog,BE→호출없음,상속(TreeAbstractController),/arms/jiraIssueStatusLog/removeNode.do,(호출 없음),DELETE,,,JiraIssueStatusLogController,프론트 호출 없음,Frontend-Web 에서 호출하는 곳 없음 / 해당 basePath 를 부르는 프론트 호출이 한 건도 없음 / 상속 전개 엔드포인트(inherited(TreeAbstractController))
(호출 메뉴 없음) /arms/jiraIssueStatusLog,BE→호출없음,상속(TreeAbstractController),/arms/jiraIssueStatusLog/searchNode.do,(호출 없음),GET,,,JiraIssueStatusLogController,프론트 호출 없음,Frontend-Web 에서 호출하는 곳 없음 / 해당 basePath 를 부르는 프론트 호출이 한 건도 없음 / 상속 전개 엔드포인트(inherited(TreeAbstractController))
(호출 메뉴 없음) /arms/jiraIssueStatusLog,BE→호출없음,상속(TreeAbstractController),/arms/jiraIssueStatusLog/send-message,(호출 없음),GET,,,JiraIssueStatusLogController,프론트 호출 없음,Frontend-Web 에서 호출하는 곳 없음 / 해당 basePath 를 부르는 프론트 호출이 한 건도 없음 / 상속 전개 엔드포인트(inherited(TreeAbstractController))
(호출 메뉴 없음) /arms/jiraIssueStatusLog,BE→호출없음,상속(TreeAbstractController),/arms/jiraIssueStatusLog/updateNode.do,(호출 없음),PUT,,,JiraIssueStatusLogController,프론트 호출 없음,Frontend-Web 에서 호출하는 곳 없음 / 해당 basePath 를 부르는 프론트 호출이 한 건도 없음 / 상속 전개 엔드포인트(inherited(TreeAbstractController))
(호출 메뉴 없음) /arms/jiraIssueTypeLog,BE→호출없음,상속(TreeAbstractController),/arms/jiraIssueTypeLog/addNode.do,(호출 없음),POST,,,JiraIssueTypeLogController,프론트 호출 없음,Frontend-Web 에서 호출하는 곳 없음 / 해당 basePath 를 부르는 프론트 호출이 한 건도 없음 / 상속 전개 엔드포인트(inherited(TreeAbstractController))
(호출 메뉴 없음) /arms/jiraIssueTypeLog,BE→호출없음,상속(TreeAbstractController),/arms/jiraIssueTypeLog/alterNode.do,(호출 없음),PUT,,,JiraIssueTypeLogController,프론트 호출 없음,Frontend-Web 에서 호출하는 곳 없음 / 해당 basePath 를 부르는 프론트 호출이 한 건도 없음 / 상속 전개 엔드포인트(inherited(TreeAbstractController))
(호출 메뉴 없음) /arms/jiraIssueTypeLog,BE→호출없음,상속(TreeAbstractController),/arms/jiraIssueTypeLog/alterNodeType.do,(호출 없음),PUT,,,JiraIssueTypeLogController,프론트 호출 없음,Frontend-Web 에서 호출하는 곳 없음 / 해당 basePath 를 부르는 프론트 호출이 한 건도 없음 / 상속 전개 엔드포인트(inherited(TreeAbstractController))
(호출 메뉴 없음) /arms/jiraIssueTypeLog,BE→호출없음,상속(TreeAbstractController),/arms/jiraIssueTypeLog/analyzeNode.do,(호출 없음),GET,,,JiraIssueTypeLogController,프론트 호출 없음,Frontend-Web 에서 호출하는 곳 없음 / 해당 basePath 를 부르는 프론트 호출이 한 건도 없음 / 상속 전개 엔드포인트(inherited(TreeAbstractController))
(호출 메뉴 없음) /arms/jiraIssueTypeLog,BE→호출없음,상속(TreeAbstractController),/arms/jiraIssueTypeLog/getChildNode.do,(호출 없음),GET,,,JiraIssueTypeLogController,프론트 호출 없음,Frontend-Web 에서 호출하는 곳 없음 / 해당 basePath 를 부르는 프론트 호출이 한 건도 없음 / 상속 전개 엔드포인트(inherited(TreeAbstractController))
(호출 메뉴 없음) /arms/jiraIssueTypeLog,BE→호출없음,상속(TreeAbstractController),/arms/jiraIssueTypeLog/getMonitor.do,(호출 없음),GET,,,JiraIssueTypeLogController,프론트 호출 없음,Frontend-Web 에서 호출하는 곳 없음 / 해당 basePath 를 부르는 프론트 호출이 한 건도 없음 / 상속 전개 엔드포인트(inherited(TreeAbstractController))
(호출 메뉴 없음) /arms/jiraIssueTypeLog,BE→호출없음,상속(TreeAbstractController),/arms/jiraIssueTypeLog/getNode.do,(호출 없음),GET,,,JiraIssueTypeLogController,프론트 호출 없음,Frontend-Web 에서 호출하는 곳 없음 / 해당 basePath 를 부르는 프론트 호출이 한 건도 없음 / 상속 전개 엔드포인트(inherited(TreeAbstractController))
(호출 메뉴 없음) /arms/jiraIssueTypeLog,BE→호출없음,상속(TreeAbstractController),/arms/jiraIssueTypeLog/getNodesWithoutRoot.do,(호출 없음),GET,,,JiraIssueTypeLogController,프론트 호출 없음,Frontend-Web 에서 호출하는 곳 없음 / 해당 basePath 를 부르는 프론트 호출이 한 건도 없음 / 상속 전개 엔드포인트(inherited(TreeAbstractController))
(호출 메뉴 없음) /arms/jiraIssueTypeLog,BE→호출없음,상속(TreeAbstractController),/arms/jiraIssueTypeLog/getPaginatedChildNode.do,(호출 없음),GET,,,JiraIssueTypeLogController,프론트 호출 없음,Frontend-Web 에서 호출하는 곳 없음 / 해당 basePath 를 부르는 프론트 호출이 한 건도 없음 / 상속 전개 엔드포인트(inherited(TreeAbstractController))
(호출 메뉴 없음) /arms/jiraIssueTypeLog,BE→호출없음,상속(TreeAbstractController),/arms/jiraIssueTypeLog/moveNode.do,(호출 없음),POST,,,JiraIssueTypeLogController,프론트 호출 없음,Frontend-Web 에서 호출하는 곳 없음 / 해당 basePath 를 부르는 프론트 호출이 한 건도 없음 / 상속 전개 엔드포인트(inherited(TreeAbstractController))
(호출 메뉴 없음) /arms/jiraIssueTypeLog,BE→호출없음,상속(TreeAbstractController),/arms/jiraIssueTypeLog/removeNode.do,(호출 없음),DELETE,,,JiraIssueTypeLogController,프론트 호출 없음,Frontend-Web 에서 호출하는 곳 없음 / 해당 basePath 를 부르는 프론트 호출이 한 건도 없음 / 상속 전개 엔드포인트(inherited(TreeAbstractController))
(호출 메뉴 없음) /arms/jiraIssueTypeLog,BE→호출없음,상속(TreeAbstractController),/arms/jiraIssueTypeLog/searchNode.do,(호출 없음),GET,,,JiraIssueTypeLogController,프론트 호출 없음,Frontend-Web 에서 호출하는 곳 없음 / 해당 basePath 를 부르는 프론트 호출이 한 건도 없음 / 상속 전개 엔드포인트(inherited(TreeAbstractController))
(호출 메뉴 없음) /arms/jiraIssueTypeLog,BE→호출없음,상속(TreeAbstractController),/arms/jiraIssueTypeLog/send-message,(호출 없음),GET,,,JiraIssueTypeLogController,프론트 호출 없음,Frontend-Web 에서 호출하는 곳 없음 / 해당 basePath 를 부르는 프론트 호출이 한 건도 없음 / 상속 전개 엔드포인트(inherited(TreeAbstractController))
(호출 메뉴 없음) /arms/jiraIssueTypeLog,BE→호출없음,상속(TreeAbstractController),/arms/jiraIssueTypeLog/updateNode.do,(호출 없음),PUT,,,JiraIssueTypeLogController,프론트 호출 없음,Frontend-Web 에서 호출하는 곳 없음 / 해당 basePath 를 부르는 프론트 호출이 한 건도 없음 / 상속 전개 엔드포인트(inherited(TreeAbstractController))
(호출 메뉴 없음) /arms/jiraProjectIssueTypePure,BE→호출없음,상속(TreeAbstractController),/arms/jiraProjectIssueTypePure/addNode.do,(호출 없음),POST,,,JiraProjectIssueTypePureController,프론트 호출 없음,Frontend-Web 에서 호출하는 곳 없음 / 해당 basePath 를 부르는 프론트 호출이 한 건도 없음 / 상속 전개 엔드포인트(inherited(TreeAbstractController))
(호출 메뉴 없음) /arms/jiraProjectIssueTypePure,BE→호출없음,상속(TreeAbstractController),/arms/jiraProjectIssueTypePure/alterNode.do,(호출 없음),PUT,,,JiraProjectIssueTypePureController,프론트 호출 없음,Frontend-Web 에서 호출하는 곳 없음 / 해당 basePath 를 부르는 프론트 호출이 한 건도 없음 / 상속 전개 엔드포인트(inherited(TreeAbstractController))
(호출 메뉴 없음) /arms/jiraProjectIssueTypePure,BE→호출없음,상속(TreeAbstractController),/arms/jiraProjectIssueTypePure/alterNodeType.do,(호출 없음),PUT,,,JiraProjectIssueTypePureController,프론트 호출 없음,Frontend-Web 에서 호출하는 곳 없음 / 해당 basePath 를 부르는 프론트 호출이 한 건도 없음 / 상속 전개 엔드포인트(inherited(TreeAbstractController))
(호출 메뉴 없음) /arms/jiraProjectIssueTypePure,BE→호출없음,상속(TreeAbstractController),/arms/jiraProjectIssueTypePure/analyzeNode.do,(호출 없음),GET,,,JiraProjectIssueTypePureController,프론트 호출 없음,Frontend-Web 에서 호출하는 곳 없음 / 해당 basePath 를 부르는 프론트 호출이 한 건도 없음 / 상속 전개 엔드포인트(inherited(TreeAbstractController))
(호출 메뉴 없음) /arms/jiraProjectIssueTypePure,BE→호출없음,상속(TreeAbstractController),/arms/jiraProjectIssueTypePure/getChildNode.do,(호출 없음),GET,,,JiraProjectIssueTypePureController,프론트 호출 없음,Frontend-Web 에서 호출하는 곳 없음 / 해당 basePath 를 부르는 프론트 호출이 한 건도 없음 / 상속 전개 엔드포인트(inherited(TreeAbstractController))
(호출 메뉴 없음) /arms/jiraProjectIssueTypePure,BE→호출없음,상속(TreeAbstractController),/arms/jiraProjectIssueTypePure/getMonitor.do,(호출 없음),GET,,,JiraProjectIssueTypePureController,프론트 호출 없음,Frontend-Web 에서 호출하는 곳 없음 / 해당 basePath 를 부르는 프론트 호출이 한 건도 없음 / 상속 전개 엔드포인트(inherited(TreeAbstractController))
(호출 메뉴 없음) /arms/jiraProjectIssueTypePure,BE→호출없음,상속(TreeAbstractController),/arms/jiraProjectIssueTypePure/getNode.do,(호출 없음),GET,,,JiraProjectIssueTypePureController,프론트 호출 없음,Frontend-Web 에서 호출하는 곳 없음 / 해당 basePath 를 부르는 프론트 호출이 한 건도 없음 / 상속 전개 엔드포인트(inherited(TreeAbstractController))
(호출 메뉴 없음) /arms/jiraProjectIssueTypePure,BE→호출없음,상속(TreeAbstractController),/arms/jiraProjectIssueTypePure/getNodesWithoutRoot.do,(호출 없음),GET,,,JiraProjectIssueTypePureController,프론트 호출 없음,Frontend-Web 에서 호출하는 곳 없음 / 해당 basePath 를 부르는 프론트 호출이 한 건도 없음 / 상속 전개 엔드포인트(inherited(TreeAbstractController))
(호출 메뉴 없음) /arms/jiraProjectIssueTypePure,BE→호출없음,상속(TreeAbstractController),/arms/jiraProjectIssueTypePure/getPaginatedChildNode.do,(호출 없음),GET,,,JiraProjectIssueTypePureController,프론트 호출 없음,Frontend-Web 에서 호출하는 곳 없음 / 해당 basePath 를 부르는 프론트 호출이 한 건도 없음 / 상속 전개 엔드포인트(inherited(TreeAbstractController))
(호출 메뉴 없음) /arms/jiraProjectIssueTypePure,BE→호출없음,상속(TreeAbstractController),/arms/jiraProjectIssueTypePure/moveNode.do,(호출 없음),POST,,,JiraProjectIssueTypePureController,프론트 호출 없음,Frontend-Web 에서 호출하는 곳 없음 / 해당 basePath 를 부르는 프론트 호출이 한 건도 없음 / 상속 전개 엔드포인트(inherited(TreeAbstractController))
(호출 메뉴 없음) /arms/jiraProjectIssueTypePure,BE→호출없음,상속(TreeAbstractController),/arms/jiraProjectIssueTypePure/removeNode.do,(호출 없음),DELETE,,,JiraProjectIssueTypePureController,프론트 호출 없음,Frontend-Web 에서 호출하는 곳 없음 / 해당 basePath 를 부르는 프론트 호출이 한 건도 없음 / 상속 전개 엔드포인트(inherited(TreeAbstractController))
(호출 메뉴 없음) /arms/jiraProjectIssueTypePure,BE→호출없음,상속(TreeAbstractController),/arms/jiraProjectIssueTypePure/searchNode.do,(호출 없음),GET,,,JiraProjectIssueTypePureController,프론트 호출 없음,Frontend-Web 에서 호출하는 곳 없음 / 해당 basePath 를 부르는 프론트 호출이 한 건도 없음 / 상속 전개 엔드포인트(inherited(TreeAbstractController))
(호출 메뉴 없음) /arms/jiraProjectIssueTypePure,BE→호출없음,상속(TreeAbstractController),/arms/jiraProjectIssueTypePure/send-message,(호출 없음),GET,,,JiraProjectIssueTypePureController,프론트 호출 없음,Frontend-Web 에서 호출하는 곳 없음 / 해당 basePath 를 부르는 프론트 호출이 한 건도 없음 / 상속 전개 엔드포인트(inherited(TreeAbstractController))
(호출 메뉴 없음) /arms/jiraProjectIssueTypePure,BE→호출없음,상속(TreeAbstractController),/arms/jiraProjectIssueTypePure/updateNode.do,(호출 없음),PUT,,,JiraProjectIssueTypePureController,프론트 호출 없음,Frontend-Web 에서 호출하는 곳 없음 / 해당 basePath 를 부르는 프론트 호출이 한 건도 없음 / 상속 전개 엔드포인트(inherited(TreeAbstractController))
(호출 메뉴 없음) /arms/jiraProjectLog,BE→호출없음,상속(TreeAbstractController),/arms/jiraProjectLog/addNode.do,(호출 없음),POST,,,JiraProjectLogController,프론트 호출 없음,Frontend-Web 에서 호출하는 곳 없음 / 해당 basePath 를 부르는 프론트 호출이 한 건도 없음 / 상속 전개 엔드포인트(inherited(TreeAbstractController))
(호출 메뉴 없음) /arms/jiraProjectLog,BE→호출없음,상속(TreeAbstractController),/arms/jiraProjectLog/alterNode.do,(호출 없음),PUT,,,JiraProjectLogController,프론트 호출 없음,Frontend-Web 에서 호출하는 곳 없음 / 해당 basePath 를 부르는 프론트 호출이 한 건도 없음 / 상속 전개 엔드포인트(inherited(TreeAbstractController))
(호출 메뉴 없음) /arms/jiraProjectLog,BE→호출없음,상속(TreeAbstractController),/arms/jiraProjectLog/alterNodeType.do,(호출 없음),PUT,,,JiraProjectLogController,프론트 호출 없음,Frontend-Web 에서 호출하는 곳 없음 / 해당 basePath 를 부르는 프론트 호출이 한 건도 없음 / 상속 전개 엔드포인트(inherited(TreeAbstractController))
(호출 메뉴 없음) /arms/jiraProjectLog,BE→호출없음,상속(TreeAbstractController),/arms/jiraProjectLog/analyzeNode.do,(호출 없음),GET,,,JiraProjectLogController,프론트 호출 없음,Frontend-Web 에서 호출하는 곳 없음 / 해당 basePath 를 부르는 프론트 호출이 한 건도 없음 / 상속 전개 엔드포인트(inherited(TreeAbstractController))
(호출 메뉴 없음) /arms/jiraProjectLog,BE→호출없음,상속(TreeAbstractController),/arms/jiraProjectLog/getChildNode.do,(호출 없음),GET,,,JiraProjectLogController,프론트 호출 없음,Frontend-Web 에서 호출하는 곳 없음 / 해당 basePath 를 부르는 프론트 호출이 한 건도 없음 / 상속 전개 엔드포인트(inherited(TreeAbstractController))
(호출 메뉴 없음) /arms/jiraProjectLog,BE→호출없음,상속(TreeAbstractController),/arms/jiraProjectLog/getMonitor.do,(호출 없음),GET,,,JiraProjectLogController,프론트 호출 없음,Frontend-Web 에서 호출하는 곳 없음 / 해당 basePath 를 부르는 프론트 호출이 한 건도 없음 / 상속 전개 엔드포인트(inherited(TreeAbstractController))
(호출 메뉴 없음) /arms/jiraProjectLog,BE→호출없음,상속(TreeAbstractController),/arms/jiraProjectLog/getNode.do,(호출 없음),GET,,,JiraProjectLogController,프론트 호출 없음,Frontend-Web 에서 호출하는 곳 없음 / 해당 basePath 를 부르는 프론트 호출이 한 건도 없음 / 상속 전개 엔드포인트(inherited(TreeAbstractController))
(호출 메뉴 없음) /arms/jiraProjectLog,BE→호출없음,상속(TreeAbstractController),/arms/jiraProjectLog/getNodesWithoutRoot.do,(호출 없음),GET,,,JiraProjectLogController,프론트 호출 없음,Frontend-Web 에서 호출하는 곳 없음 / 해당 basePath 를 부르는 프론트 호출이 한 건도 없음 / 상속 전개 엔드포인트(inherited(TreeAbstractController))
(호출 메뉴 없음) /arms/jiraProjectLog,BE→호출없음,상속(TreeAbstractController),/arms/jiraProjectLog/getPaginatedChildNode.do,(호출 없음),GET,,,JiraProjectLogController,프론트 호출 없음,Frontend-Web 에서 호출하는 곳 없음 / 해당 basePath 를 부르는 프론트 호출이 한 건도 없음 / 상속 전개 엔드포인트(inherited(TreeAbstractController))
(호출 메뉴 없음) /arms/jiraProjectLog,BE→호출없음,상속(TreeAbstractController),/arms/jiraProjectLog/moveNode.do,(호출 없음),POST,,,JiraProjectLogController,프론트 호출 없음,Frontend-Web 에서 호출하는 곳 없음 / 해당 basePath 를 부르는 프론트 호출이 한 건도 없음 / 상속 전개 엔드포인트(inherited(TreeAbstractController))
(호출 메뉴 없음) /arms/jiraProjectLog,BE→호출없음,상속(TreeAbstractController),/arms/jiraProjectLog/removeNode.do,(호출 없음),DELETE,,,JiraProjectLogController,프론트 호출 없음,Frontend-Web 에서 호출하는 곳 없음 / 해당 basePath 를 부르는 프론트 호출이 한 건도 없음 / 상속 전개 엔드포인트(inherited(TreeAbstractController))
(호출 메뉴 없음) /arms/jiraProjectLog,BE→호출없음,상속(TreeAbstractController),/arms/jiraProjectLog/searchNode.do,(호출 없음),GET,,,JiraProjectLogController,프론트 호출 없음,Frontend-Web 에서 호출하는 곳 없음 / 해당 basePath 를 부르는 프론트 호출이 한 건도 없음 / 상속 전개 엔드포인트(inherited(TreeAbstractController))
(호출 메뉴 없음) /arms/jiraProjectLog,BE→호출없음,상속(TreeAbstractController),/arms/jiraProjectLog/send-message,(호출 없음),GET,,,JiraProjectLogController,프론트 호출 없음,Frontend-Web 에서 호출하는 곳 없음 / 해당 basePath 를 부르는 프론트 호출이 한 건도 없음 / 상속 전개 엔드포인트(inherited(TreeAbstractController))
(호출 메뉴 없음) /arms/jiraProjectLog,BE→호출없음,상속(TreeAbstractController),/arms/jiraProjectLog/updateNode.do,(호출 없음),PUT,,,JiraProjectLogController,프론트 호출 없음,Frontend-Web 에서 호출하는 곳 없음 / 해당 basePath 를 부르는 프론트 호출이 한 건도 없음 / 상속 전개 엔드포인트(inherited(TreeAbstractController))
(호출 메뉴 없음) /arms/jiraServerLog,BE→호출없음,상속(TreeAbstractController),/arms/jiraServerLog/addNode.do,(호출 없음),POST,,,JiraServerLogController,프론트 호출 없음,Frontend-Web 에서 호출하는 곳 없음 / 해당 basePath 를 부르는 프론트 호출이 한 건도 없음 / 상속 전개 엔드포인트(inherited(TreeAbstractController))
(호출 메뉴 없음) /arms/jiraServerLog,BE→호출없음,상속(TreeAbstractController),/arms/jiraServerLog/alterNode.do,(호출 없음),PUT,,,JiraServerLogController,프론트 호출 없음,Frontend-Web 에서 호출하는 곳 없음 / 해당 basePath 를 부르는 프론트 호출이 한 건도 없음 / 상속 전개 엔드포인트(inherited(TreeAbstractController))
(호출 메뉴 없음) /arms/jiraServerLog,BE→호출없음,상속(TreeAbstractController),/arms/jiraServerLog/alterNodeType.do,(호출 없음),PUT,,,JiraServerLogController,프론트 호출 없음,Frontend-Web 에서 호출하는 곳 없음 / 해당 basePath 를 부르는 프론트 호출이 한 건도 없음 / 상속 전개 엔드포인트(inherited(TreeAbstractController))
(호출 메뉴 없음) /arms/jiraServerLog,BE→호출없음,상속(TreeAbstractController),/arms/jiraServerLog/analyzeNode.do,(호출 없음),GET,,,JiraServerLogController,프론트 호출 없음,Frontend-Web 에서 호출하는 곳 없음 / 해당 basePath 를 부르는 프론트 호출이 한 건도 없음 / 상속 전개 엔드포인트(inherited(TreeAbstractController))
(호출 메뉴 없음) /arms/jiraServerLog,BE→호출없음,상속(TreeAbstractController),/arms/jiraServerLog/getChildNode.do,(호출 없음),GET,,,JiraServerLogController,프론트 호출 없음,Frontend-Web 에서 호출하는 곳 없음 / 해당 basePath 를 부르는 프론트 호출이 한 건도 없음 / 상속 전개 엔드포인트(inherited(TreeAbstractController))
(호출 메뉴 없음) /arms/jiraServerLog,BE→호출없음,상속(TreeAbstractController),/arms/jiraServerLog/getMonitor.do,(호출 없음),GET,,,JiraServerLogController,프론트 호출 없음,Frontend-Web 에서 호출하는 곳 없음 / 해당 basePath 를 부르는 프론트 호출이 한 건도 없음 / 상속 전개 엔드포인트(inherited(TreeAbstractController))
(호출 메뉴 없음) /arms/jiraServerLog,BE→호출없음,상속(TreeAbstractController),/arms/jiraServerLog/getNode.do,(호출 없음),GET,,,JiraServerLogController,프론트 호출 없음,Frontend-Web 에서 호출하는 곳 없음 / 해당 basePath 를 부르는 프론트 호출이 한 건도 없음 / 상속 전개 엔드포인트(inherited(TreeAbstractController))
(호출 메뉴 없음) /arms/jiraServerLog,BE→호출없음,상속(TreeAbstractController),/arms/jiraServerLog/getNodesWithoutRoot.do,(호출 없음),GET,,,JiraServerLogController,프론트 호출 없음,Frontend-Web 에서 호출하는 곳 없음 / 해당 basePath 를 부르는 프론트 호출이 한 건도 없음 / 상속 전개 엔드포인트(inherited(TreeAbstractController))
(호출 메뉴 없음) /arms/jiraServerLog,BE→호출없음,상속(TreeAbstractController),/arms/jiraServerLog/getPaginatedChildNode.do,(호출 없음),GET,,,JiraServerLogController,프론트 호출 없음,Frontend-Web 에서 호출하는 곳 없음 / 해당 basePath 를 부르는 프론트 호출이 한 건도 없음 / 상속 전개 엔드포인트(inherited(TreeAbstractController))
(호출 메뉴 없음) /arms/jiraServerLog,BE→호출없음,상속(TreeAbstractController),/arms/jiraServerLog/moveNode.do,(호출 없음),POST,,,JiraServerLogController,프론트 호출 없음,Frontend-Web 에서 호출하는 곳 없음 / 해당 basePath 를 부르는 프론트 호출이 한 건도 없음 / 상속 전개 엔드포인트(inherited(TreeAbstractController))
(호출 메뉴 없음) /arms/jiraServerLog,BE→호출없음,상속(TreeAbstractController),/arms/jiraServerLog/removeNode.do,(호출 없음),DELETE,,,JiraServerLogController,프론트 호출 없음,Frontend-Web 에서 호출하는 곳 없음 / 해당 basePath 를 부르는 프론트 호출이 한 건도 없음 / 상속 전개 엔드포인트(inherited(TreeAbstractController))
(호출 메뉴 없음) /arms/jiraServerLog,BE→호출없음,상속(TreeAbstractController),/arms/jiraServerLog/searchNode.do,(호출 없음),GET,,,JiraServerLogController,프론트 호출 없음,Frontend-Web 에서 호출하는 곳 없음 / 해당 basePath 를 부르는 프론트 호출이 한 건도 없음 / 상속 전개 엔드포인트(inherited(TreeAbstractController))
(호출 메뉴 없음) /arms/jiraServerLog,BE→호출없음,상속(TreeAbstractController),/arms/jiraServerLog/send-message,(호출 없음),GET,,,JiraServerLogController,프론트 호출 없음,Frontend-Web 에서 호출하는 곳 없음 / 해당 basePath 를 부르는 프론트 호출이 한 건도 없음 / 상속 전개 엔드포인트(inherited(TreeAbstractController))
(호출 메뉴 없음) /arms/jiraServerLog,BE→호출없음,상속(TreeAbstractController),/arms/jiraServerLog/updateNode.do,(호출 없음),PUT,,,JiraServerLogController,프론트 호출 없음,Frontend-Web 에서 호출하는 곳 없음 / 해당 basePath 를 부르는 프론트 호출이 한 건도 없음 / 상속 전개 엔드포인트(inherited(TreeAbstractController))
(호출 메뉴 없음) /arms/mail/report,BE→호출없음,자체 선언,/arms/mail/report/top-menu/resource,(호출 없음),GET,,,MailReportController,프론트 호출 없음,Frontend-Web 에서 호출하는 곳 없음 / 해당 basePath 를 부르는 프론트 호출이 한 건도 없음
(호출 메뉴 없음) /arms/mail/report,BE→호출없음,자체 선언,/arms/mail/report/top-menu/scope,(호출 없음),GET,,,MailReportController,프론트 호출 없음,Frontend-Web 에서 호출하는 곳 없음 / 해당 basePath 를 부르는 프론트 호출이 한 건도 없음
(호출 메뉴 없음) /arms/mail/report,BE→호출없음,자체 선언,/arms/mail/report/top-menu/time,(호출 없음),GET,,,MailReportController,프론트 호출 없음,Frontend-Web 에서 호출하는 곳 없음 / 해당 basePath 를 부르는 프론트 호출이 한 건도 없음
(호출 메뉴 없음) /arms/patchnote,BE→호출없음,상속(TreeAbstractController),/arms/patchnote/addNode.do,(호출 없음),POST,,,AdminPatchController,프론트 호출 없음,Frontend-Web 에서 호출하는 곳 없음 / 해당 basePath 를 부르는 프론트 호출이 한 건도 없음 / 상속 전개 엔드포인트(inherited(TreeAbstractController))
(호출 메뉴 없음) /arms/patchnote,BE→호출없음,자체 선언,/arms/patchnote/addPatchnote.do,(호출 없음),POST,,,AdminPatchController,프론트 호출 없음,Frontend-Web 에서 호출하는 곳 없음 / 해당 basePath 를 부르는 프론트 호출이 한 건도 없음
(호출 메뉴 없음) /arms/patchnote,BE→호출없음,상속(TreeAbstractController),/arms/patchnote/alterNode.do,(호출 없음),PUT,,,AdminPatchController,프론트 호출 없음,Frontend-Web 에서 호출하는 곳 없음 / 해당 basePath 를 부르는 프론트 호출이 한 건도 없음 / 상속 전개 엔드포인트(inherited(TreeAbstractController))
(호출 메뉴 없음) /arms/patchnote,BE→호출없음,상속(TreeAbstractController),/arms/patchnote/alterNodeType.do,(호출 없음),PUT,,,AdminPatchController,프론트 호출 없음,Frontend-Web 에서 호출하는 곳 없음 / 해당 basePath 를 부르는 프론트 호출이 한 건도 없음 / 상속 전개 엔드포인트(inherited(TreeAbstractController))
(호출 메뉴 없음) /arms/patchnote,BE→호출없음,상속(TreeAbstractController),/arms/patchnote/analyzeNode.do,(호출 없음),GET,,,AdminPatchController,프론트 호출 없음,Frontend-Web 에서 호출하는 곳 없음 / 해당 basePath 를 부르는 프론트 호출이 한 건도 없음 / 상속 전개 엔드포인트(inherited(TreeAbstractController))
(호출 메뉴 없음) /arms/patchnote,BE→호출없음,상속(TreeAbstractController),/arms/patchnote/getChildNode.do,(호출 없음),GET,,,AdminPatchController,프론트 호출 없음,Frontend-Web 에서 호출하는 곳 없음 / 해당 basePath 를 부르는 프론트 호출이 한 건도 없음 / 상속 전개 엔드포인트(inherited(TreeAbstractController))
(호출 메뉴 없음) /arms/patchnote,BE→호출없음,상속(TreeAbstractController),/arms/patchnote/getMonitor.do,(호출 없음),GET,,,AdminPatchController,프론트 호출 없음,Frontend-Web 에서 호출하는 곳 없음 / 해당 basePath 를 부르는 프론트 호출이 한 건도 없음 / 상속 전개 엔드포인트(inherited(TreeAbstractController))
(호출 메뉴 없음) /arms/patchnote,BE→호출없음,상속(TreeAbstractController),/arms/patchnote/getNode.do,(호출 없음),GET,,,AdminPatchController,프론트 호출 없음,Frontend-Web 에서 호출하는 곳 없음 / 해당 basePath 를 부르는 프론트 호출이 한 건도 없음 / 상속 전개 엔드포인트(inherited(TreeAbstractController))
(호출 메뉴 없음) /arms/patchnote,BE→호출없음,상속(TreeAbstractController),/arms/patchnote/getNodesWithoutRoot.do,(호출 없음),GET,,,AdminPatchController,프론트 호출 없음,Frontend-Web 에서 호출하는 곳 없음 / 해당 basePath 를 부르는 프론트 호출이 한 건도 없음 / 상속 전개 엔드포인트(inherited(TreeAbstractController))
(호출 메뉴 없음) /arms/patchnote,BE→호출없음,상속(TreeAbstractController),/arms/patchnote/getPaginatedChildNode.do,(호출 없음),GET,,,AdminPatchController,프론트 호출 없음,Frontend-Web 에서 호출하는 곳 없음 / 해당 basePath 를 부르는 프론트 호출이 한 건도 없음 / 상속 전개 엔드포인트(inherited(TreeAbstractController))
(호출 메뉴 없음) /arms/patchnote,BE→호출없음,상속(TreeAbstractController),/arms/patchnote/moveNode.do,(호출 없음),POST,,,AdminPatchController,프론트 호출 없음,Frontend-Web 에서 호출하는 곳 없음 / 해당 basePath 를 부르는 프론트 호출이 한 건도 없음 / 상속 전개 엔드포인트(inherited(TreeAbstractController))
(호출 메뉴 없음) /arms/patchnote,BE→호출없음,상속(TreeAbstractController),/arms/patchnote/removeNode.do,(호출 없음),DELETE,,,AdminPatchController,프론트 호출 없음,Frontend-Web 에서 호출하는 곳 없음 / 해당 basePath 를 부르는 프론트 호출이 한 건도 없음 / 상속 전개 엔드포인트(inherited(TreeAbstractController))
(호출 메뉴 없음) /arms/patchnote,BE→호출없음,상속(TreeAbstractController),/arms/patchnote/searchNode.do,(호출 없음),GET,,,AdminPatchController,프론트 호출 없음,Frontend-Web 에서 호출하는 곳 없음 / 해당 basePath 를 부르는 프론트 호출이 한 건도 없음 / 상속 전개 엔드포인트(inherited(TreeAbstractController))
(호출 메뉴 없음) /arms/patchnote,BE→호출없음,상속(TreeAbstractController),/arms/patchnote/send-message,(호출 없음),GET,,,AdminPatchController,프론트 호출 없음,Frontend-Web 에서 호출하는 곳 없음 / 해당 basePath 를 부르는 프론트 호출이 한 건도 없음 / 상속 전개 엔드포인트(inherited(TreeAbstractController))
(호출 메뉴 없음) /arms/patchnote,BE→호출없음,상속(TreeAbstractController),/arms/patchnote/updateNode.do,(호출 없음),PUT,,,AdminPatchController,프론트 호출 없음,Frontend-Web 에서 호출하는 곳 없음 / 해당 basePath 를 부르는 프론트 호출이 한 건도 없음 / 상속 전개 엔드포인트(inherited(TreeAbstractController))
(호출 메뉴 없음) /arms/patchnote,BE→호출없음,자체 선언,/arms/patchnote/updatePatchnote.do,(호출 없음),PUT,,,AdminPatchController,프론트 호출 없음,Frontend-Web 에서 호출하는 곳 없음 / 해당 basePath 를 부르는 프론트 호출이 한 건도 없음
(호출 메뉴 없음) /arms/pdServiceLog,BE→호출없음,상속(TreeAbstractController),/arms/pdServiceLog/addNode.do,(호출 없음),POST,,,PdServiceLogController,프론트 호출 없음,Frontend-Web 에서 호출하는 곳 없음 / 해당 basePath 를 부르는 프론트 호출이 한 건도 없음 / 상속 전개 엔드포인트(inherited(TreeAbstractController))
(호출 메뉴 없음) /arms/pdServiceLog,BE→호출없음,상속(TreeAbstractController),/arms/pdServiceLog/alterNode.do,(호출 없음),PUT,,,PdServiceLogController,프론트 호출 없음,Frontend-Web 에서 호출하는 곳 없음 / 해당 basePath 를 부르는 프론트 호출이 한 건도 없음 / 상속 전개 엔드포인트(inherited(TreeAbstractController))
(호출 메뉴 없음) /arms/pdServiceLog,BE→호출없음,상속(TreeAbstractController),/arms/pdServiceLog/alterNodeType.do,(호출 없음),PUT,,,PdServiceLogController,프론트 호출 없음,Frontend-Web 에서 호출하는 곳 없음 / 해당 basePath 를 부르는 프론트 호출이 한 건도 없음 / 상속 전개 엔드포인트(inherited(TreeAbstractController))
(호출 메뉴 없음) /arms/pdServiceLog,BE→호출없음,상속(TreeAbstractController),/arms/pdServiceLog/analyzeNode.do,(호출 없음),GET,,,PdServiceLogController,프론트 호출 없음,Frontend-Web 에서 호출하는 곳 없음 / 해당 basePath 를 부르는 프론트 호출이 한 건도 없음 / 상속 전개 엔드포인트(inherited(TreeAbstractController))
(호출 메뉴 없음) /arms/pdServiceLog,BE→호출없음,상속(TreeAbstractController),/arms/pdServiceLog/getChildNode.do,(호출 없음),GET,,,PdServiceLogController,프론트 호출 없음,Frontend-Web 에서 호출하는 곳 없음 / 해당 basePath 를 부르는 프론트 호출이 한 건도 없음 / 상속 전개 엔드포인트(inherited(TreeAbstractController))
(호출 메뉴 없음) /arms/pdServiceLog,BE→호출없음,상속(TreeAbstractController),/arms/pdServiceLog/getMonitor.do,(호출 없음),GET,,,PdServiceLogController,프론트 호출 없음,Frontend-Web 에서 호출하는 곳 없음 / 해당 basePath 를 부르는 프론트 호출이 한 건도 없음 / 상속 전개 엔드포인트(inherited(TreeAbstractController))
(호출 메뉴 없음) /arms/pdServiceLog,BE→호출없음,상속(TreeAbstractController),/arms/pdServiceLog/getNode.do,(호출 없음),GET,,,PdServiceLogController,프론트 호출 없음,Frontend-Web 에서 호출하는 곳 없음 / 해당 basePath 를 부르는 프론트 호출이 한 건도 없음 / 상속 전개 엔드포인트(inherited(TreeAbstractController))
(호출 메뉴 없음) /arms/pdServiceLog,BE→호출없음,상속(TreeAbstractController),/arms/pdServiceLog/getNodesWithoutRoot.do,(호출 없음),GET,,,PdServiceLogController,프론트 호출 없음,Frontend-Web 에서 호출하는 곳 없음 / 해당 basePath 를 부르는 프론트 호출이 한 건도 없음 / 상속 전개 엔드포인트(inherited(TreeAbstractController))
(호출 메뉴 없음) /arms/pdServiceLog,BE→호출없음,상속(TreeAbstractController),/arms/pdServiceLog/getPaginatedChildNode.do,(호출 없음),GET,,,PdServiceLogController,프론트 호출 없음,Frontend-Web 에서 호출하는 곳 없음 / 해당 basePath 를 부르는 프론트 호출이 한 건도 없음 / 상속 전개 엔드포인트(inherited(TreeAbstractController))
(호출 메뉴 없음) /arms/pdServiceLog,BE→호출없음,상속(TreeAbstractController),/arms/pdServiceLog/moveNode.do,(호출 없음),POST,,,PdServiceLogController,프론트 호출 없음,Frontend-Web 에서 호출하는 곳 없음 / 해당 basePath 를 부르는 프론트 호출이 한 건도 없음 / 상속 전개 엔드포인트(inherited(TreeAbstractController))
(호출 메뉴 없음) /arms/pdServiceLog,BE→호출없음,상속(TreeAbstractController),/arms/pdServiceLog/removeNode.do,(호출 없음),DELETE,,,PdServiceLogController,프론트 호출 없음,Frontend-Web 에서 호출하는 곳 없음 / 해당 basePath 를 부르는 프론트 호출이 한 건도 없음 / 상속 전개 엔드포인트(inherited(TreeAbstractController))
(호출 메뉴 없음) /arms/pdServiceLog,BE→호출없음,상속(TreeAbstractController),/arms/pdServiceLog/searchNode.do,(호출 없음),GET,,,PdServiceLogController,프론트 호출 없음,Frontend-Web 에서 호출하는 곳 없음 / 해당 basePath 를 부르는 프론트 호출이 한 건도 없음 / 상속 전개 엔드포인트(inherited(TreeAbstractController))
(호출 메뉴 없음) /arms/pdServiceLog,BE→호출없음,상속(TreeAbstractController),/arms/pdServiceLog/send-message,(호출 없음),GET,,,PdServiceLogController,프론트 호출 없음,Frontend-Web 에서 호출하는 곳 없음 / 해당 basePath 를 부르는 프론트 호출이 한 건도 없음 / 상속 전개 엔드포인트(inherited(TreeAbstractController))
(호출 메뉴 없음) /arms/pdServiceLog,BE→호출없음,상속(TreeAbstractController),/arms/pdServiceLog/updateNode.do,(호출 없음),PUT,,,PdServiceLogController,프론트 호출 없음,Frontend-Web 에서 호출하는 곳 없음 / 해당 basePath 를 부르는 프론트 호출이 한 건도 없음 / 상속 전개 엔드포인트(inherited(TreeAbstractController))
(호출 메뉴 없음) /arms/pdServiceVersionLog,BE→호출없음,상속(TreeAbstractController),/arms/pdServiceVersionLog/addNode.do,(호출 없음),POST,,,PdServiceVersionLogController,프론트 호출 없음,Frontend-Web 에서 호출하는 곳 없음 / 해당 basePath 를 부르는 프론트 호출이 한 건도 없음 / 상속 전개 엔드포인트(inherited(TreeAbstractController))
(호출 메뉴 없음) /arms/pdServiceVersionLog,BE→호출없음,상속(TreeAbstractController),/arms/pdServiceVersionLog/alterNode.do,(호출 없음),PUT,,,PdServiceVersionLogController,프론트 호출 없음,Frontend-Web 에서 호출하는 곳 없음 / 해당 basePath 를 부르는 프론트 호출이 한 건도 없음 / 상속 전개 엔드포인트(inherited(TreeAbstractController))
(호출 메뉴 없음) /arms/pdServiceVersionLog,BE→호출없음,상속(TreeAbstractController),/arms/pdServiceVersionLog/alterNodeType.do,(호출 없음),PUT,,,PdServiceVersionLogController,프론트 호출 없음,Frontend-Web 에서 호출하는 곳 없음 / 해당 basePath 를 부르는 프론트 호출이 한 건도 없음 / 상속 전개 엔드포인트(inherited(TreeAbstractController))
(호출 메뉴 없음) /arms/pdServiceVersionLog,BE→호출없음,상속(TreeAbstractController),/arms/pdServiceVersionLog/analyzeNode.do,(호출 없음),GET,,,PdServiceVersionLogController,프론트 호출 없음,Frontend-Web 에서 호출하는 곳 없음 / 해당 basePath 를 부르는 프론트 호출이 한 건도 없음 / 상속 전개 엔드포인트(inherited(TreeAbstractController))
(호출 메뉴 없음) /arms/pdServiceVersionLog,BE→호출없음,상속(TreeAbstractController),/arms/pdServiceVersionLog/getChildNode.do,(호출 없음),GET,,,PdServiceVersionLogController,프론트 호출 없음,Frontend-Web 에서 호출하는 곳 없음 / 해당 basePath 를 부르는 프론트 호출이 한 건도 없음 / 상속 전개 엔드포인트(inherited(TreeAbstractController))
(호출 메뉴 없음) /arms/pdServiceVersionLog,BE→호출없음,상속(TreeAbstractController),/arms/pdServiceVersionLog/getMonitor.do,(호출 없음),GET,,,PdServiceVersionLogController,프론트 호출 없음,Frontend-Web 에서 호출하는 곳 없음 / 해당 basePath 를 부르는 프론트 호출이 한 건도 없음 / 상속 전개 엔드포인트(inherited(TreeAbstractController))
(호출 메뉴 없음) /arms/pdServiceVersionLog,BE→호출없음,상속(TreeAbstractController),/arms/pdServiceVersionLog/getNode.do,(호출 없음),GET,,,PdServiceVersionLogController,프론트 호출 없음,Frontend-Web 에서 호출하는 곳 없음 / 해당 basePath 를 부르는 프론트 호출이 한 건도 없음 / 상속 전개 엔드포인트(inherited(TreeAbstractController))
(호출 메뉴 없음) /arms/pdServiceVersionLog,BE→호출없음,상속(TreeAbstractController),/arms/pdServiceVersionLog/getNodesWithoutRoot.do,(호출 없음),GET,,,PdServiceVersionLogController,프론트 호출 없음,Frontend-Web 에서 호출하는 곳 없음 / 해당 basePath 를 부르는 프론트 호출이 한 건도 없음 / 상속 전개 엔드포인트(inherited(TreeAbstractController))
(호출 메뉴 없음) /arms/pdServiceVersionLog,BE→호출없음,상속(TreeAbstractController),/arms/pdServiceVersionLog/getPaginatedChildNode.do,(호출 없음),GET,,,PdServiceVersionLogController,프론트 호출 없음,Frontend-Web 에서 호출하는 곳 없음 / 해당 basePath 를 부르는 프론트 호출이 한 건도 없음 / 상속 전개 엔드포인트(inherited(TreeAbstractController))
(호출 메뉴 없음) /arms/pdServiceVersionLog,BE→호출없음,상속(TreeAbstractController),/arms/pdServiceVersionLog/moveNode.do,(호출 없음),POST,,,PdServiceVersionLogController,프론트 호출 없음,Frontend-Web 에서 호출하는 곳 없음 / 해당 basePath 를 부르는 프론트 호출이 한 건도 없음 / 상속 전개 엔드포인트(inherited(TreeAbstractController))
(호출 메뉴 없음) /arms/pdServiceVersionLog,BE→호출없음,상속(TreeAbstractController),/arms/pdServiceVersionLog/removeNode.do,(호출 없음),DELETE,,,PdServiceVersionLogController,프론트 호출 없음,Frontend-Web 에서 호출하는 곳 없음 / 해당 basePath 를 부르는 프론트 호출이 한 건도 없음 / 상속 전개 엔드포인트(inherited(TreeAbstractController))
(호출 메뉴 없음) /arms/pdServiceVersionLog,BE→호출없음,상속(TreeAbstractController),/arms/pdServiceVersionLog/searchNode.do,(호출 없음),GET,,,PdServiceVersionLogController,프론트 호출 없음,Frontend-Web 에서 호출하는 곳 없음 / 해당 basePath 를 부르는 프론트 호출이 한 건도 없음 / 상속 전개 엔드포인트(inherited(TreeAbstractController))
(호출 메뉴 없음) /arms/pdServiceVersionLog,BE→호출없음,상속(TreeAbstractController),/arms/pdServiceVersionLog/send-message,(호출 없음),GET,,,PdServiceVersionLogController,프론트 호출 없음,Frontend-Web 에서 호출하는 곳 없음 / 해당 basePath 를 부르는 프론트 호출이 한 건도 없음 / 상속 전개 엔드포인트(inherited(TreeAbstractController))
(호출 메뉴 없음) /arms/pdServiceVersionLog,BE→호출없음,상속(TreeAbstractController),/arms/pdServiceVersionLog/updateNode.do,(호출 없음),PUT,,,PdServiceVersionLogController,프론트 호출 없음,Frontend-Web 에서 호출하는 곳 없음 / 해당 basePath 를 부르는 프론트 호출이 한 건도 없음 / 상속 전개 엔드포인트(inherited(TreeAbstractController))
(호출 메뉴 없음) /arms/report/mail-receiver-log,BE→호출없음,상속(TreeAbstractController),/arms/report/mail-receiver-log/addNode.do,(호출 없음),POST,,,ReceiverLogController,프론트 호출 없음,Frontend-Web 에서 호출하는 곳 없음 / 해당 basePath 를 부르는 프론트 호출이 한 건도 없음 / 상속 전개 엔드포인트(inherited(TreeAbstractController))
(호출 메뉴 없음) /arms/report/mail-receiver-log,BE→호출없음,상속(TreeAbstractController),/arms/report/mail-receiver-log/alterNode.do,(호출 없음),PUT,,,ReceiverLogController,프론트 호출 없음,Frontend-Web 에서 호출하는 곳 없음 / 해당 basePath 를 부르는 프론트 호출이 한 건도 없음 / 상속 전개 엔드포인트(inherited(TreeAbstractController))
(호출 메뉴 없음) /arms/report/mail-receiver-log,BE→호출없음,상속(TreeAbstractController),/arms/report/mail-receiver-log/alterNodeType.do,(호출 없음),PUT,,,ReceiverLogController,프론트 호출 없음,Frontend-Web 에서 호출하는 곳 없음 / 해당 basePath 를 부르는 프론트 호출이 한 건도 없음 / 상속 전개 엔드포인트(inherited(TreeAbstractController))
(호출 메뉴 없음) /arms/report/mail-receiver-log,BE→호출없음,상속(TreeAbstractController),/arms/report/mail-receiver-log/analyzeNode.do,(호출 없음),GET,,,ReceiverLogController,프론트 호출 없음,Frontend-Web 에서 호출하는 곳 없음 / 해당 basePath 를 부르는 프론트 호출이 한 건도 없음 / 상속 전개 엔드포인트(inherited(TreeAbstractController))
(호출 메뉴 없음) /arms/report/mail-receiver-log,BE→호출없음,상속(TreeAbstractController),/arms/report/mail-receiver-log/getChildNode.do,(호출 없음),GET,,,ReceiverLogController,프론트 호출 없음,Frontend-Web 에서 호출하는 곳 없음 / 해당 basePath 를 부르는 프론트 호출이 한 건도 없음 / 상속 전개 엔드포인트(inherited(TreeAbstractController))
(호출 메뉴 없음) /arms/report/mail-receiver-log,BE→호출없음,상속(TreeAbstractController),/arms/report/mail-receiver-log/getMonitor.do,(호출 없음),GET,,,ReceiverLogController,프론트 호출 없음,Frontend-Web 에서 호출하는 곳 없음 / 해당 basePath 를 부르는 프론트 호출이 한 건도 없음 / 상속 전개 엔드포인트(inherited(TreeAbstractController))
(호출 메뉴 없음) /arms/report/mail-receiver-log,BE→호출없음,상속(TreeAbstractController),/arms/report/mail-receiver-log/getNode.do,(호출 없음),GET,,,ReceiverLogController,프론트 호출 없음,Frontend-Web 에서 호출하는 곳 없음 / 해당 basePath 를 부르는 프론트 호출이 한 건도 없음 / 상속 전개 엔드포인트(inherited(TreeAbstractController))
(호출 메뉴 없음) /arms/report/mail-receiver-log,BE→호출없음,상속(TreeAbstractController),/arms/report/mail-receiver-log/getNodesWithoutRoot.do,(호출 없음),GET,,,ReceiverLogController,프론트 호출 없음,Frontend-Web 에서 호출하는 곳 없음 / 해당 basePath 를 부르는 프론트 호출이 한 건도 없음 / 상속 전개 엔드포인트(inherited(TreeAbstractController))
(호출 메뉴 없음) /arms/report/mail-receiver-log,BE→호출없음,상속(TreeAbstractController),/arms/report/mail-receiver-log/getPaginatedChildNode.do,(호출 없음),GET,,,ReceiverLogController,프론트 호출 없음,Frontend-Web 에서 호출하는 곳 없음 / 해당 basePath 를 부르는 프론트 호출이 한 건도 없음 / 상속 전개 엔드포인트(inherited(TreeAbstractController))
(호출 메뉴 없음) /arms/report/mail-receiver-log,BE→호출없음,상속(TreeAbstractController),/arms/report/mail-receiver-log/moveNode.do,(호출 없음),POST,,,ReceiverLogController,프론트 호출 없음,Frontend-Web 에서 호출하는 곳 없음 / 해당 basePath 를 부르는 프론트 호출이 한 건도 없음 / 상속 전개 엔드포인트(inherited(TreeAbstractController))
(호출 메뉴 없음) /arms/report/mail-receiver-log,BE→호출없음,상속(TreeAbstractController),/arms/report/mail-receiver-log/removeNode.do,(호출 없음),DELETE,,,ReceiverLogController,프론트 호출 없음,Frontend-Web 에서 호출하는 곳 없음 / 해당 basePath 를 부르는 프론트 호출이 한 건도 없음 / 상속 전개 엔드포인트(inherited(TreeAbstractController))
(호출 메뉴 없음) /arms/report/mail-receiver-log,BE→호출없음,상속(TreeAbstractController),/arms/report/mail-receiver-log/searchNode.do,(호출 없음),GET,,,ReceiverLogController,프론트 호출 없음,Frontend-Web 에서 호출하는 곳 없음 / 해당 basePath 를 부르는 프론트 호출이 한 건도 없음 / 상속 전개 엔드포인트(inherited(TreeAbstractController))
(호출 메뉴 없음) /arms/report/mail-receiver-log,BE→호출없음,상속(TreeAbstractController),/arms/report/mail-receiver-log/send-message,(호출 없음),GET,,,ReceiverLogController,프론트 호출 없음,Frontend-Web 에서 호출하는 곳 없음 / 해당 basePath 를 부르는 프론트 호출이 한 건도 없음 / 상속 전개 엔드포인트(inherited(TreeAbstractController))
(호출 메뉴 없음) /arms/report/mail-receiver-log,BE→호출없음,상속(TreeAbstractController),/arms/report/mail-receiver-log/updateNode.do,(호출 없음),PUT,,,ReceiverLogController,프론트 호출 없음,Frontend-Web 에서 호출하는 곳 없음 / 해당 basePath 를 부르는 프론트 호출이 한 건도 없음 / 상속 전개 엔드포인트(inherited(TreeAbstractController))
(호출 메뉴 없음) /arms/report/mail-sender-log,BE→호출없음,상속(TreeAbstractController),/arms/report/mail-sender-log/addNode.do,(호출 없음),POST,,,SenderLogController,프론트 호출 없음,Frontend-Web 에서 호출하는 곳 없음 / 해당 basePath 를 부르는 프론트 호출이 한 건도 없음 / 상속 전개 엔드포인트(inherited(TreeAbstractController))
(호출 메뉴 없음) /arms/report/mail-sender-log,BE→호출없음,상속(TreeAbstractController),/arms/report/mail-sender-log/alterNode.do,(호출 없음),PUT,,,SenderLogController,프론트 호출 없음,Frontend-Web 에서 호출하는 곳 없음 / 해당 basePath 를 부르는 프론트 호출이 한 건도 없음 / 상속 전개 엔드포인트(inherited(TreeAbstractController))
(호출 메뉴 없음) /arms/report/mail-sender-log,BE→호출없음,상속(TreeAbstractController),/arms/report/mail-sender-log/alterNodeType.do,(호출 없음),PUT,,,SenderLogController,프론트 호출 없음,Frontend-Web 에서 호출하는 곳 없음 / 해당 basePath 를 부르는 프론트 호출이 한 건도 없음 / 상속 전개 엔드포인트(inherited(TreeAbstractController))
(호출 메뉴 없음) /arms/report/mail-sender-log,BE→호출없음,상속(TreeAbstractController),/arms/report/mail-sender-log/analyzeNode.do,(호출 없음),GET,,,SenderLogController,프론트 호출 없음,Frontend-Web 에서 호출하는 곳 없음 / 해당 basePath 를 부르는 프론트 호출이 한 건도 없음 / 상속 전개 엔드포인트(inherited(TreeAbstractController))
(호출 메뉴 없음) /arms/report/mail-sender-log,BE→호출없음,상속(TreeAbstractController),/arms/report/mail-sender-log/getChildNode.do,(호출 없음),GET,,,SenderLogController,프론트 호출 없음,Frontend-Web 에서 호출하는 곳 없음 / 해당 basePath 를 부르는 프론트 호출이 한 건도 없음 / 상속 전개 엔드포인트(inherited(TreeAbstractController))
(호출 메뉴 없음) /arms/report/mail-sender-log,BE→호출없음,상속(TreeAbstractController),/arms/report/mail-sender-log/getMonitor.do,(호출 없음),GET,,,SenderLogController,프론트 호출 없음,Frontend-Web 에서 호출하는 곳 없음 / 해당 basePath 를 부르는 프론트 호출이 한 건도 없음 / 상속 전개 엔드포인트(inherited(TreeAbstractController))
(호출 메뉴 없음) /arms/report/mail-sender-log,BE→호출없음,상속(TreeAbstractController),/arms/report/mail-sender-log/getNode.do,(호출 없음),GET,,,SenderLogController,프론트 호출 없음,Frontend-Web 에서 호출하는 곳 없음 / 해당 basePath 를 부르는 프론트 호출이 한 건도 없음 / 상속 전개 엔드포인트(inherited(TreeAbstractController))
(호출 메뉴 없음) /arms/report/mail-sender-log,BE→호출없음,상속(TreeAbstractController),/arms/report/mail-sender-log/getNodesWithoutRoot.do,(호출 없음),GET,,,SenderLogController,프론트 호출 없음,Frontend-Web 에서 호출하는 곳 없음 / 해당 basePath 를 부르는 프론트 호출이 한 건도 없음 / 상속 전개 엔드포인트(inherited(TreeAbstractController))
(호출 메뉴 없음) /arms/report/mail-sender-log,BE→호출없음,상속(TreeAbstractController),/arms/report/mail-sender-log/getPaginatedChildNode.do,(호출 없음),GET,,,SenderLogController,프론트 호출 없음,Frontend-Web 에서 호출하는 곳 없음 / 해당 basePath 를 부르는 프론트 호출이 한 건도 없음 / 상속 전개 엔드포인트(inherited(TreeAbstractController))
(호출 메뉴 없음) /arms/report/mail-sender-log,BE→호출없음,상속(TreeAbstractController),/arms/report/mail-sender-log/moveNode.do,(호출 없음),POST,,,SenderLogController,프론트 호출 없음,Frontend-Web 에서 호출하는 곳 없음 / 해당 basePath 를 부르는 프론트 호출이 한 건도 없음 / 상속 전개 엔드포인트(inherited(TreeAbstractController))
(호출 메뉴 없음) /arms/report/mail-sender-log,BE→호출없음,상속(TreeAbstractController),/arms/report/mail-sender-log/removeNode.do,(호출 없음),DELETE,,,SenderLogController,프론트 호출 없음,Frontend-Web 에서 호출하는 곳 없음 / 해당 basePath 를 부르는 프론트 호출이 한 건도 없음 / 상속 전개 엔드포인트(inherited(TreeAbstractController))
(호출 메뉴 없음) /arms/report/mail-sender-log,BE→호출없음,상속(TreeAbstractController),/arms/report/mail-sender-log/searchNode.do,(호출 없음),GET,,,SenderLogController,프론트 호출 없음,Frontend-Web 에서 호출하는 곳 없음 / 해당 basePath 를 부르는 프론트 호출이 한 건도 없음 / 상속 전개 엔드포인트(inherited(TreeAbstractController))
(호출 메뉴 없음) /arms/report/mail-sender-log,BE→호출없음,상속(TreeAbstractController),/arms/report/mail-sender-log/send-message,(호출 없음),GET,,,SenderLogController,프론트 호출 없음,Frontend-Web 에서 호출하는 곳 없음 / 해당 basePath 를 부르는 프론트 호출이 한 건도 없음 / 상속 전개 엔드포인트(inherited(TreeAbstractController))
(호출 메뉴 없음) /arms/report/mail-sender-log,BE→호출없음,상속(TreeAbstractController),/arms/report/mail-sender-log/updateNode.do,(호출 없음),PUT,,,SenderLogController,프론트 호출 없음,Frontend-Web 에서 호출하는 곳 없음 / 해당 basePath 를 부르는 프론트 호출이 한 건도 없음 / 상속 전개 엔드포인트(inherited(TreeAbstractController))
(호출 메뉴 없음) /arms/reqAddLog,BE→호출없음,상속(TreeAbstractController),/arms/reqAddLog/addNode.do,(호출 없음),POST,,,ReqAddLogController,프론트 호출 없음,Frontend-Web 에서 호출하는 곳 없음 / 해당 basePath 를 부르는 프론트 호출이 한 건도 없음 / 상속 전개 엔드포인트(inherited(TreeAbstractController))
(호출 메뉴 없음) /arms/reqAddLog,BE→호출없음,상속(TreeAbstractController),/arms/reqAddLog/alterNode.do,(호출 없음),PUT,,,ReqAddLogController,프론트 호출 없음,Frontend-Web 에서 호출하는 곳 없음 / 해당 basePath 를 부르는 프론트 호출이 한 건도 없음 / 상속 전개 엔드포인트(inherited(TreeAbstractController))
(호출 메뉴 없음) /arms/reqAddLog,BE→호출없음,상속(TreeAbstractController),/arms/reqAddLog/alterNodeType.do,(호출 없음),PUT,,,ReqAddLogController,프론트 호출 없음,Frontend-Web 에서 호출하는 곳 없음 / 해당 basePath 를 부르는 프론트 호출이 한 건도 없음 / 상속 전개 엔드포인트(inherited(TreeAbstractController))
(호출 메뉴 없음) /arms/reqAddLog,BE→호출없음,상속(TreeAbstractController),/arms/reqAddLog/analyzeNode.do,(호출 없음),GET,,,ReqAddLogController,프론트 호출 없음,Frontend-Web 에서 호출하는 곳 없음 / 해당 basePath 를 부르는 프론트 호출이 한 건도 없음 / 상속 전개 엔드포인트(inherited(TreeAbstractController))
(호출 메뉴 없음) /arms/reqAddLog,BE→호출없음,상속(TreeAbstractController),/arms/reqAddLog/getChildNode.do,(호출 없음),GET,,,ReqAddLogController,프론트 호출 없음,Frontend-Web 에서 호출하는 곳 없음 / 해당 basePath 를 부르는 프론트 호출이 한 건도 없음 / 상속 전개 엔드포인트(inherited(TreeAbstractController))
(호출 메뉴 없음) /arms/reqAddLog,BE→호출없음,상속(TreeAbstractController),/arms/reqAddLog/getMonitor.do,(호출 없음),GET,,,ReqAddLogController,프론트 호출 없음,Frontend-Web 에서 호출하는 곳 없음 / 해당 basePath 를 부르는 프론트 호출이 한 건도 없음 / 상속 전개 엔드포인트(inherited(TreeAbstractController))
(호출 메뉴 없음) /arms/reqAddLog,BE→호출없음,상속(TreeAbstractController),/arms/reqAddLog/getNode.do,(호출 없음),GET,,,ReqAddLogController,프론트 호출 없음,Frontend-Web 에서 호출하는 곳 없음 / 해당 basePath 를 부르는 프론트 호출이 한 건도 없음 / 상속 전개 엔드포인트(inherited(TreeAbstractController))
(호출 메뉴 없음) /arms/reqAddLog,BE→호출없음,상속(TreeAbstractController),/arms/reqAddLog/getNodesWithoutRoot.do,(호출 없음),GET,,,ReqAddLogController,프론트 호출 없음,Frontend-Web 에서 호출하는 곳 없음 / 해당 basePath 를 부르는 프론트 호출이 한 건도 없음 / 상속 전개 엔드포인트(inherited(TreeAbstractController))
(호출 메뉴 없음) /arms/reqAddLog,BE→호출없음,상속(TreeAbstractController),/arms/reqAddLog/getPaginatedChildNode.do,(호출 없음),GET,,,ReqAddLogController,프론트 호출 없음,Frontend-Web 에서 호출하는 곳 없음 / 해당 basePath 를 부르는 프론트 호출이 한 건도 없음 / 상속 전개 엔드포인트(inherited(TreeAbstractController))
(호출 메뉴 없음) /arms/reqAddLog,BE→호출없음,상속(TreeAbstractController),/arms/reqAddLog/moveNode.do,(호출 없음),POST,,,ReqAddLogController,프론트 호출 없음,Frontend-Web 에서 호출하는 곳 없음 / 해당 basePath 를 부르는 프론트 호출이 한 건도 없음 / 상속 전개 엔드포인트(inherited(TreeAbstractController))
(호출 메뉴 없음) /arms/reqAddLog,BE→호출없음,상속(TreeAbstractController),/arms/reqAddLog/removeNode.do,(호출 없음),DELETE,,,ReqAddLogController,프론트 호출 없음,Frontend-Web 에서 호출하는 곳 없음 / 해당 basePath 를 부르는 프론트 호출이 한 건도 없음 / 상속 전개 엔드포인트(inherited(TreeAbstractController))
(호출 메뉴 없음) /arms/reqAddLog,BE→호출없음,상속(TreeAbstractController),/arms/reqAddLog/searchNode.do,(호출 없음),GET,,,ReqAddLogController,프론트 호출 없음,Frontend-Web 에서 호출하는 곳 없음 / 해당 basePath 를 부르는 프론트 호출이 한 건도 없음 / 상속 전개 엔드포인트(inherited(TreeAbstractController))
(호출 메뉴 없음) /arms/reqAddLog,BE→호출없음,상속(TreeAbstractController),/arms/reqAddLog/send-message,(호출 없음),GET,,,ReqAddLogController,프론트 호출 없음,Frontend-Web 에서 호출하는 곳 없음 / 해당 basePath 를 부르는 프론트 호출이 한 건도 없음 / 상속 전개 엔드포인트(inherited(TreeAbstractController))
(호출 메뉴 없음) /arms/reqAddLog,BE→호출없음,상속(TreeAbstractController),/arms/reqAddLog/updateNode.do,(호출 없음),PUT,,,ReqAddLogController,프론트 호출 없음,Frontend-Web 에서 호출하는 곳 없음 / 해당 basePath 를 부르는 프론트 호출이 한 건도 없음 / 상속 전개 엔드포인트(inherited(TreeAbstractController))
(호출 메뉴 없음) /arms/reqAddPure,BE→호출없음,상속(TreeAbstractController),/arms/reqAddPure/addNode.do,(호출 없음),POST,,,ReqAddPureController,프론트 호출 없음,Frontend-Web 에서 호출하는 곳 없음 / 해당 basePath 를 부르는 프론트 호출이 한 건도 없음 / 상속 전개 엔드포인트(inherited(TreeAbstractController))
(호출 메뉴 없음) /arms/reqAddPure,BE→호출없음,상속(TreeAbstractController),/arms/reqAddPure/alterNode.do,(호출 없음),PUT,,,ReqAddPureController,프론트 호출 없음,Frontend-Web 에서 호출하는 곳 없음 / 해당 basePath 를 부르는 프론트 호출이 한 건도 없음 / 상속 전개 엔드포인트(inherited(TreeAbstractController))
(호출 메뉴 없음) /arms/reqAddPure,BE→호출없음,상속(TreeAbstractController),/arms/reqAddPure/alterNodeType.do,(호출 없음),PUT,,,ReqAddPureController,프론트 호출 없음,Frontend-Web 에서 호출하는 곳 없음 / 해당 basePath 를 부르는 프론트 호출이 한 건도 없음 / 상속 전개 엔드포인트(inherited(TreeAbstractController))
(호출 메뉴 없음) /arms/reqAddPure,BE→호출없음,상속(TreeAbstractController),/arms/reqAddPure/analyzeNode.do,(호출 없음),GET,,,ReqAddPureController,프론트 호출 없음,Frontend-Web 에서 호출하는 곳 없음 / 해당 basePath 를 부르는 프론트 호출이 한 건도 없음 / 상속 전개 엔드포인트(inherited(TreeAbstractController))
(호출 메뉴 없음) /arms/reqAddPure,BE→호출없음,상속(TreeAbstractController),/arms/reqAddPure/getChildNode.do,(호출 없음),GET,,,ReqAddPureController,프론트 호출 없음,Frontend-Web 에서 호출하는 곳 없음 / 해당 basePath 를 부르는 프론트 호출이 한 건도 없음 / 상속 전개 엔드포인트(inherited(TreeAbstractController))
(호출 메뉴 없음) /arms/reqAddPure,BE→호출없음,자체 선언,/arms/reqAddPure/getFilesByNode.do,(호출 없음),GET,,,ReqAddPureController,프론트 호출 없음,Frontend-Web 에서 호출하는 곳 없음 / 해당 basePath 를 부르는 프론트 호출이 한 건도 없음
(호출 메뉴 없음) /arms/reqAddPure,BE→호출없음,상속(TreeAbstractController),/arms/reqAddPure/getNode.do,(호출 없음),GET,,,ReqAddPureController,프론트 호출 없음,Frontend-Web 에서 호출하는 곳 없음 / 해당 basePath 를 부르는 프론트 호출이 한 건도 없음 / 상속 전개 엔드포인트(inherited(TreeAbstractController))
(호출 메뉴 없음) /arms/reqAddPure,BE→호출없음,상속(TreeAbstractController),/arms/reqAddPure/getNodesWithoutRoot.do,(호출 없음),GET,,,ReqAddPureController,프론트 호출 없음,Frontend-Web 에서 호출하는 곳 없음 / 해당 basePath 를 부르는 프론트 호출이 한 건도 없음 / 상속 전개 엔드포인트(inherited(TreeAbstractController))
(호출 메뉴 없음) /arms/reqAddPure,BE→호출없음,상속(TreeAbstractController),/arms/reqAddPure/getPaginatedChildNode.do,(호출 없음),GET,,,ReqAddPureController,프론트 호출 없음,Frontend-Web 에서 호출하는 곳 없음 / 해당 basePath 를 부르는 프론트 호출이 한 건도 없음 / 상속 전개 엔드포인트(inherited(TreeAbstractController))
(호출 메뉴 없음) /arms/reqAddPure,BE→호출없음,상속(TreeAbstractController),/arms/reqAddPure/moveNode.do,(호출 없음),POST,,,ReqAddPureController,프론트 호출 없음,Frontend-Web 에서 호출하는 곳 없음 / 해당 basePath 를 부르는 프론트 호출이 한 건도 없음 / 상속 전개 엔드포인트(inherited(TreeAbstractController))
(호출 메뉴 없음) /arms/reqAddPure,BE→호출없음,상속(TreeAbstractController),/arms/reqAddPure/removeNode.do,(호출 없음),DELETE,,,ReqAddPureController,프론트 호출 없음,Frontend-Web 에서 호출하는 곳 없음 / 해당 basePath 를 부르는 프론트 호출이 한 건도 없음 / 상속 전개 엔드포인트(inherited(TreeAbstractController))
(호출 메뉴 없음) /arms/reqAddPure,BE→호출없음,자체 선언,/arms/reqAddPure/sample/excel-to-list,(호출 없음),POST,,,ReqAddPureController,프론트 호출 없음,Frontend-Web 에서 호출하는 곳 없음 / 해당 basePath 를 부르는 프론트 호출이 한 건도 없음
(호출 메뉴 없음) /arms/reqAddPure,BE→호출없음,상속(TreeAbstractController),/arms/reqAddPure/searchNode.do,(호출 없음),GET,,,ReqAddPureController,프론트 호출 없음,Frontend-Web 에서 호출하는 곳 없음 / 해당 basePath 를 부르는 프론트 호출이 한 건도 없음 / 상속 전개 엔드포인트(inherited(TreeAbstractController))
(호출 메뉴 없음) /arms/reqAddPure,BE→호출없음,상속(TreeAbstractController),/arms/reqAddPure/send-message,(호출 없음),GET,,,ReqAddPureController,프론트 호출 없음,Frontend-Web 에서 호출하는 곳 없음 / 해당 basePath 를 부르는 프론트 호출이 한 건도 없음 / 상속 전개 엔드포인트(inherited(TreeAbstractController))
(호출 메뉴 없음) /arms/reqAddPure,BE→호출없음,상속(TreeAbstractController),/arms/reqAddPure/updateNode.do,(호출 없음),PUT,,,ReqAddPureController,프론트 호출 없음,Frontend-Web 에서 호출하는 곳 없음 / 해당 basePath 를 부르는 프론트 호출이 한 건도 없음 / 상속 전개 엔드포인트(inherited(TreeAbstractController))
(호출 메뉴 없음) /arms/reqAddPure,BE→호출없음,자체 선언,/arms/reqAddPure/uploadFileToNode.do,(호출 없음),POST,,,ReqAddPureController,프론트 호출 없음,Frontend-Web 에서 호출하는 곳 없음 / 해당 basePath 를 부르는 프론트 호출이 한 건도 없음
(호출 메뉴 없음) /arms/reqAddPure,BE→호출없음,자체 선언,/arms/reqAddPure/{changeReqTableName}/getChildNode.do,(호출 없음),GET,,,ReqAddPureController,프론트 호출 없음,Frontend-Web 에서 호출하는 곳 없음 / 해당 basePath 를 부르는 프론트 호출이 한 건도 없음 / 경로 변수 포함
(호출 메뉴 없음) /arms/reqAddPure,BE→호출없음,자체 선언,/arms/reqAddPure/{changeReqTableName}/getChildNodeWithParent.do,(호출 없음),GET,,,ReqAddPureController,프론트 호출 없음,Frontend-Web 에서 호출하는 곳 없음 / 해당 basePath 를 부르는 프론트 호출이 한 건도 없음 / 경로 변수 포함
(호출 메뉴 없음) /arms/reqAddPure,BE→호출없음,자체 선언,/arms/reqAddPure/{changeReqTableName}/getMonitor.do,(호출 없음),GET,,,ReqAddPureController,프론트 호출 없음,Frontend-Web 에서 호출하는 곳 없음 / 해당 basePath 를 부르는 프론트 호출이 한 건도 없음 / 경로 변수 포함
(호출 메뉴 없음) /arms/reqAddPure,BE→호출없음,자체 선언,/arms/reqAddPure/{changeReqTableName}/getNode.do,(호출 없음),GET,,,ReqAddPureController,프론트 호출 없음,Frontend-Web 에서 호출하는 곳 없음 / 해당 basePath 를 부르는 프론트 호출이 한 건도 없음 / 경로 변수 포함
(호출 메뉴 없음) /arms/reqAddPure,BE→호출없음,자체 선언,/arms/reqAddPure/{changeReqTableName}/getReqAddListByFilter,(호출 없음),GET,,,ReqAddPureController,프론트 호출 없음,Frontend-Web 에서 호출하는 곳 없음 / 해당 basePath 를 부르는 프론트 호출이 한 건도 없음 / 경로 변수 포함
(호출 메뉴 없음) /arms/reqAddPure,BE→호출없음,자체 선언,/arms/reqAddPure/{changeReqTableName}/moveNode.do,(호출 없음),POST,,,ReqAddPureController,프론트 호출 없음,Frontend-Web 에서 호출하는 곳 없음 / 해당 basePath 를 부르는 프론트 호출이 한 건도 없음 / 경로 변수 포함
(호출 메뉴 없음) /arms/reqAddPure,BE→호출없음,자체 선언,/arms/reqAddPure/{changeReqTableName}/removeNode.do,(호출 없음),POST,,,ReqAddPureController,프론트 호출 없음,Frontend-Web 에서 호출하는 곳 없음 / 해당 basePath 를 부르는 프론트 호출이 한 건도 없음 / 경로 변수 포함
(호출 메뉴 없음) /arms/reqAddPure,BE→호출없음,자체 선언,/arms/reqAddPure/{changeReqTableName}/updateDrawDBContents.do,(호출 없음),PUT,,,ReqAddPureController,프론트 호출 없음,Frontend-Web 에서 호출하는 곳 없음 / 해당 basePath 를 부르는 프론트 호출이 한 건도 없음 / 경로 변수 포함
(호출 메뉴 없음) /arms/reqAddPure,BE→호출없음,자체 선언,/arms/reqAddPure/{changeReqTableName}/updateDrawIOContents.do,(호출 없음),POST,,,ReqAddPureController,프론트 호출 없음,Frontend-Web 에서 호출하는 곳 없음 / 해당 basePath 를 부르는 프론트 호출이 한 건도 없음 / 경로 변수 포함
(호출 메뉴 없음) /arms/reqCommentLog,BE→호출없음,상속(TreeAbstractController),/arms/reqCommentLog/addNode.do,(호출 없음),POST,,,ReqCommentLogController,프론트 호출 없음,Frontend-Web 에서 호출하는 곳 없음 / 해당 basePath 를 부르는 프론트 호출이 한 건도 없음 / 상속 전개 엔드포인트(inherited(TreeAbstractController))
(호출 메뉴 없음) /arms/reqCommentLog,BE→호출없음,상속(TreeAbstractController),/arms/reqCommentLog/alterNode.do,(호출 없음),PUT,,,ReqCommentLogController,프론트 호출 없음,Frontend-Web 에서 호출하는 곳 없음 / 해당 basePath 를 부르는 프론트 호출이 한 건도 없음 / 상속 전개 엔드포인트(inherited(TreeAbstractController))
(호출 메뉴 없음) /arms/reqCommentLog,BE→호출없음,상속(TreeAbstractController),/arms/reqCommentLog/alterNodeType.do,(호출 없음),PUT,,,ReqCommentLogController,프론트 호출 없음,Frontend-Web 에서 호출하는 곳 없음 / 해당 basePath 를 부르는 프론트 호출이 한 건도 없음 / 상속 전개 엔드포인트(inherited(TreeAbstractController))
(호출 메뉴 없음) /arms/reqCommentLog,BE→호출없음,상속(TreeAbstractController),/arms/reqCommentLog/analyzeNode.do,(호출 없음),GET,,,ReqCommentLogController,프론트 호출 없음,Frontend-Web 에서 호출하는 곳 없음 / 해당 basePath 를 부르는 프론트 호출이 한 건도 없음 / 상속 전개 엔드포인트(inherited(TreeAbstractController))
(호출 메뉴 없음) /arms/reqCommentLog,BE→호출없음,상속(TreeAbstractController),/arms/reqCommentLog/getChildNode.do,(호출 없음),GET,,,ReqCommentLogController,프론트 호출 없음,Frontend-Web 에서 호출하는 곳 없음 / 해당 basePath 를 부르는 프론트 호출이 한 건도 없음 / 상속 전개 엔드포인트(inherited(TreeAbstractController))
(호출 메뉴 없음) /arms/reqCommentLog,BE→호출없음,상속(TreeAbstractController),/arms/reqCommentLog/getMonitor.do,(호출 없음),GET,,,ReqCommentLogController,프론트 호출 없음,Frontend-Web 에서 호출하는 곳 없음 / 해당 basePath 를 부르는 프론트 호출이 한 건도 없음 / 상속 전개 엔드포인트(inherited(TreeAbstractController))
(호출 메뉴 없음) /arms/reqCommentLog,BE→호출없음,상속(TreeAbstractController),/arms/reqCommentLog/getNode.do,(호출 없음),GET,,,ReqCommentLogController,프론트 호출 없음,Frontend-Web 에서 호출하는 곳 없음 / 해당 basePath 를 부르는 프론트 호출이 한 건도 없음 / 상속 전개 엔드포인트(inherited(TreeAbstractController))
(호출 메뉴 없음) /arms/reqCommentLog,BE→호출없음,상속(TreeAbstractController),/arms/reqCommentLog/getNodesWithoutRoot.do,(호출 없음),GET,,,ReqCommentLogController,프론트 호출 없음,Frontend-Web 에서 호출하는 곳 없음 / 해당 basePath 를 부르는 프론트 호출이 한 건도 없음 / 상속 전개 엔드포인트(inherited(TreeAbstractController))
(호출 메뉴 없음) /arms/reqCommentLog,BE→호출없음,상속(TreeAbstractController),/arms/reqCommentLog/getPaginatedChildNode.do,(호출 없음),GET,,,ReqCommentLogController,프론트 호출 없음,Frontend-Web 에서 호출하는 곳 없음 / 해당 basePath 를 부르는 프론트 호출이 한 건도 없음 / 상속 전개 엔드포인트(inherited(TreeAbstractController))
(호출 메뉴 없음) /arms/reqCommentLog,BE→호출없음,상속(TreeAbstractController),/arms/reqCommentLog/moveNode.do,(호출 없음),POST,,,ReqCommentLogController,프론트 호출 없음,Frontend-Web 에서 호출하는 곳 없음 / 해당 basePath 를 부르는 프론트 호출이 한 건도 없음 / 상속 전개 엔드포인트(inherited(TreeAbstractController))
(호출 메뉴 없음) /arms/reqCommentLog,BE→호출없음,상속(TreeAbstractController),/arms/reqCommentLog/removeNode.do,(호출 없음),DELETE,,,ReqCommentLogController,프론트 호출 없음,Frontend-Web 에서 호출하는 곳 없음 / 해당 basePath 를 부르는 프론트 호출이 한 건도 없음 / 상속 전개 엔드포인트(inherited(TreeAbstractController))
(호출 메뉴 없음) /arms/reqCommentLog,BE→호출없음,상속(TreeAbstractController),/arms/reqCommentLog/searchNode.do,(호출 없음),GET,,,ReqCommentLogController,프론트 호출 없음,Frontend-Web 에서 호출하는 곳 없음 / 해당 basePath 를 부르는 프론트 호출이 한 건도 없음 / 상속 전개 엔드포인트(inherited(TreeAbstractController))
(호출 메뉴 없음) /arms/reqCommentLog,BE→호출없음,상속(TreeAbstractController),/arms/reqCommentLog/send-message,(호출 없음),GET,,,ReqCommentLogController,프론트 호출 없음,Frontend-Web 에서 호출하는 곳 없음 / 해당 basePath 를 부르는 프론트 호출이 한 건도 없음 / 상속 전개 엔드포인트(inherited(TreeAbstractController))
(호출 메뉴 없음) /arms/reqCommentLog,BE→호출없음,상속(TreeAbstractController),/arms/reqCommentLog/updateNode.do,(호출 없음),PUT,,,ReqCommentLogController,프론트 호출 없음,Frontend-Web 에서 호출하는 곳 없음 / 해당 basePath 를 부르는 프론트 호출이 한 건도 없음 / 상속 전개 엔드포인트(inherited(TreeAbstractController))
(호출 메뉴 없음) /arms/reqDifficulty,BE→호출없음,상속(TreeAbstractController),/arms/reqDifficulty/addNode.do,(호출 없음),POST,,,ReqDifficultyController,프론트 호출 없음,Frontend-Web 에서 호출하는 곳 없음 / 해당 basePath 를 부르는 프론트 호출이 한 건도 없음 / 상속 전개 엔드포인트(inherited(TreeAbstractController))
(호출 메뉴 없음) /arms/reqDifficulty,BE→호출없음,상속(TreeAbstractController),/arms/reqDifficulty/alterNode.do,(호출 없음),PUT,,,ReqDifficultyController,프론트 호출 없음,Frontend-Web 에서 호출하는 곳 없음 / 해당 basePath 를 부르는 프론트 호출이 한 건도 없음 / 상속 전개 엔드포인트(inherited(TreeAbstractController))
(호출 메뉴 없음) /arms/reqDifficulty,BE→호출없음,상속(TreeAbstractController),/arms/reqDifficulty/alterNodeType.do,(호출 없음),PUT,,,ReqDifficultyController,프론트 호출 없음,Frontend-Web 에서 호출하는 곳 없음 / 해당 basePath 를 부르는 프론트 호출이 한 건도 없음 / 상속 전개 엔드포인트(inherited(TreeAbstractController))
(호출 메뉴 없음) /arms/reqDifficulty,BE→호출없음,상속(TreeAbstractController),/arms/reqDifficulty/analyzeNode.do,(호출 없음),GET,,,ReqDifficultyController,프론트 호출 없음,Frontend-Web 에서 호출하는 곳 없음 / 해당 basePath 를 부르는 프론트 호출이 한 건도 없음 / 상속 전개 엔드포인트(inherited(TreeAbstractController))
(호출 메뉴 없음) /arms/reqDifficulty,BE→호출없음,상속(TreeAbstractController),/arms/reqDifficulty/getChildNode.do,(호출 없음),GET,,,ReqDifficultyController,프론트 호출 없음,Frontend-Web 에서 호출하는 곳 없음 / 해당 basePath 를 부르는 프론트 호출이 한 건도 없음 / 상속 전개 엔드포인트(inherited(TreeAbstractController))
(호출 메뉴 없음) /arms/reqDifficulty,BE→호출없음,상속(TreeAbstractController),/arms/reqDifficulty/getMonitor.do,(호출 없음),GET,,,ReqDifficultyController,프론트 호출 없음,Frontend-Web 에서 호출하는 곳 없음 / 해당 basePath 를 부르는 프론트 호출이 한 건도 없음 / 상속 전개 엔드포인트(inherited(TreeAbstractController))
(호출 메뉴 없음) /arms/reqDifficulty,BE→호출없음,상속(TreeAbstractController),/arms/reqDifficulty/getNode.do,(호출 없음),GET,,,ReqDifficultyController,프론트 호출 없음,Frontend-Web 에서 호출하는 곳 없음 / 해당 basePath 를 부르는 프론트 호출이 한 건도 없음 / 상속 전개 엔드포인트(inherited(TreeAbstractController))
(호출 메뉴 없음) /arms/reqDifficulty,BE→호출없음,상속(TreeAbstractController),/arms/reqDifficulty/getNodesWithoutRoot.do,(호출 없음),GET,,,ReqDifficultyController,프론트 호출 없음,Frontend-Web 에서 호출하는 곳 없음 / 해당 basePath 를 부르는 프론트 호출이 한 건도 없음 / 상속 전개 엔드포인트(inherited(TreeAbstractController))
(호출 메뉴 없음) /arms/reqDifficulty,BE→호출없음,상속(TreeAbstractController),/arms/reqDifficulty/getPaginatedChildNode.do,(호출 없음),GET,,,ReqDifficultyController,프론트 호출 없음,Frontend-Web 에서 호출하는 곳 없음 / 해당 basePath 를 부르는 프론트 호출이 한 건도 없음 / 상속 전개 엔드포인트(inherited(TreeAbstractController))
(호출 메뉴 없음) /arms/reqDifficulty,BE→호출없음,상속(TreeAbstractController),/arms/reqDifficulty/moveNode.do,(호출 없음),POST,,,ReqDifficultyController,프론트 호출 없음,Frontend-Web 에서 호출하는 곳 없음 / 해당 basePath 를 부르는 프론트 호출이 한 건도 없음 / 상속 전개 엔드포인트(inherited(TreeAbstractController))
(호출 메뉴 없음) /arms/reqDifficulty,BE→호출없음,상속(TreeAbstractController),/arms/reqDifficulty/removeNode.do,(호출 없음),DELETE,,,ReqDifficultyController,프론트 호출 없음,Frontend-Web 에서 호출하는 곳 없음 / 해당 basePath 를 부르는 프론트 호출이 한 건도 없음 / 상속 전개 엔드포인트(inherited(TreeAbstractController))
(호출 메뉴 없음) /arms/reqDifficulty,BE→호출없음,상속(TreeAbstractController),/arms/reqDifficulty/searchNode.do,(호출 없음),GET,,,ReqDifficultyController,프론트 호출 없음,Frontend-Web 에서 호출하는 곳 없음 / 해당 basePath 를 부르는 프론트 호출이 한 건도 없음 / 상속 전개 엔드포인트(inherited(TreeAbstractController))
(호출 메뉴 없음) /arms/reqDifficulty,BE→호출없음,상속(TreeAbstractController),/arms/reqDifficulty/send-message,(호출 없음),GET,,,ReqDifficultyController,프론트 호출 없음,Frontend-Web 에서 호출하는 곳 없음 / 해당 basePath 를 부르는 프론트 호출이 한 건도 없음 / 상속 전개 엔드포인트(inherited(TreeAbstractController))
(호출 메뉴 없음) /arms/reqDifficulty,BE→호출없음,상속(TreeAbstractController),/arms/reqDifficulty/updateNode.do,(호출 없음),PUT,,,ReqDifficultyController,프론트 호출 없음,Frontend-Web 에서 호출하는 곳 없음 / 해당 basePath 를 부르는 프론트 호출이 한 건도 없음 / 상속 전개 엔드포인트(inherited(TreeAbstractController))
(호출 메뉴 없음) /arms/reqImportance,BE→호출없음,상속(TreeAbstractController),/arms/reqImportance/addNode.do,(호출 없음),POST,,,ReqImportanceController,프론트 호출 없음,Frontend-Web 에서 호출하는 곳 없음 / 해당 basePath 를 부르는 프론트 호출이 한 건도 없음 / 상속 전개 엔드포인트(inherited(TreeAbstractController))
(호출 메뉴 없음) /arms/reqImportance,BE→호출없음,상속(TreeAbstractController),/arms/reqImportance/alterNode.do,(호출 없음),PUT,,,ReqImportanceController,프론트 호출 없음,Frontend-Web 에서 호출하는 곳 없음 / 해당 basePath 를 부르는 프론트 호출이 한 건도 없음 / 상속 전개 엔드포인트(inherited(TreeAbstractController))
(호출 메뉴 없음) /arms/reqImportance,BE→호출없음,상속(TreeAbstractController),/arms/reqImportance/alterNodeType.do,(호출 없음),PUT,,,ReqImportanceController,프론트 호출 없음,Frontend-Web 에서 호출하는 곳 없음 / 해당 basePath 를 부르는 프론트 호출이 한 건도 없음 / 상속 전개 엔드포인트(inherited(TreeAbstractController))
(호출 메뉴 없음) /arms/reqImportance,BE→호출없음,상속(TreeAbstractController),/arms/reqImportance/analyzeNode.do,(호출 없음),GET,,,ReqImportanceController,프론트 호출 없음,Frontend-Web 에서 호출하는 곳 없음 / 해당 basePath 를 부르는 프론트 호출이 한 건도 없음 / 상속 전개 엔드포인트(inherited(TreeAbstractController))
(호출 메뉴 없음) /arms/reqImportance,BE→호출없음,상속(TreeAbstractController),/arms/reqImportance/getChildNode.do,(호출 없음),GET,,,ReqImportanceController,프론트 호출 없음,Frontend-Web 에서 호출하는 곳 없음 / 해당 basePath 를 부르는 프론트 호출이 한 건도 없음 / 상속 전개 엔드포인트(inherited(TreeAbstractController))
(호출 메뉴 없음) /arms/reqImportance,BE→호출없음,상속(TreeAbstractController),/arms/reqImportance/getMonitor.do,(호출 없음),GET,,,ReqImportanceController,프론트 호출 없음,Frontend-Web 에서 호출하는 곳 없음 / 해당 basePath 를 부르는 프론트 호출이 한 건도 없음 / 상속 전개 엔드포인트(inherited(TreeAbstractController))
(호출 메뉴 없음) /arms/reqImportance,BE→호출없음,상속(TreeAbstractController),/arms/reqImportance/getNode.do,(호출 없음),GET,,,ReqImportanceController,프론트 호출 없음,Frontend-Web 에서 호출하는 곳 없음 / 해당 basePath 를 부르는 프론트 호출이 한 건도 없음 / 상속 전개 엔드포인트(inherited(TreeAbstractController))
(호출 메뉴 없음) /arms/reqImportance,BE→호출없음,상속(TreeAbstractController),/arms/reqImportance/getNodesWithoutRoot.do,(호출 없음),GET,,,ReqImportanceController,프론트 호출 없음,Frontend-Web 에서 호출하는 곳 없음 / 해당 basePath 를 부르는 프론트 호출이 한 건도 없음 / 상속 전개 엔드포인트(inherited(TreeAbstractController))
(호출 메뉴 없음) /arms/reqImportance,BE→호출없음,상속(TreeAbstractController),/arms/reqImportance/getPaginatedChildNode.do,(호출 없음),GET,,,ReqImportanceController,프론트 호출 없음,Frontend-Web 에서 호출하는 곳 없음 / 해당 basePath 를 부르는 프론트 호출이 한 건도 없음 / 상속 전개 엔드포인트(inherited(TreeAbstractController))
(호출 메뉴 없음) /arms/reqImportance,BE→호출없음,상속(TreeAbstractController),/arms/reqImportance/moveNode.do,(호출 없음),POST,,,ReqImportanceController,프론트 호출 없음,Frontend-Web 에서 호출하는 곳 없음 / 해당 basePath 를 부르는 프론트 호출이 한 건도 없음 / 상속 전개 엔드포인트(inherited(TreeAbstractController))
(호출 메뉴 없음) /arms/reqImportance,BE→호출없음,상속(TreeAbstractController),/arms/reqImportance/removeNode.do,(호출 없음),DELETE,,,ReqImportanceController,프론트 호출 없음,Frontend-Web 에서 호출하는 곳 없음 / 해당 basePath 를 부르는 프론트 호출이 한 건도 없음 / 상속 전개 엔드포인트(inherited(TreeAbstractController))
(호출 메뉴 없음) /arms/reqImportance,BE→호출없음,상속(TreeAbstractController),/arms/reqImportance/searchNode.do,(호출 없음),GET,,,ReqImportanceController,프론트 호출 없음,Frontend-Web 에서 호출하는 곳 없음 / 해당 basePath 를 부르는 프론트 호출이 한 건도 없음 / 상속 전개 엔드포인트(inherited(TreeAbstractController))
(호출 메뉴 없음) /arms/reqImportance,BE→호출없음,상속(TreeAbstractController),/arms/reqImportance/send-message,(호출 없음),GET,,,ReqImportanceController,프론트 호출 없음,Frontend-Web 에서 호출하는 곳 없음 / 해당 basePath 를 부르는 프론트 호출이 한 건도 없음 / 상속 전개 엔드포인트(inherited(TreeAbstractController))
(호출 메뉴 없음) /arms/reqImportance,BE→호출없음,상속(TreeAbstractController),/arms/reqImportance/updateNode.do,(호출 없음),PUT,,,ReqImportanceController,프론트 호출 없음,Frontend-Web 에서 호출하는 곳 없음 / 해당 basePath 를 부르는 프론트 호출이 한 건도 없음 / 상속 전개 엔드포인트(inherited(TreeAbstractController))
(호출 메뉴 없음) /arms/reqPriority,BE→호출없음,상속(TreeAbstractController),/arms/reqPriority/addNode.do,(호출 없음),POST,,,ReqPriorityController,프론트 호출 없음,Frontend-Web 에서 호출하는 곳 없음 / 해당 basePath 를 부르는 프론트 호출이 한 건도 없음 / 상속 전개 엔드포인트(inherited(TreeAbstractController))
(호출 메뉴 없음) /arms/reqPriority,BE→호출없음,상속(TreeAbstractController),/arms/reqPriority/alterNode.do,(호출 없음),PUT,,,ReqPriorityController,프론트 호출 없음,Frontend-Web 에서 호출하는 곳 없음 / 해당 basePath 를 부르는 프론트 호출이 한 건도 없음 / 상속 전개 엔드포인트(inherited(TreeAbstractController))
(호출 메뉴 없음) /arms/reqPriority,BE→호출없음,상속(TreeAbstractController),/arms/reqPriority/alterNodeType.do,(호출 없음),PUT,,,ReqPriorityController,프론트 호출 없음,Frontend-Web 에서 호출하는 곳 없음 / 해당 basePath 를 부르는 프론트 호출이 한 건도 없음 / 상속 전개 엔드포인트(inherited(TreeAbstractController))
(호출 메뉴 없음) /arms/reqPriority,BE→호출없음,상속(TreeAbstractController),/arms/reqPriority/analyzeNode.do,(호출 없음),GET,,,ReqPriorityController,프론트 호출 없음,Frontend-Web 에서 호출하는 곳 없음 / 해당 basePath 를 부르는 프론트 호출이 한 건도 없음 / 상속 전개 엔드포인트(inherited(TreeAbstractController))
(호출 메뉴 없음) /arms/reqPriority,BE→호출없음,상속(TreeAbstractController),/arms/reqPriority/getChildNode.do,(호출 없음),GET,,,ReqPriorityController,프론트 호출 없음,Frontend-Web 에서 호출하는 곳 없음 / 해당 basePath 를 부르는 프론트 호출이 한 건도 없음 / 상속 전개 엔드포인트(inherited(TreeAbstractController))
(호출 메뉴 없음) /arms/reqPriority,BE→호출없음,상속(TreeAbstractController),/arms/reqPriority/getMonitor.do,(호출 없음),GET,,,ReqPriorityController,프론트 호출 없음,Frontend-Web 에서 호출하는 곳 없음 / 해당 basePath 를 부르는 프론트 호출이 한 건도 없음 / 상속 전개 엔드포인트(inherited(TreeAbstractController))
(호출 메뉴 없음) /arms/reqPriority,BE→호출없음,상속(TreeAbstractController),/arms/reqPriority/getNode.do,(호출 없음),GET,,,ReqPriorityController,프론트 호출 없음,Frontend-Web 에서 호출하는 곳 없음 / 해당 basePath 를 부르는 프론트 호출이 한 건도 없음 / 상속 전개 엔드포인트(inherited(TreeAbstractController))
(호출 메뉴 없음) /arms/reqPriority,BE→호출없음,상속(TreeAbstractController),/arms/reqPriority/getNodesWithoutRoot.do,(호출 없음),GET,,,ReqPriorityController,프론트 호출 없음,Frontend-Web 에서 호출하는 곳 없음 / 해당 basePath 를 부르는 프론트 호출이 한 건도 없음 / 상속 전개 엔드포인트(inherited(TreeAbstractController))
(호출 메뉴 없음) /arms/reqPriority,BE→호출없음,상속(TreeAbstractController),/arms/reqPriority/getPaginatedChildNode.do,(호출 없음),GET,,,ReqPriorityController,프론트 호출 없음,Frontend-Web 에서 호출하는 곳 없음 / 해당 basePath 를 부르는 프론트 호출이 한 건도 없음 / 상속 전개 엔드포인트(inherited(TreeAbstractController))
(호출 메뉴 없음) /arms/reqPriority,BE→호출없음,상속(TreeAbstractController),/arms/reqPriority/moveNode.do,(호출 없음),POST,,,ReqPriorityController,프론트 호출 없음,Frontend-Web 에서 호출하는 곳 없음 / 해당 basePath 를 부르는 프론트 호출이 한 건도 없음 / 상속 전개 엔드포인트(inherited(TreeAbstractController))
(호출 메뉴 없음) /arms/reqPriority,BE→호출없음,상속(TreeAbstractController),/arms/reqPriority/removeNode.do,(호출 없음),DELETE,,,ReqPriorityController,프론트 호출 없음,Frontend-Web 에서 호출하는 곳 없음 / 해당 basePath 를 부르는 프론트 호출이 한 건도 없음 / 상속 전개 엔드포인트(inherited(TreeAbstractController))
(호출 메뉴 없음) /arms/reqPriority,BE→호출없음,상속(TreeAbstractController),/arms/reqPriority/searchNode.do,(호출 없음),GET,,,ReqPriorityController,프론트 호출 없음,Frontend-Web 에서 호출하는 곳 없음 / 해당 basePath 를 부르는 프론트 호출이 한 건도 없음 / 상속 전개 엔드포인트(inherited(TreeAbstractController))
(호출 메뉴 없음) /arms/reqPriority,BE→호출없음,상속(TreeAbstractController),/arms/reqPriority/send-message,(호출 없음),GET,,,ReqPriorityController,프론트 호출 없음,Frontend-Web 에서 호출하는 곳 없음 / 해당 basePath 를 부르는 프론트 호출이 한 건도 없음 / 상속 전개 엔드포인트(inherited(TreeAbstractController))
(호출 메뉴 없음) /arms/reqPriority,BE→호출없음,상속(TreeAbstractController),/arms/reqPriority/updateNode.do,(호출 없음),PUT,,,ReqPriorityController,프론트 호출 없음,Frontend-Web 에서 호출하는 곳 없음 / 해당 basePath 를 부르는 프론트 호출이 한 건도 없음 / 상속 전개 엔드포인트(inherited(TreeAbstractController))
(호출 메뉴 없음) /arms/reqReview,BE→호출없음,상속(TreeAbstractController),/arms/reqReview/addNode.do,(호출 없음),POST,,,ReqReviewController,프론트 호출 없음,Frontend-Web 에서 호출하는 곳 없음 / 해당 basePath 를 부르는 프론트 호출이 한 건도 없음 / 상속 전개 엔드포인트(inherited(TreeAbstractController))
(호출 메뉴 없음) /arms/reqReview,BE→호출없음,상속(TreeAbstractController),/arms/reqReview/alterNode.do,(호출 없음),PUT,,,ReqReviewController,프론트 호출 없음,Frontend-Web 에서 호출하는 곳 없음 / 해당 basePath 를 부르는 프론트 호출이 한 건도 없음 / 상속 전개 엔드포인트(inherited(TreeAbstractController))
(호출 메뉴 없음) /arms/reqReview,BE→호출없음,상속(TreeAbstractController),/arms/reqReview/alterNodeType.do,(호출 없음),PUT,,,ReqReviewController,프론트 호출 없음,Frontend-Web 에서 호출하는 곳 없음 / 해당 basePath 를 부르는 프론트 호출이 한 건도 없음 / 상속 전개 엔드포인트(inherited(TreeAbstractController))
(호출 메뉴 없음) /arms/reqReview,BE→호출없음,상속(TreeAbstractController),/arms/reqReview/analyzeNode.do,(호출 없음),GET,,,ReqReviewController,프론트 호출 없음,Frontend-Web 에서 호출하는 곳 없음 / 해당 basePath 를 부르는 프론트 호출이 한 건도 없음 / 상속 전개 엔드포인트(inherited(TreeAbstractController))
(호출 메뉴 없음) /arms/reqReview,BE→호출없음,상속(TreeAbstractController),/arms/reqReview/getChildNode.do,(호출 없음),GET,,,ReqReviewController,프론트 호출 없음,Frontend-Web 에서 호출하는 곳 없음 / 해당 basePath 를 부르는 프론트 호출이 한 건도 없음 / 상속 전개 엔드포인트(inherited(TreeAbstractController))
(호출 메뉴 없음) /arms/reqReview,BE→호출없음,상속(TreeAbstractController),/arms/reqReview/getMonitor.do,(호출 없음),GET,,,ReqReviewController,프론트 호출 없음,Frontend-Web 에서 호출하는 곳 없음 / 해당 basePath 를 부르는 프론트 호출이 한 건도 없음 / 상속 전개 엔드포인트(inherited(TreeAbstractController))
(호출 메뉴 없음) /arms/reqReview,BE→호출없음,상속(TreeAbstractController),/arms/reqReview/getNode.do,(호출 없음),GET,,,ReqReviewController,프론트 호출 없음,Frontend-Web 에서 호출하는 곳 없음 / 해당 basePath 를 부르는 프론트 호출이 한 건도 없음 / 상속 전개 엔드포인트(inherited(TreeAbstractController))
(호출 메뉴 없음) /arms/reqReview,BE→호출없음,상속(TreeAbstractController),/arms/reqReview/getNodesWithoutRoot.do,(호출 없음),GET,,,ReqReviewController,프론트 호출 없음,Frontend-Web 에서 호출하는 곳 없음 / 해당 basePath 를 부르는 프론트 호출이 한 건도 없음 / 상속 전개 엔드포인트(inherited(TreeAbstractController))
(호출 메뉴 없음) /arms/reqReview,BE→호출없음,상속(TreeAbstractController),/arms/reqReview/getPaginatedChildNode.do,(호출 없음),GET,,,ReqReviewController,프론트 호출 없음,Frontend-Web 에서 호출하는 곳 없음 / 해당 basePath 를 부르는 프론트 호출이 한 건도 없음 / 상속 전개 엔드포인트(inherited(TreeAbstractController))
(호출 메뉴 없음) /arms/reqReview,BE→호출없음,상속(TreeAbstractController),/arms/reqReview/moveNode.do,(호출 없음),POST,,,ReqReviewController,프론트 호출 없음,Frontend-Web 에서 호출하는 곳 없음 / 해당 basePath 를 부르는 프론트 호출이 한 건도 없음 / 상속 전개 엔드포인트(inherited(TreeAbstractController))
(호출 메뉴 없음) /arms/reqReview,BE→호출없음,상속(TreeAbstractController),/arms/reqReview/removeNode.do,(호출 없음),DELETE,,,ReqReviewController,프론트 호출 없음,Frontend-Web 에서 호출하는 곳 없음 / 해당 basePath 를 부르는 프론트 호출이 한 건도 없음 / 상속 전개 엔드포인트(inherited(TreeAbstractController))
(호출 메뉴 없음) /arms/reqReview,BE→호출없음,상속(TreeAbstractController),/arms/reqReview/searchNode.do,(호출 없음),GET,,,ReqReviewController,프론트 호출 없음,Frontend-Web 에서 호출하는 곳 없음 / 해당 basePath 를 부르는 프론트 호출이 한 건도 없음 / 상속 전개 엔드포인트(inherited(TreeAbstractController))
(호출 메뉴 없음) /arms/reqReview,BE→호출없음,상속(TreeAbstractController),/arms/reqReview/send-message,(호출 없음),GET,,,ReqReviewController,프론트 호출 없음,Frontend-Web 에서 호출하는 곳 없음 / 해당 basePath 를 부르는 프론트 호출이 한 건도 없음 / 상속 전개 엔드포인트(inherited(TreeAbstractController))
(호출 메뉴 없음) /arms/reqReview,BE→호출없음,상속(TreeAbstractController),/arms/reqReview/updateNode.do,(호출 없음),PUT,,,ReqReviewController,프론트 호출 없음,Frontend-Web 에서 호출하는 곳 없음 / 해당 basePath 를 부르는 프론트 호출이 한 건도 없음 / 상속 전개 엔드포인트(inherited(TreeAbstractController))
(호출 메뉴 없음) /arms/reqReviewComment,BE→호출없음,상속(TreeAbstractController),/arms/reqReviewComment/addNode.do,(호출 없음),POST,,,ReqReviewCommentController,프론트 호출 없음,Frontend-Web 에서 호출하는 곳 없음 / 해당 basePath 를 부르는 프론트 호출이 한 건도 없음 / 상속 전개 엔드포인트(inherited(TreeAbstractController))
(호출 메뉴 없음) /arms/reqReviewComment,BE→호출없음,상속(TreeAbstractController),/arms/reqReviewComment/alterNode.do,(호출 없음),PUT,,,ReqReviewCommentController,프론트 호출 없음,Frontend-Web 에서 호출하는 곳 없음 / 해당 basePath 를 부르는 프론트 호출이 한 건도 없음 / 상속 전개 엔드포인트(inherited(TreeAbstractController))
(호출 메뉴 없음) /arms/reqReviewComment,BE→호출없음,상속(TreeAbstractController),/arms/reqReviewComment/alterNodeType.do,(호출 없음),PUT,,,ReqReviewCommentController,프론트 호출 없음,Frontend-Web 에서 호출하는 곳 없음 / 해당 basePath 를 부르는 프론트 호출이 한 건도 없음 / 상속 전개 엔드포인트(inherited(TreeAbstractController))
(호출 메뉴 없음) /arms/reqReviewComment,BE→호출없음,상속(TreeAbstractController),/arms/reqReviewComment/analyzeNode.do,(호출 없음),GET,,,ReqReviewCommentController,프론트 호출 없음,Frontend-Web 에서 호출하는 곳 없음 / 해당 basePath 를 부르는 프론트 호출이 한 건도 없음 / 상속 전개 엔드포인트(inherited(TreeAbstractController))
(호출 메뉴 없음) /arms/reqReviewComment,BE→호출없음,상속(TreeAbstractController),/arms/reqReviewComment/getChildNode.do,(호출 없음),GET,,,ReqReviewCommentController,프론트 호출 없음,Frontend-Web 에서 호출하는 곳 없음 / 해당 basePath 를 부르는 프론트 호출이 한 건도 없음 / 상속 전개 엔드포인트(inherited(TreeAbstractController))
(호출 메뉴 없음) /arms/reqReviewComment,BE→호출없음,상속(TreeAbstractController),/arms/reqReviewComment/getMonitor.do,(호출 없음),GET,,,ReqReviewCommentController,프론트 호출 없음,Frontend-Web 에서 호출하는 곳 없음 / 해당 basePath 를 부르는 프론트 호출이 한 건도 없음 / 상속 전개 엔드포인트(inherited(TreeAbstractController))
(호출 메뉴 없음) /arms/reqReviewComment,BE→호출없음,상속(TreeAbstractController),/arms/reqReviewComment/getNode.do,(호출 없음),GET,,,ReqReviewCommentController,프론트 호출 없음,Frontend-Web 에서 호출하는 곳 없음 / 해당 basePath 를 부르는 프론트 호출이 한 건도 없음 / 상속 전개 엔드포인트(inherited(TreeAbstractController))
(호출 메뉴 없음) /arms/reqReviewComment,BE→호출없음,상속(TreeAbstractController),/arms/reqReviewComment/getNodesWithoutRoot.do,(호출 없음),GET,,,ReqReviewCommentController,프론트 호출 없음,Frontend-Web 에서 호출하는 곳 없음 / 해당 basePath 를 부르는 프론트 호출이 한 건도 없음 / 상속 전개 엔드포인트(inherited(TreeAbstractController))
(호출 메뉴 없음) /arms/reqReviewComment,BE→호출없음,상속(TreeAbstractController),/arms/reqReviewComment/getPaginatedChildNode.do,(호출 없음),GET,,,ReqReviewCommentController,프론트 호출 없음,Frontend-Web 에서 호출하는 곳 없음 / 해당 basePath 를 부르는 프론트 호출이 한 건도 없음 / 상속 전개 엔드포인트(inherited(TreeAbstractController))
(호출 메뉴 없음) /arms/reqReviewComment,BE→호출없음,상속(TreeAbstractController),/arms/reqReviewComment/moveNode.do,(호출 없음),POST,,,ReqReviewCommentController,프론트 호출 없음,Frontend-Web 에서 호출하는 곳 없음 / 해당 basePath 를 부르는 프론트 호출이 한 건도 없음 / 상속 전개 엔드포인트(inherited(TreeAbstractController))
(호출 메뉴 없음) /arms/reqReviewComment,BE→호출없음,상속(TreeAbstractController),/arms/reqReviewComment/removeNode.do,(호출 없음),DELETE,,,ReqReviewCommentController,프론트 호출 없음,Frontend-Web 에서 호출하는 곳 없음 / 해당 basePath 를 부르는 프론트 호출이 한 건도 없음 / 상속 전개 엔드포인트(inherited(TreeAbstractController))
(호출 메뉴 없음) /arms/reqReviewComment,BE→호출없음,상속(TreeAbstractController),/arms/reqReviewComment/searchNode.do,(호출 없음),GET,,,ReqReviewCommentController,프론트 호출 없음,Frontend-Web 에서 호출하는 곳 없음 / 해당 basePath 를 부르는 프론트 호출이 한 건도 없음 / 상속 전개 엔드포인트(inherited(TreeAbstractController))
(호출 메뉴 없음) /arms/reqReviewComment,BE→호출없음,상속(TreeAbstractController),/arms/reqReviewComment/send-message,(호출 없음),GET,,,ReqReviewCommentController,프론트 호출 없음,Frontend-Web 에서 호출하는 곳 없음 / 해당 basePath 를 부르는 프론트 호출이 한 건도 없음 / 상속 전개 엔드포인트(inherited(TreeAbstractController))
(호출 메뉴 없음) /arms/reqReviewComment,BE→호출없음,상속(TreeAbstractController),/arms/reqReviewComment/updateNode.do,(호출 없음),PUT,,,ReqReviewCommentController,프론트 호출 없음,Frontend-Web 에서 호출하는 곳 없음 / 해당 basePath 를 부르는 프론트 호출이 한 건도 없음 / 상속 전개 엔드포인트(inherited(TreeAbstractController))
(호출 메뉴 없음) /arms/reqReviewCommentLog,BE→호출없음,상속(TreeAbstractController),/arms/reqReviewCommentLog/addNode.do,(호출 없음),POST,,,ReqReviewCommentLogController,프론트 호출 없음,Frontend-Web 에서 호출하는 곳 없음 / 해당 basePath 를 부르는 프론트 호출이 한 건도 없음 / 상속 전개 엔드포인트(inherited(TreeAbstractController))
(호출 메뉴 없음) /arms/reqReviewCommentLog,BE→호출없음,상속(TreeAbstractController),/arms/reqReviewCommentLog/alterNode.do,(호출 없음),PUT,,,ReqReviewCommentLogController,프론트 호출 없음,Frontend-Web 에서 호출하는 곳 없음 / 해당 basePath 를 부르는 프론트 호출이 한 건도 없음 / 상속 전개 엔드포인트(inherited(TreeAbstractController))
(호출 메뉴 없음) /arms/reqReviewCommentLog,BE→호출없음,상속(TreeAbstractController),/arms/reqReviewCommentLog/alterNodeType.do,(호출 없음),PUT,,,ReqReviewCommentLogController,프론트 호출 없음,Frontend-Web 에서 호출하는 곳 없음 / 해당 basePath 를 부르는 프론트 호출이 한 건도 없음 / 상속 전개 엔드포인트(inherited(TreeAbstractController))
(호출 메뉴 없음) /arms/reqReviewCommentLog,BE→호출없음,상속(TreeAbstractController),/arms/reqReviewCommentLog/analyzeNode.do,(호출 없음),GET,,,ReqReviewCommentLogController,프론트 호출 없음,Frontend-Web 에서 호출하는 곳 없음 / 해당 basePath 를 부르는 프론트 호출이 한 건도 없음 / 상속 전개 엔드포인트(inherited(TreeAbstractController))
(호출 메뉴 없음) /arms/reqReviewCommentLog,BE→호출없음,상속(TreeAbstractController),/arms/reqReviewCommentLog/getChildNode.do,(호출 없음),GET,,,ReqReviewCommentLogController,프론트 호출 없음,Frontend-Web 에서 호출하는 곳 없음 / 해당 basePath 를 부르는 프론트 호출이 한 건도 없음 / 상속 전개 엔드포인트(inherited(TreeAbstractController))
(호출 메뉴 없음) /arms/reqReviewCommentLog,BE→호출없음,상속(TreeAbstractController),/arms/reqReviewCommentLog/getMonitor.do,(호출 없음),GET,,,ReqReviewCommentLogController,프론트 호출 없음,Frontend-Web 에서 호출하는 곳 없음 / 해당 basePath 를 부르는 프론트 호출이 한 건도 없음 / 상속 전개 엔드포인트(inherited(TreeAbstractController))
(호출 메뉴 없음) /arms/reqReviewCommentLog,BE→호출없음,상속(TreeAbstractController),/arms/reqReviewCommentLog/getNode.do,(호출 없음),GET,,,ReqReviewCommentLogController,프론트 호출 없음,Frontend-Web 에서 호출하는 곳 없음 / 해당 basePath 를 부르는 프론트 호출이 한 건도 없음 / 상속 전개 엔드포인트(inherited(TreeAbstractController))
(호출 메뉴 없음) /arms/reqReviewCommentLog,BE→호출없음,상속(TreeAbstractController),/arms/reqReviewCommentLog/getNodesWithoutRoot.do,(호출 없음),GET,,,ReqReviewCommentLogController,프론트 호출 없음,Frontend-Web 에서 호출하는 곳 없음 / 해당 basePath 를 부르는 프론트 호출이 한 건도 없음 / 상속 전개 엔드포인트(inherited(TreeAbstractController))
(호출 메뉴 없음) /arms/reqReviewCommentLog,BE→호출없음,상속(TreeAbstractController),/arms/reqReviewCommentLog/getPaginatedChildNode.do,(호출 없음),GET,,,ReqReviewCommentLogController,프론트 호출 없음,Frontend-Web 에서 호출하는 곳 없음 / 해당 basePath 를 부르는 프론트 호출이 한 건도 없음 / 상속 전개 엔드포인트(inherited(TreeAbstractController))
(호출 메뉴 없음) /arms/reqReviewCommentLog,BE→호출없음,상속(TreeAbstractController),/arms/reqReviewCommentLog/moveNode.do,(호출 없음),POST,,,ReqReviewCommentLogController,프론트 호출 없음,Frontend-Web 에서 호출하는 곳 없음 / 해당 basePath 를 부르는 프론트 호출이 한 건도 없음 / 상속 전개 엔드포인트(inherited(TreeAbstractController))
(호출 메뉴 없음) /arms/reqReviewCommentLog,BE→호출없음,상속(TreeAbstractController),/arms/reqReviewCommentLog/removeNode.do,(호출 없음),DELETE,,,ReqReviewCommentLogController,프론트 호출 없음,Frontend-Web 에서 호출하는 곳 없음 / 해당 basePath 를 부르는 프론트 호출이 한 건도 없음 / 상속 전개 엔드포인트(inherited(TreeAbstractController))
(호출 메뉴 없음) /arms/reqReviewCommentLog,BE→호출없음,상속(TreeAbstractController),/arms/reqReviewCommentLog/searchNode.do,(호출 없음),GET,,,ReqReviewCommentLogController,프론트 호출 없음,Frontend-Web 에서 호출하는 곳 없음 / 해당 basePath 를 부르는 프론트 호출이 한 건도 없음 / 상속 전개 엔드포인트(inherited(TreeAbstractController))
(호출 메뉴 없음) /arms/reqReviewCommentLog,BE→호출없음,상속(TreeAbstractController),/arms/reqReviewCommentLog/send-message,(호출 없음),GET,,,ReqReviewCommentLogController,프론트 호출 없음,Frontend-Web 에서 호출하는 곳 없음 / 해당 basePath 를 부르는 프론트 호출이 한 건도 없음 / 상속 전개 엔드포인트(inherited(TreeAbstractController))
(호출 메뉴 없음) /arms/reqReviewCommentLog,BE→호출없음,상속(TreeAbstractController),/arms/reqReviewCommentLog/updateNode.do,(호출 없음),PUT,,,ReqReviewCommentLogController,프론트 호출 없음,Frontend-Web 에서 호출하는 곳 없음 / 해당 basePath 를 부르는 프론트 호출이 한 건도 없음 / 상속 전개 엔드포인트(inherited(TreeAbstractController))
(호출 메뉴 없음) /arms/reqReviewLog,BE→호출없음,상속(TreeAbstractController),/arms/reqReviewLog/addNode.do,(호출 없음),POST,,,ReqReviewLogController,프론트 호출 없음,Frontend-Web 에서 호출하는 곳 없음 / 해당 basePath 를 부르는 프론트 호출이 한 건도 없음 / 상속 전개 엔드포인트(inherited(TreeAbstractController))
(호출 메뉴 없음) /arms/reqReviewLog,BE→호출없음,상속(TreeAbstractController),/arms/reqReviewLog/alterNode.do,(호출 없음),PUT,,,ReqReviewLogController,프론트 호출 없음,Frontend-Web 에서 호출하는 곳 없음 / 해당 basePath 를 부르는 프론트 호출이 한 건도 없음 / 상속 전개 엔드포인트(inherited(TreeAbstractController))
(호출 메뉴 없음) /arms/reqReviewLog,BE→호출없음,상속(TreeAbstractController),/arms/reqReviewLog/alterNodeType.do,(호출 없음),PUT,,,ReqReviewLogController,프론트 호출 없음,Frontend-Web 에서 호출하는 곳 없음 / 해당 basePath 를 부르는 프론트 호출이 한 건도 없음 / 상속 전개 엔드포인트(inherited(TreeAbstractController))
(호출 메뉴 없음) /arms/reqReviewLog,BE→호출없음,상속(TreeAbstractController),/arms/reqReviewLog/analyzeNode.do,(호출 없음),GET,,,ReqReviewLogController,프론트 호출 없음,Frontend-Web 에서 호출하는 곳 없음 / 해당 basePath 를 부르는 프론트 호출이 한 건도 없음 / 상속 전개 엔드포인트(inherited(TreeAbstractController))
(호출 메뉴 없음) /arms/reqReviewLog,BE→호출없음,상속(TreeAbstractController),/arms/reqReviewLog/getChildNode.do,(호출 없음),GET,,,ReqReviewLogController,프론트 호출 없음,Frontend-Web 에서 호출하는 곳 없음 / 해당 basePath 를 부르는 프론트 호출이 한 건도 없음 / 상속 전개 엔드포인트(inherited(TreeAbstractController))
(호출 메뉴 없음) /arms/reqReviewLog,BE→호출없음,상속(TreeAbstractController),/arms/reqReviewLog/getMonitor.do,(호출 없음),GET,,,ReqReviewLogController,프론트 호출 없음,Frontend-Web 에서 호출하는 곳 없음 / 해당 basePath 를 부르는 프론트 호출이 한 건도 없음 / 상속 전개 엔드포인트(inherited(TreeAbstractController))
(호출 메뉴 없음) /arms/reqReviewLog,BE→호출없음,상속(TreeAbstractController),/arms/reqReviewLog/getNode.do,(호출 없음),GET,,,ReqReviewLogController,프론트 호출 없음,Frontend-Web 에서 호출하는 곳 없음 / 해당 basePath 를 부르는 프론트 호출이 한 건도 없음 / 상속 전개 엔드포인트(inherited(TreeAbstractController))
(호출 메뉴 없음) /arms/reqReviewLog,BE→호출없음,상속(TreeAbstractController),/arms/reqReviewLog/getNodesWithoutRoot.do,(호출 없음),GET,,,ReqReviewLogController,프론트 호출 없음,Frontend-Web 에서 호출하는 곳 없음 / 해당 basePath 를 부르는 프론트 호출이 한 건도 없음 / 상속 전개 엔드포인트(inherited(TreeAbstractController))
(호출 메뉴 없음) /arms/reqReviewLog,BE→호출없음,상속(TreeAbstractController),/arms/reqReviewLog/getPaginatedChildNode.do,(호출 없음),GET,,,ReqReviewLogController,프론트 호출 없음,Frontend-Web 에서 호출하는 곳 없음 / 해당 basePath 를 부르는 프론트 호출이 한 건도 없음 / 상속 전개 엔드포인트(inherited(TreeAbstractController))
(호출 메뉴 없음) /arms/reqReviewLog,BE→호출없음,상속(TreeAbstractController),/arms/reqReviewLog/moveNode.do,(호출 없음),POST,,,ReqReviewLogController,프론트 호출 없음,Frontend-Web 에서 호출하는 곳 없음 / 해당 basePath 를 부르는 프론트 호출이 한 건도 없음 / 상속 전개 엔드포인트(inherited(TreeAbstractController))
(호출 메뉴 없음) /arms/reqReviewLog,BE→호출없음,상속(TreeAbstractController),/arms/reqReviewLog/removeNode.do,(호출 없음),DELETE,,,ReqReviewLogController,프론트 호출 없음,Frontend-Web 에서 호출하는 곳 없음 / 해당 basePath 를 부르는 프론트 호출이 한 건도 없음 / 상속 전개 엔드포인트(inherited(TreeAbstractController))
(호출 메뉴 없음) /arms/reqReviewLog,BE→호출없음,상속(TreeAbstractController),/arms/reqReviewLog/searchNode.do,(호출 없음),GET,,,ReqReviewLogController,프론트 호출 없음,Frontend-Web 에서 호출하는 곳 없음 / 해당 basePath 를 부르는 프론트 호출이 한 건도 없음 / 상속 전개 엔드포인트(inherited(TreeAbstractController))
(호출 메뉴 없음) /arms/reqReviewLog,BE→호출없음,상속(TreeAbstractController),/arms/reqReviewLog/send-message,(호출 없음),GET,,,ReqReviewLogController,프론트 호출 없음,Frontend-Web 에서 호출하는 곳 없음 / 해당 basePath 를 부르는 프론트 호출이 한 건도 없음 / 상속 전개 엔드포인트(inherited(TreeAbstractController))
(호출 메뉴 없음) /arms/reqReviewLog,BE→호출없음,상속(TreeAbstractController),/arms/reqReviewLog/updateNode.do,(호출 없음),PUT,,,ReqReviewLogController,프론트 호출 없음,Frontend-Web 에서 호출하는 곳 없음 / 해당 basePath 를 부르는 프론트 호출이 한 건도 없음 / 상속 전개 엔드포인트(inherited(TreeAbstractController))
(호출 메뉴 없음) /arms/reqStateCategoryLog,BE→호출없음,상속(TreeAbstractController),/arms/reqStateCategoryLog/addNode.do,(호출 없음),POST,,,ReqStateCategoryLogController,프론트 호출 없음,Frontend-Web 에서 호출하는 곳 없음 / 해당 basePath 를 부르는 프론트 호출이 한 건도 없음 / 상속 전개 엔드포인트(inherited(TreeAbstractController))
(호출 메뉴 없음) /arms/reqStateCategoryLog,BE→호출없음,상속(TreeAbstractController),/arms/reqStateCategoryLog/alterNode.do,(호출 없음),PUT,,,ReqStateCategoryLogController,프론트 호출 없음,Frontend-Web 에서 호출하는 곳 없음 / 해당 basePath 를 부르는 프론트 호출이 한 건도 없음 / 상속 전개 엔드포인트(inherited(TreeAbstractController))
(호출 메뉴 없음) /arms/reqStateCategoryLog,BE→호출없음,상속(TreeAbstractController),/arms/reqStateCategoryLog/alterNodeType.do,(호출 없음),PUT,,,ReqStateCategoryLogController,프론트 호출 없음,Frontend-Web 에서 호출하는 곳 없음 / 해당 basePath 를 부르는 프론트 호출이 한 건도 없음 / 상속 전개 엔드포인트(inherited(TreeAbstractController))
(호출 메뉴 없음) /arms/reqStateCategoryLog,BE→호출없음,상속(TreeAbstractController),/arms/reqStateCategoryLog/analyzeNode.do,(호출 없음),GET,,,ReqStateCategoryLogController,프론트 호출 없음,Frontend-Web 에서 호출하는 곳 없음 / 해당 basePath 를 부르는 프론트 호출이 한 건도 없음 / 상속 전개 엔드포인트(inherited(TreeAbstractController))
(호출 메뉴 없음) /arms/reqStateCategoryLog,BE→호출없음,상속(TreeAbstractController),/arms/reqStateCategoryLog/getChildNode.do,(호출 없음),GET,,,ReqStateCategoryLogController,프론트 호출 없음,Frontend-Web 에서 호출하는 곳 없음 / 해당 basePath 를 부르는 프론트 호출이 한 건도 없음 / 상속 전개 엔드포인트(inherited(TreeAbstractController))
(호출 메뉴 없음) /arms/reqStateCategoryLog,BE→호출없음,상속(TreeAbstractController),/arms/reqStateCategoryLog/getMonitor.do,(호출 없음),GET,,,ReqStateCategoryLogController,프론트 호출 없음,Frontend-Web 에서 호출하는 곳 없음 / 해당 basePath 를 부르는 프론트 호출이 한 건도 없음 / 상속 전개 엔드포인트(inherited(TreeAbstractController))
(호출 메뉴 없음) /arms/reqStateCategoryLog,BE→호출없음,상속(TreeAbstractController),/arms/reqStateCategoryLog/getNode.do,(호출 없음),GET,,,ReqStateCategoryLogController,프론트 호출 없음,Frontend-Web 에서 호출하는 곳 없음 / 해당 basePath 를 부르는 프론트 호출이 한 건도 없음 / 상속 전개 엔드포인트(inherited(TreeAbstractController))
(호출 메뉴 없음) /arms/reqStateCategoryLog,BE→호출없음,상속(TreeAbstractController),/arms/reqStateCategoryLog/getNodesWithoutRoot.do,(호출 없음),GET,,,ReqStateCategoryLogController,프론트 호출 없음,Frontend-Web 에서 호출하는 곳 없음 / 해당 basePath 를 부르는 프론트 호출이 한 건도 없음 / 상속 전개 엔드포인트(inherited(TreeAbstractController))
(호출 메뉴 없음) /arms/reqStateCategoryLog,BE→호출없음,상속(TreeAbstractController),/arms/reqStateCategoryLog/getPaginatedChildNode.do,(호출 없음),GET,,,ReqStateCategoryLogController,프론트 호출 없음,Frontend-Web 에서 호출하는 곳 없음 / 해당 basePath 를 부르는 프론트 호출이 한 건도 없음 / 상속 전개 엔드포인트(inherited(TreeAbstractController))
(호출 메뉴 없음) /arms/reqStateCategoryLog,BE→호출없음,상속(TreeAbstractController),/arms/reqStateCategoryLog/moveNode.do,(호출 없음),POST,,,ReqStateCategoryLogController,프론트 호출 없음,Frontend-Web 에서 호출하는 곳 없음 / 해당 basePath 를 부르는 프론트 호출이 한 건도 없음 / 상속 전개 엔드포인트(inherited(TreeAbstractController))
(호출 메뉴 없음) /arms/reqStateCategoryLog,BE→호출없음,상속(TreeAbstractController),/arms/reqStateCategoryLog/removeNode.do,(호출 없음),DELETE,,,ReqStateCategoryLogController,프론트 호출 없음,Frontend-Web 에서 호출하는 곳 없음 / 해당 basePath 를 부르는 프론트 호출이 한 건도 없음 / 상속 전개 엔드포인트(inherited(TreeAbstractController))
(호출 메뉴 없음) /arms/reqStateCategoryLog,BE→호출없음,상속(TreeAbstractController),/arms/reqStateCategoryLog/searchNode.do,(호출 없음),GET,,,ReqStateCategoryLogController,프론트 호출 없음,Frontend-Web 에서 호출하는 곳 없음 / 해당 basePath 를 부르는 프론트 호출이 한 건도 없음 / 상속 전개 엔드포인트(inherited(TreeAbstractController))
(호출 메뉴 없음) /arms/reqStateCategoryLog,BE→호출없음,상속(TreeAbstractController),/arms/reqStateCategoryLog/send-message,(호출 없음),GET,,,ReqStateCategoryLogController,프론트 호출 없음,Frontend-Web 에서 호출하는 곳 없음 / 해당 basePath 를 부르는 프론트 호출이 한 건도 없음 / 상속 전개 엔드포인트(inherited(TreeAbstractController))
(호출 메뉴 없음) /arms/reqStateCategoryLog,BE→호출없음,상속(TreeAbstractController),/arms/reqStateCategoryLog/updateNode.do,(호출 없음),PUT,,,ReqStateCategoryLogController,프론트 호출 없음,Frontend-Web 에서 호출하는 곳 없음 / 해당 basePath 를 부르는 프론트 호출이 한 건도 없음 / 상속 전개 엔드포인트(inherited(TreeAbstractController))
(호출 메뉴 없음) /arms/reqStatusLog,BE→호출없음,상속(TreeAbstractController),/arms/reqStatusLog/addNode.do,(호출 없음),POST,,,ReqStatusLogController,프론트 호출 없음,Frontend-Web 에서 호출하는 곳 없음 / 해당 basePath 를 부르는 프론트 호출이 한 건도 없음 / 상속 전개 엔드포인트(inherited(TreeAbstractController))
(호출 메뉴 없음) /arms/reqStatusLog,BE→호출없음,상속(TreeAbstractController),/arms/reqStatusLog/alterNode.do,(호출 없음),PUT,,,ReqStatusLogController,프론트 호출 없음,Frontend-Web 에서 호출하는 곳 없음 / 해당 basePath 를 부르는 프론트 호출이 한 건도 없음 / 상속 전개 엔드포인트(inherited(TreeAbstractController))
(호출 메뉴 없음) /arms/reqStatusLog,BE→호출없음,상속(TreeAbstractController),/arms/reqStatusLog/alterNodeType.do,(호출 없음),PUT,,,ReqStatusLogController,프론트 호출 없음,Frontend-Web 에서 호출하는 곳 없음 / 해당 basePath 를 부르는 프론트 호출이 한 건도 없음 / 상속 전개 엔드포인트(inherited(TreeAbstractController))
(호출 메뉴 없음) /arms/reqStatusLog,BE→호출없음,상속(TreeAbstractController),/arms/reqStatusLog/analyzeNode.do,(호출 없음),GET,,,ReqStatusLogController,프론트 호출 없음,Frontend-Web 에서 호출하는 곳 없음 / 해당 basePath 를 부르는 프론트 호출이 한 건도 없음 / 상속 전개 엔드포인트(inherited(TreeAbstractController))
(호출 메뉴 없음) /arms/reqStatusLog,BE→호출없음,상속(TreeAbstractController),/arms/reqStatusLog/getChildNode.do,(호출 없음),GET,,,ReqStatusLogController,프론트 호출 없음,Frontend-Web 에서 호출하는 곳 없음 / 해당 basePath 를 부르는 프론트 호출이 한 건도 없음 / 상속 전개 엔드포인트(inherited(TreeAbstractController))
(호출 메뉴 없음) /arms/reqStatusLog,BE→호출없음,상속(TreeAbstractController),/arms/reqStatusLog/getMonitor.do,(호출 없음),GET,,,ReqStatusLogController,프론트 호출 없음,Frontend-Web 에서 호출하는 곳 없음 / 해당 basePath 를 부르는 프론트 호출이 한 건도 없음 / 상속 전개 엔드포인트(inherited(TreeAbstractController))
(호출 메뉴 없음) /arms/reqStatusLog,BE→호출없음,상속(TreeAbstractController),/arms/reqStatusLog/getNode.do,(호출 없음),GET,,,ReqStatusLogController,프론트 호출 없음,Frontend-Web 에서 호출하는 곳 없음 / 해당 basePath 를 부르는 프론트 호출이 한 건도 없음 / 상속 전개 엔드포인트(inherited(TreeAbstractController))
(호출 메뉴 없음) /arms/reqStatusLog,BE→호출없음,상속(TreeAbstractController),/arms/reqStatusLog/getNodesWithoutRoot.do,(호출 없음),GET,,,ReqStatusLogController,프론트 호출 없음,Frontend-Web 에서 호출하는 곳 없음 / 해당 basePath 를 부르는 프론트 호출이 한 건도 없음 / 상속 전개 엔드포인트(inherited(TreeAbstractController))
(호출 메뉴 없음) /arms/reqStatusLog,BE→호출없음,상속(TreeAbstractController),/arms/reqStatusLog/getPaginatedChildNode.do,(호출 없음),GET,,,ReqStatusLogController,프론트 호출 없음,Frontend-Web 에서 호출하는 곳 없음 / 해당 basePath 를 부르는 프론트 호출이 한 건도 없음 / 상속 전개 엔드포인트(inherited(TreeAbstractController))
(호출 메뉴 없음) /arms/reqStatusLog,BE→호출없음,상속(TreeAbstractController),/arms/reqStatusLog/moveNode.do,(호출 없음),POST,,,ReqStatusLogController,프론트 호출 없음,Frontend-Web 에서 호출하는 곳 없음 / 해당 basePath 를 부르는 프론트 호출이 한 건도 없음 / 상속 전개 엔드포인트(inherited(TreeAbstractController))
(호출 메뉴 없음) /arms/reqStatusLog,BE→호출없음,상속(TreeAbstractController),/arms/reqStatusLog/removeNode.do,(호출 없음),DELETE,,,ReqStatusLogController,프론트 호출 없음,Frontend-Web 에서 호출하는 곳 없음 / 해당 basePath 를 부르는 프론트 호출이 한 건도 없음 / 상속 전개 엔드포인트(inherited(TreeAbstractController))
(호출 메뉴 없음) /arms/reqStatusLog,BE→호출없음,상속(TreeAbstractController),/arms/reqStatusLog/searchNode.do,(호출 없음),GET,,,ReqStatusLogController,프론트 호출 없음,Frontend-Web 에서 호출하는 곳 없음 / 해당 basePath 를 부르는 프론트 호출이 한 건도 없음 / 상속 전개 엔드포인트(inherited(TreeAbstractController))
(호출 메뉴 없음) /arms/reqStatusLog,BE→호출없음,상속(TreeAbstractController),/arms/reqStatusLog/send-message,(호출 없음),GET,,,ReqStatusLogController,프론트 호출 없음,Frontend-Web 에서 호출하는 곳 없음 / 해당 basePath 를 부르는 프론트 호출이 한 건도 없음 / 상속 전개 엔드포인트(inherited(TreeAbstractController))
(호출 메뉴 없음) /arms/reqStatusLog,BE→호출없음,상속(TreeAbstractController),/arms/reqStatusLog/updateNode.do,(호출 없음),PUT,,,ReqStatusLogController,프론트 호출 없음,Frontend-Web 에서 호출하는 곳 없음 / 해당 basePath 를 부르는 프론트 호출이 한 건도 없음 / 상속 전개 엔드포인트(inherited(TreeAbstractController))
(호출 메뉴 없음) /arms/reqStatusSync,BE→호출없음,자체 선언,/arms/reqStatusSync/es-to-db,(호출 없음),POST,,,ReqStatusSyncController,프론트 호출 없음,Frontend-Web 에서 호출하는 곳 없음 / 해당 basePath 를 부르는 프론트 호출이 한 건도 없음
(호출 메뉴 없음) /arms/reqUrgency,BE→호출없음,상속(TreeAbstractController),/arms/reqUrgency/addNode.do,(호출 없음),POST,,,ReqUrgencyController,프론트 호출 없음,Frontend-Web 에서 호출하는 곳 없음 / 해당 basePath 를 부르는 프론트 호출이 한 건도 없음 / 상속 전개 엔드포인트(inherited(TreeAbstractController))
(호출 메뉴 없음) /arms/reqUrgency,BE→호출없음,상속(TreeAbstractController),/arms/reqUrgency/alterNode.do,(호출 없음),PUT,,,ReqUrgencyController,프론트 호출 없음,Frontend-Web 에서 호출하는 곳 없음 / 해당 basePath 를 부르는 프론트 호출이 한 건도 없음 / 상속 전개 엔드포인트(inherited(TreeAbstractController))
(호출 메뉴 없음) /arms/reqUrgency,BE→호출없음,상속(TreeAbstractController),/arms/reqUrgency/alterNodeType.do,(호출 없음),PUT,,,ReqUrgencyController,프론트 호출 없음,Frontend-Web 에서 호출하는 곳 없음 / 해당 basePath 를 부르는 프론트 호출이 한 건도 없음 / 상속 전개 엔드포인트(inherited(TreeAbstractController))
(호출 메뉴 없음) /arms/reqUrgency,BE→호출없음,상속(TreeAbstractController),/arms/reqUrgency/analyzeNode.do,(호출 없음),GET,,,ReqUrgencyController,프론트 호출 없음,Frontend-Web 에서 호출하는 곳 없음 / 해당 basePath 를 부르는 프론트 호출이 한 건도 없음 / 상속 전개 엔드포인트(inherited(TreeAbstractController))
(호출 메뉴 없음) /arms/reqUrgency,BE→호출없음,상속(TreeAbstractController),/arms/reqUrgency/getChildNode.do,(호출 없음),GET,,,ReqUrgencyController,프론트 호출 없음,Frontend-Web 에서 호출하는 곳 없음 / 해당 basePath 를 부르는 프론트 호출이 한 건도 없음 / 상속 전개 엔드포인트(inherited(TreeAbstractController))
(호출 메뉴 없음) /arms/reqUrgency,BE→호출없음,상속(TreeAbstractController),/arms/reqUrgency/getMonitor.do,(호출 없음),GET,,,ReqUrgencyController,프론트 호출 없음,Frontend-Web 에서 호출하는 곳 없음 / 해당 basePath 를 부르는 프론트 호출이 한 건도 없음 / 상속 전개 엔드포인트(inherited(TreeAbstractController))
(호출 메뉴 없음) /arms/reqUrgency,BE→호출없음,상속(TreeAbstractController),/arms/reqUrgency/getNode.do,(호출 없음),GET,,,ReqUrgencyController,프론트 호출 없음,Frontend-Web 에서 호출하는 곳 없음 / 해당 basePath 를 부르는 프론트 호출이 한 건도 없음 / 상속 전개 엔드포인트(inherited(TreeAbstractController))
(호출 메뉴 없음) /arms/reqUrgency,BE→호출없음,상속(TreeAbstractController),/arms/reqUrgency/getNodesWithoutRoot.do,(호출 없음),GET,,,ReqUrgencyController,프론트 호출 없음,Frontend-Web 에서 호출하는 곳 없음 / 해당 basePath 를 부르는 프론트 호출이 한 건도 없음 / 상속 전개 엔드포인트(inherited(TreeAbstractController))
(호출 메뉴 없음) /arms/reqUrgency,BE→호출없음,상속(TreeAbstractController),/arms/reqUrgency/getPaginatedChildNode.do,(호출 없음),GET,,,ReqUrgencyController,프론트 호출 없음,Frontend-Web 에서 호출하는 곳 없음 / 해당 basePath 를 부르는 프론트 호출이 한 건도 없음 / 상속 전개 엔드포인트(inherited(TreeAbstractController))
(호출 메뉴 없음) /arms/reqUrgency,BE→호출없음,상속(TreeAbstractController),/arms/reqUrgency/moveNode.do,(호출 없음),POST,,,ReqUrgencyController,프론트 호출 없음,Frontend-Web 에서 호출하는 곳 없음 / 해당 basePath 를 부르는 프론트 호출이 한 건도 없음 / 상속 전개 엔드포인트(inherited(TreeAbstractController))
(호출 메뉴 없음) /arms/reqUrgency,BE→호출없음,상속(TreeAbstractController),/arms/reqUrgency/removeNode.do,(호출 없음),DELETE,,,ReqUrgencyController,프론트 호출 없음,Frontend-Web 에서 호출하는 곳 없음 / 해당 basePath 를 부르는 프론트 호출이 한 건도 없음 / 상속 전개 엔드포인트(inherited(TreeAbstractController))
(호출 메뉴 없음) /arms/reqUrgency,BE→호출없음,상속(TreeAbstractController),/arms/reqUrgency/searchNode.do,(호출 없음),GET,,,ReqUrgencyController,프론트 호출 없음,Frontend-Web 에서 호출하는 곳 없음 / 해당 basePath 를 부르는 프론트 호출이 한 건도 없음 / 상속 전개 엔드포인트(inherited(TreeAbstractController))
(호출 메뉴 없음) /arms/reqUrgency,BE→호출없음,상속(TreeAbstractController),/arms/reqUrgency/send-message,(호출 없음),GET,,,ReqUrgencyController,프론트 호출 없음,Frontend-Web 에서 호출하는 곳 없음 / 해당 basePath 를 부르는 프론트 호출이 한 건도 없음 / 상속 전개 엔드포인트(inherited(TreeAbstractController))
(호출 메뉴 없음) /arms/reqUrgency,BE→호출없음,상속(TreeAbstractController),/arms/reqUrgency/updateNode.do,(호출 없음),PUT,,,ReqUrgencyController,프론트 호출 없음,Frontend-Web 에서 호출하는 곳 없음 / 해당 basePath 를 부르는 프론트 호출이 한 건도 없음 / 상속 전개 엔드포인트(inherited(TreeAbstractController))
(호출 메뉴 없음) /arms/salaryLog,BE→호출없음,상속(TreeAbstractController),/arms/salaryLog/addNode.do,(호출 없음),POST,,,SalaryLogController,프론트 호출 없음,Frontend-Web 에서 호출하는 곳 없음 / 해당 basePath 를 부르는 프론트 호출이 한 건도 없음 / 상속 전개 엔드포인트(inherited(TreeAbstractController))
(호출 메뉴 없음) /arms/salaryLog,BE→호출없음,상속(TreeAbstractController),/arms/salaryLog/alterNode.do,(호출 없음),PUT,,,SalaryLogController,프론트 호출 없음,Frontend-Web 에서 호출하는 곳 없음 / 해당 basePath 를 부르는 프론트 호출이 한 건도 없음 / 상속 전개 엔드포인트(inherited(TreeAbstractController))
(호출 메뉴 없음) /arms/salaryLog,BE→호출없음,상속(TreeAbstractController),/arms/salaryLog/alterNodeType.do,(호출 없음),PUT,,,SalaryLogController,프론트 호출 없음,Frontend-Web 에서 호출하는 곳 없음 / 해당 basePath 를 부르는 프론트 호출이 한 건도 없음 / 상속 전개 엔드포인트(inherited(TreeAbstractController))
(호출 메뉴 없음) /arms/salaryLog,BE→호출없음,상속(TreeAbstractController),/arms/salaryLog/analyzeNode.do,(호출 없음),GET,,,SalaryLogController,프론트 호출 없음,Frontend-Web 에서 호출하는 곳 없음 / 해당 basePath 를 부르는 프론트 호출이 한 건도 없음 / 상속 전개 엔드포인트(inherited(TreeAbstractController))
(호출 메뉴 없음) /arms/salaryLog,BE→호출없음,상속(TreeAbstractController),/arms/salaryLog/getChildNode.do,(호출 없음),GET,,,SalaryLogController,프론트 호출 없음,Frontend-Web 에서 호출하는 곳 없음 / 해당 basePath 를 부르는 프론트 호출이 한 건도 없음 / 상속 전개 엔드포인트(inherited(TreeAbstractController))
(호출 메뉴 없음) /arms/salaryLog,BE→호출없음,상속(TreeAbstractController),/arms/salaryLog/getMonitor.do,(호출 없음),GET,,,SalaryLogController,프론트 호출 없음,Frontend-Web 에서 호출하는 곳 없음 / 해당 basePath 를 부르는 프론트 호출이 한 건도 없음 / 상속 전개 엔드포인트(inherited(TreeAbstractController))
(호출 메뉴 없음) /arms/salaryLog,BE→호출없음,상속(TreeAbstractController),/arms/salaryLog/getNode.do,(호출 없음),GET,,,SalaryLogController,프론트 호출 없음,Frontend-Web 에서 호출하는 곳 없음 / 해당 basePath 를 부르는 프론트 호출이 한 건도 없음 / 상속 전개 엔드포인트(inherited(TreeAbstractController))
(호출 메뉴 없음) /arms/salaryLog,BE→호출없음,상속(TreeAbstractController),/arms/salaryLog/getNodesWithoutRoot.do,(호출 없음),GET,,,SalaryLogController,프론트 호출 없음,Frontend-Web 에서 호출하는 곳 없음 / 해당 basePath 를 부르는 프론트 호출이 한 건도 없음 / 상속 전개 엔드포인트(inherited(TreeAbstractController))
(호출 메뉴 없음) /arms/salaryLog,BE→호출없음,상속(TreeAbstractController),/arms/salaryLog/getPaginatedChildNode.do,(호출 없음),GET,,,SalaryLogController,프론트 호출 없음,Frontend-Web 에서 호출하는 곳 없음 / 해당 basePath 를 부르는 프론트 호출이 한 건도 없음 / 상속 전개 엔드포인트(inherited(TreeAbstractController))
(호출 메뉴 없음) /arms/salaryLog,BE→호출없음,상속(TreeAbstractController),/arms/salaryLog/moveNode.do,(호출 없음),POST,,,SalaryLogController,프론트 호출 없음,Frontend-Web 에서 호출하는 곳 없음 / 해당 basePath 를 부르는 프론트 호출이 한 건도 없음 / 상속 전개 엔드포인트(inherited(TreeAbstractController))
(호출 메뉴 없음) /arms/salaryLog,BE→호출없음,상속(TreeAbstractController),/arms/salaryLog/removeNode.do,(호출 없음),DELETE,,,SalaryLogController,프론트 호출 없음,Frontend-Web 에서 호출하는 곳 없음 / 해당 basePath 를 부르는 프론트 호출이 한 건도 없음 / 상속 전개 엔드포인트(inherited(TreeAbstractController))
(호출 메뉴 없음) /arms/salaryLog,BE→호출없음,상속(TreeAbstractController),/arms/salaryLog/searchNode.do,(호출 없음),GET,,,SalaryLogController,프론트 호출 없음,Frontend-Web 에서 호출하는 곳 없음 / 해당 basePath 를 부르는 프론트 호출이 한 건도 없음 / 상속 전개 엔드포인트(inherited(TreeAbstractController))
(호출 메뉴 없음) /arms/salaryLog,BE→호출없음,상속(TreeAbstractController),/arms/salaryLog/send-message,(호출 없음),GET,,,SalaryLogController,프론트 호출 없음,Frontend-Web 에서 호출하는 곳 없음 / 해당 basePath 를 부르는 프론트 호출이 한 건도 없음 / 상속 전개 엔드포인트(inherited(TreeAbstractController))
(호출 메뉴 없음) /arms/salaryLog,BE→호출없음,상속(TreeAbstractController),/arms/salaryLog/updateNode.do,(호출 없음),PUT,,,SalaryLogController,프론트 호출 없음,Frontend-Web 에서 호출하는 곳 없음 / 해당 basePath 를 부르는 프론트 호출이 한 건도 없음 / 상속 전개 엔드포인트(inherited(TreeAbstractController))
(호출 메뉴 없음) /arms/sample/mybatis,BE→호출없음,자체 선언,/arms/sample/mybatis/getList,(호출 없음),GET,,,SampleMybatisContoller,프론트 호출 없음,Frontend-Web 에서 호출하는 곳 없음 / 해당 basePath 를 부르는 프론트 호출이 한 건도 없음
(호출 메뉴 없음) /arms/scheduler,BE→호출없음,자체 선언,/arms/scheduler/atlassian/directory-user/sync,(호출 없음),GET,,,SchedulerController,프론트 호출 없음,Frontend-Web 에서 호출하는 곳 없음 / 해당 basePath 를 부르는 프론트 호출이 한 건도 없음
(호출 메뉴 없음) /arms/scheduler,BE→호출없음,자체 선언,/arms/scheduler/cacheStatusMappingData,(호출 없음),PUT,,,SchedulerController,프론트 호출 없음,Frontend-Web 에서 호출하는 곳 없음 / 해당 basePath 를 부르는 프론트 호출이 한 건도 없음
(호출 메뉴 없음) /arms/scheduler,BE→호출없음,자체 선언,/arms/scheduler/pdservice/reqstatus/executeSequentialSchedules/storeToES,(호출 없음),GET,,,SchedulerController,프론트 호출 없음,Frontend-Web 에서 호출하는 곳 없음 / 해당 basePath 를 부르는 프론트 호출이 한 건도 없음
(호출 메뉴 없음) /arms/scheduler,BE→호출없음,자체 선언,/arms/scheduler/pdservice/reqstatus/increment/executeSequentialSchedules/storeToES,(호출 없음),GET,,,SchedulerController,프론트 호출 없음,Frontend-Web 에서 호출하는 곳 없음 / 해당 basePath 를 부르는 프론트 호출이 한 건도 없음
(호출 메뉴 없음) /arms/scheduler,BE→호출없음,자체 선언,/arms/scheduler/pdservice/reqstatus/increment/executeSequentialSchedules/storeToES/withDateRange,(호출 없음),GET,,,SchedulerController,프론트 호출 없음,Frontend-Web 에서 호출하는 곳 없음 / 해당 basePath 를 부르는 프론트 호출이 한 건도 없음
(호출 메뉴 없음) /arms/scheduler,BE→호출없음,자체 선언,/arms/scheduler/pdservice/reqstatus/recreateFailedReqIssue,(호출 없음),GET,,,SchedulerController,프론트 호출 없음,Frontend-Web 에서 호출하는 곳 없음 / 해당 basePath 를 부르는 프론트 호출이 한 건도 없음
(호출 메뉴 없음) /arms/scheduler,BE→호출없음,자체 선언,/arms/scheduler/pdservice/reqstatus/updateFromES,(호출 없음),GET,,,SchedulerController,프론트 호출 없음,Frontend-Web 에서 호출하는 곳 없음 / 해당 basePath 를 부르는 프론트 호출이 한 건도 없음
(호출 메뉴 없음) /html/mail,BE→호출없음,자체 선언,/html/mail/chart.html,(호출 없음),GET,,,GenerateChartImageController,프론트 호출 없음,Frontend-Web 에서 호출하는 곳 없음 / 해당 basePath 를 부르는 프론트 호출이 한 건도 없음
(호출 메뉴 없음) /html/mail,BE→호출없음,자체 선언,/html/mail/save-chart,(호출 없음),POST,,,GenerateChartImageController,프론트 호출 없음,Frontend-Web 에서 호출하는 곳 없음 / 해당 basePath 를 부르는 프론트 호출이 한 건도 없음
ARMS AI;개인성과지표;Dashboard (kpi);KPI > Personal Performance Indicators;Performance Report;현황 관리 - List;현황 관리 - Calendar,BE→호출없음,자체 선언,/arms/report/full-data/excel-data-v2,(호출 없음),GET,,,FullDataController,프론트 호출 없음,Frontend-Web 에서 호출하는 곳 없음 / 같은 basePath(/arms/report/full-data) 를 호출하는 프론트 메뉴 7개 (호출 건수 순)
Dashboard (detail_qna),BE→호출없음,상속(TreeAbstractController),/arms/reqComment/addNode.do,(호출 없음),POST,,,ReqCommentController,프론트 호출 없음,Frontend-Web 에서 호출하는 곳 없음 / 같은 basePath(/arms/reqComment) 를 호출하는 프론트 메뉴 1개 (호출 건수 순) / 상속 전개 엔드포인트(inherited(TreeAbstractController))
Dashboard (detail_qna),BE→호출없음,상속(TreeAbstractController),/arms/reqComment/alterNode.do,(호출 없음),PUT,,,ReqCommentController,프론트 호출 없음,Frontend-Web 에서 호출하는 곳 없음 / 같은 basePath(/arms/reqComment) 를 호출하는 프론트 메뉴 1개 (호출 건수 순) / 상속 전개 엔드포인트(inherited(TreeAbstractController))
Dashboard (detail_qna),BE→호출없음,상속(TreeAbstractController),/arms/reqComment/alterNodeType.do,(호출 없음),PUT,,,ReqCommentController,프론트 호출 없음,Frontend-Web 에서 호출하는 곳 없음 / 같은 basePath(/arms/reqComment) 를 호출하는 프론트 메뉴 1개 (호출 건수 순) / 상속 전개 엔드포인트(inherited(TreeAbstractController))
Dashboard (detail_qna),BE→호출없음,상속(TreeAbstractController),/arms/reqComment/analyzeNode.do,(호출 없음),GET,,,ReqCommentController,프론트 호출 없음,Frontend-Web 에서 호출하는 곳 없음 / 같은 basePath(/arms/reqComment) 를 호출하는 프론트 메뉴 1개 (호출 건수 순) / 상속 전개 엔드포인트(inherited(TreeAbstractController))
Dashboard (detail_qna),BE→호출없음,상속(TreeAbstractController),/arms/reqComment/getChildNode.do,(호출 없음),GET,,,ReqCommentController,프론트 호출 없음,Frontend-Web 에서 호출하는 곳 없음 / 같은 basePath(/arms/reqComment) 를 호출하는 프론트 메뉴 1개 (호출 건수 순) / 상속 전개 엔드포인트(inherited(TreeAbstractController))
Dashboard (detail_qna),BE→호출없음,상속(TreeAbstractController),/arms/reqComment/getMonitor.do,(호출 없음),GET,,,ReqCommentController,프론트 호출 없음,Frontend-Web 에서 호출하는 곳 없음 / 같은 basePath(/arms/reqComment) 를 호출하는 프론트 메뉴 1개 (호출 건수 순) / 상속 전개 엔드포인트(inherited(TreeAbstractController))
Dashboard (detail_qna),BE→호출없음,상속(TreeAbstractController),/arms/reqComment/getNode.do,(호출 없음),GET,,,ReqCommentController,프론트 호출 없음,Frontend-Web 에서 호출하는 곳 없음 / 같은 basePath(/arms/reqComment) 를 호출하는 프론트 메뉴 1개 (호출 건수 순) / 상속 전개 엔드포인트(inherited(TreeAbstractController))
Dashboard (detail_qna),BE→호출없음,상속(TreeAbstractController),/arms/reqComment/getNodesWithoutRoot.do,(호출 없음),GET,,,ReqCommentController,프론트 호출 없음,Frontend-Web 에서 호출하는 곳 없음 / 같은 basePath(/arms/reqComment) 를 호출하는 프론트 메뉴 1개 (호출 건수 순) / 상속 전개 엔드포인트(inherited(TreeAbstractController))
Dashboard (detail_qna),BE→호출없음,상속(TreeAbstractController),/arms/reqComment/getPaginatedChildNode.do,(호출 없음),GET,,,ReqCommentController,프론트 호출 없음,Frontend-Web 에서 호출하는 곳 없음 / 같은 basePath(/arms/reqComment) 를 호출하는 프론트 메뉴 1개 (호출 건수 순) / 상속 전개 엔드포인트(inherited(TreeAbstractController))
Dashboard (detail_qna),BE→호출없음,자체 선언,/arms/reqComment/getReqCommentChildNode.do,(호출 없음),GET,,,ReqCommentController,프론트 호출 없음,Frontend-Web 에서 호출하는 곳 없음 / 같은 basePath(/arms/reqComment) 를 호출하는 프론트 메뉴 1개 (호출 건수 순)
Dashboard (detail_qna),BE→호출없음,자체 선언,/arms/reqComment/getReqCommentList.do,(호출 없음),GET,,,ReqCommentController,프론트 호출 없음,Frontend-Web 에서 호출하는 곳 없음 / 같은 basePath(/arms/reqComment) 를 호출하는 프론트 메뉴 1개 (호출 건수 순)
Dashboard (detail_qna),BE→호출없음,자체 선언,/arms/reqComment/getUserReqCommentList.do,(호출 없음),GET,,,ReqCommentController,프론트 호출 없음,Frontend-Web 에서 호출하는 곳 없음 / 같은 basePath(/arms/reqComment) 를 호출하는 프론트 메뉴 1개 (호출 건수 순)
Dashboard (detail_qna),BE→호출없음,상속(TreeAbstractController),/arms/reqComment/moveNode.do,(호출 없음),POST,,,ReqCommentController,프론트 호출 없음,Frontend-Web 에서 호출하는 곳 없음 / 같은 basePath(/arms/reqComment) 를 호출하는 프론트 메뉴 1개 (호출 건수 순) / 상속 전개 엔드포인트(inherited(TreeAbstractController))
Dashboard (detail_qna),BE→호출없음,상속(TreeAbstractController),/arms/reqComment/searchNode.do,(호출 없음),GET,,,ReqCommentController,프론트 호출 없음,Frontend-Web 에서 호출하는 곳 없음 / 같은 basePath(/arms/reqComment) 를 호출하는 프론트 메뉴 1개 (호출 건수 순) / 상속 전개 엔드포인트(inherited(TreeAbstractController))
Dashboard (detail_qna),BE→호출없음,상속(TreeAbstractController),/arms/reqComment/send-message,(호출 없음),GET,,,ReqCommentController,프론트 호출 없음,Frontend-Web 에서 호출하는 곳 없음 / 같은 basePath(/arms/reqComment) 를 호출하는 프론트 메뉴 1개 (호출 건수 순) / 상속 전개 엔드포인트(inherited(TreeAbstractController))
Dashboard (detail_total_pdservice),FE→BE없음,프론트 호출,/arms/pdServiceDetail/uploadFileToNode.do,/auth-user/api/arms/pdServiceDetail/uploadFileToNode.do,GET,arms/js/detail_total_pdservice.js,120,PdServiceDetailController,메서드 불일치,"경로는 일치(exact), HTTP 메서드만 다름 — 백엔드 POST / 프론트 GET"
Dashboard (detail_total_reqadd),FE→BE없음,상속(TreeAbstractController),(없음),/auth-user/api/arms/reqAdd/sync/T_ARMS_REQADD_{selectedPdService}/addNode.do,POST,arms/js/detail_total_reqadd.js,117,,백엔드 미존재,게이트웨이 변환 결과 내부경로 /arms/reqAdd/sync/T_ARMS_REQADD_{selectedPdService}/addNode.do 에 대응하는 Backend-Core 매핑 없음 / basePath /arms/reqAdd 는 존재 — 그 하위 경로만 미존재 / 변수 세그먼트 포함 — 세그먼트 수·자리 기준 비교 / 추출메모: common.js:1451 jsTreeBuild 경유 / 같은 외부 경로를 Middle-Proxy 가 직접 처리: /auth-user/api/arms/reqAdd/sync (Java-Service-Tree-Framework-Middle-Proxy/src/main/java/com/arms/api/kafka/reqadd/controller/ReqAddProxyControllerSync.java) — Backend-Core 미존재는 맞으나 미사용 호출은 아님
Dashboard (detail_total_reqadd),FE→BE없음,상속(TreeAbstractController),(없음),/auth-user/api/arms/reqAdd/sync/T_ARMS_REQADD_{selectedPdService}/alterNode.do,PUT,arms/js/detail_total_reqadd.js,117,,백엔드 미존재,게이트웨이 변환 결과 내부경로 /arms/reqAdd/sync/T_ARMS_REQADD_{selectedPdService}/alterNode.do 에 대응하는 Backend-Core 매핑 없음 / basePath /arms/reqAdd 는 존재 — 그 하위 경로만 미존재 / 변수 세그먼트 포함 — 세그먼트 수·자리 기준 비교 / 추출메모: common.js:1487 jsTreeBuild 경유 / 같은 외부 경로를 Middle-Proxy 가 직접 처리: /auth-user/api/arms/reqAdd/sync (Java-Service-Tree-Framework-Middle-Proxy/src/main/java/com/arms/api/kafka/reqadd/controller/ReqAddProxyControllerSync.java) — Backend-Core 미존재는 맞으나 미사용 호출은 아님
Dashboard (detail_total_reqadd),FE→BE없음,상속(TreeAbstractController),(없음),/auth-user/api/arms/reqAdd/sync/T_ARMS_REQADD_{selectedPdService}/alterNodeType.do,PUT,arms/js/detail_total_reqadd.js,117,,백엔드 미존재,게이트웨이 변환 결과 내부경로 /arms/reqAdd/sync/T_ARMS_REQADD_{selectedPdService}/alterNodeType.do 에 대응하는 Backend-Core 매핑 없음 / basePath /arms/reqAdd 는 존재 — 그 하위 경로만 미존재 / 변수 세그먼트 포함 — 세그먼트 수·자리 기준 비교 / 추출메모: common.js:1506 jsTreeBuild 경유 / 같은 외부 경로를 Middle-Proxy 가 직접 처리: /auth-user/api/arms/reqAdd/sync (Java-Service-Tree-Framework-Middle-Proxy/src/main/java/com/arms/api/kafka/reqadd/controller/ReqAddProxyControllerSync.java) — Backend-Core 미존재는 맞으나 미사용 호출은 아님
Dashboard (detail_total_reqadd),FE→BE없음,상속(TreeAbstractController),(없음),/auth-user/api/arms/reqAdd/sync/T_ARMS_REQADD_{selectedPdService}/moveNode.do,POST,arms/js/detail_total_reqadd.js,117,,백엔드 미존재,게이트웨이 변환 결과 내부경로 /arms/reqAdd/sync/T_ARMS_REQADD_{selectedPdService}/moveNode.do 에 대응하는 Backend-Core 매핑 없음 / basePath /arms/reqAdd 는 존재 — 그 하위 경로만 미존재 / 변수 세그먼트 포함 — 세그먼트 수·자리 기준 비교 / 추출메모: common.js:1524 jsTreeBuild 경유 / 같은 외부 경로를 Middle-Proxy 가 직접 처리: /auth-user/api/arms/reqAdd/sync (Java-Service-Tree-Framework-Middle-Proxy/src/main/java/com/arms/api/kafka/reqadd/controller/ReqAddProxyControllerSync.java) — Backend-Core 미존재는 맞으나 미사용 호출은 아님
Dashboard (detail_total_reqadd),FE→BE없음,상속(TreeAbstractController),(없음),/auth-user/api/arms/reqAdd/sync/T_ARMS_REQADD_{selectedPdService}/removeNode.do,DELETE,arms/js/detail_total_reqadd.js,117,,백엔드 미존재,게이트웨이 변환 결과 내부경로 /arms/reqAdd/sync/T_ARMS_REQADD_{selectedPdService}/removeNode.do 에 대응하는 Backend-Core 매핑 없음 / basePath /arms/reqAdd 는 존재 — 그 하위 경로만 미존재 / 변수 세그먼트 포함 — 세그먼트 수·자리 기준 비교 / 추출메모: common.js:1472 jsTreeBuild 경유 / 같은 외부 경로를 Middle-Proxy 가 직접 처리: /auth-user/api/arms/reqAdd/sync (Java-Service-Tree-Framework-Middle-Proxy/src/main/java/com/arms/api/kafka/reqadd/controller/ReqAddProxyControllerSync.java) — Backend-Core 미존재는 맞으나 미사용 호출은 아님
KPI > Personal Performance Indicators,FE→BE없음,프론트 호출,(없음),/auth-user/api/arms/engine-fire/insight/schedule-compliance,POST,arms/js/reportKPI.js,399,,백엔드 미존재,게이트웨이 변환 결과 내부경로 /arms/engine-fire/insight/schedule-compliance 에 대응하는 Backend-Core 매핑 없음 / 대응 basePath 자체가 카탈로그에 없음
Kafka Admin,BE→호출없음,자체 선언,/kafka/health,(호출 없음),GET,,,KafkaMonitorController,프론트 호출 없음,Frontend-Web 에서 호출하는 곳 없음 / 같은 basePath(/kafka) 를 호출하는 프론트 메뉴 1개 (호출 건수 순)
Kafka Admin,BE→호출없음,자체 선언,/kafka/lag/reqadd,(호출 없음),GET,,,KafkaMonitorController,프론트 호출 없음,Frontend-Web 에서 호출하는 곳 없음 / 같은 basePath(/kafka) 를 호출하는 프론트 메뉴 1개 (호출 건수 순)
Kafka Admin,BE→호출없음,자체 선언,/kafka/lag/{topic},(호출 없음),GET,,,KafkaMonitorController,프론트 호출 없음,Frontend-Web 에서 호출하는 곳 없음 / 같은 basePath(/kafka) 를 호출하는 프론트 메뉴 1개 (호출 건수 순) / 경로 변수 포함
Kafka Admin,BE→호출없음,자체 선언,/kafka/lag/{topic}/detail,(호출 없음),GET,,,KafkaMonitorController,프론트 호출 없음,Frontend-Web 에서 호출하는 곳 없음 / 같은 basePath(/kafka) 를 호출하는 프론트 메뉴 1개 (호출 건수 순) / 경로 변수 포함
Kafka Admin,BE→호출없음,자체 선언,/kafka/status/{topic},(호출 없음),GET,,,KafkaMonitorController,프론트 호출 없음,Frontend-Web 에서 호출하는 곳 없음 / 같은 basePath(/kafka) 를 호출하는 프론트 메뉴 1개 (호출 건수 순) / 경로 변수 포함
Kafka Admin,FE→BE없음,상속(TreeAbstractController),(없음),/auth-user/api/arms/reqAdd/sync/{key}/addNode.do,POST,backoffice/js/kafkaAdmin.js,259,,백엔드 미존재,게이트웨이 변환 결과 내부경로 /arms/reqAdd/sync/{key}/addNode.do 에 대응하는 Backend-Core 매핑 없음 / basePath /arms/reqAdd 는 존재 — 그 하위 경로만 미존재 / 변수 세그먼트 포함 — 세그먼트 수·자리 기준 비교 / 같은 외부 경로를 Middle-Proxy 가 직접 처리: /auth-user/api/arms/reqAdd/sync (Java-Service-Tree-Framework-Middle-Proxy/src/main/java/com/arms/api/kafka/reqadd/controller/ReqAddProxyControllerSync.java) — Backend-Core 미존재는 맞으나 미사용 호출은 아님
Performance Report,BE→호출없음,상속(TreeAbstractController),/arms/userGroup/addNode.do,(호출 없음),POST,,,UserGroupController,프론트 호출 없음,Frontend-Web 에서 호출하는 곳 없음 / 같은 basePath(/arms/userGroup) 를 호출하는 프론트 메뉴 1개 (호출 건수 순) / 상속 전개 엔드포인트(inherited(TreeAbstractController))
Performance Report,BE→호출없음,상속(TreeAbstractController),/arms/userGroup/alterNode.do,(호출 없음),PUT,,,UserGroupController,프론트 호출 없음,Frontend-Web 에서 호출하는 곳 없음 / 같은 basePath(/arms/userGroup) 를 호출하는 프론트 메뉴 1개 (호출 건수 순) / 상속 전개 엔드포인트(inherited(TreeAbstractController))
Performance Report,BE→호출없음,상속(TreeAbstractController),/arms/userGroup/alterNodeType.do,(호출 없음),PUT,,,UserGroupController,프론트 호출 없음,Frontend-Web 에서 호출하는 곳 없음 / 같은 basePath(/arms/userGroup) 를 호출하는 프론트 메뉴 1개 (호출 건수 순) / 상속 전개 엔드포인트(inherited(TreeAbstractController))
Performance Report,BE→호출없음,상속(TreeAbstractController),/arms/userGroup/analyzeNode.do,(호출 없음),GET,,,UserGroupController,프론트 호출 없음,Frontend-Web 에서 호출하는 곳 없음 / 같은 basePath(/arms/userGroup) 를 호출하는 프론트 메뉴 1개 (호출 건수 순) / 상속 전개 엔드포인트(inherited(TreeAbstractController))
Performance Report,BE→호출없음,자체 선언,/arms/userGroup/description,(호출 없음),PUT,,,UserGroupController,프론트 호출 없음,Frontend-Web 에서 호출하는 곳 없음 / 같은 basePath(/arms/userGroup) 를 호출하는 프론트 메뉴 1개 (호출 건수 순)
Performance Report,BE→호출없음,상속(TreeAbstractController),/arms/userGroup/getMonitor.do,(호출 없음),GET,,,UserGroupController,프론트 호출 없음,Frontend-Web 에서 호출하는 곳 없음 / 같은 basePath(/arms/userGroup) 를 호출하는 프론트 메뉴 1개 (호출 건수 순) / 상속 전개 엔드포인트(inherited(TreeAbstractController))
Performance Report,BE→호출없음,상속(TreeAbstractController),/arms/userGroup/getNode.do,(호출 없음),GET,,,UserGroupController,프론트 호출 없음,Frontend-Web 에서 호출하는 곳 없음 / 같은 basePath(/arms/userGroup) 를 호출하는 프론트 메뉴 1개 (호출 건수 순) / 상속 전개 엔드포인트(inherited(TreeAbstractController))
Performance Report,BE→호출없음,상속(TreeAbstractController),/arms/userGroup/getNodesWithoutRoot.do,(호출 없음),GET,,,UserGroupController,프론트 호출 없음,Frontend-Web 에서 호출하는 곳 없음 / 같은 basePath(/arms/userGroup) 를 호출하는 프론트 메뉴 1개 (호출 건수 순) / 상속 전개 엔드포인트(inherited(TreeAbstractController))
Performance Report,BE→호출없음,상속(TreeAbstractController),/arms/userGroup/getPaginatedChildNode.do,(호출 없음),GET,,,UserGroupController,프론트 호출 없음,Frontend-Web 에서 호출하는 곳 없음 / 같은 basePath(/arms/userGroup) 를 호출하는 프론트 메뉴 1개 (호출 건수 순) / 상속 전개 엔드포인트(inherited(TreeAbstractController))
Performance Report,BE→호출없음,자체 선언,/arms/userGroup/group/{groupId},(호출 없음),GET,,,UserGroupController,프론트 호출 없음,Frontend-Web 에서 호출하는 곳 없음 / 같은 basePath(/arms/userGroup) 를 호출하는 프론트 메뉴 1개 (호출 건수 순) / 경로 변수 포함
Performance Report,BE→호출없음,자체 선언,/arms/userGroup/members/{groupId},(호출 없음),GET,,,UserGroupController,프론트 호출 없음,Frontend-Web 에서 호출하는 곳 없음 / 같은 basePath(/arms/userGroup) 를 호출하는 프론트 메뉴 1개 (호출 건수 순) / 경로 변수 포함
Performance Report,BE→호출없음,상속(TreeAbstractController),/arms/userGroup/moveNode.do,(호출 없음),POST,,,UserGroupController,프론트 호출 없음,Frontend-Web 에서 호출하는 곳 없음 / 같은 basePath(/arms/userGroup) 를 호출하는 프론트 메뉴 1개 (호출 건수 순) / 상속 전개 엔드포인트(inherited(TreeAbstractController))
Performance Report,BE→호출없음,상속(TreeAbstractController),/arms/userGroup/removeNode.do,(호출 없음),DELETE,,,UserGroupController,프론트 호출 없음,Frontend-Web 에서 호출하는 곳 없음 / 같은 basePath(/arms/userGroup) 를 호출하는 프론트 메뉴 1개 (호출 건수 순) / 상속 전개 엔드포인트(inherited(TreeAbstractController))
Performance Report,BE→호출없음,상속(TreeAbstractController),/arms/userGroup/searchNode.do,(호출 없음),GET,,,UserGroupController,프론트 호출 없음,Frontend-Web 에서 호출하는 곳 없음 / 같은 basePath(/arms/userGroup) 를 호출하는 프론트 메뉴 1개 (호출 건수 순) / 상속 전개 엔드포인트(inherited(TreeAbstractController))
Performance Report,BE→호출없음,상속(TreeAbstractController),/arms/userGroup/send-message,(호출 없음),GET,,,UserGroupController,프론트 호출 없음,Frontend-Web 에서 호출하는 곳 없음 / 같은 basePath(/arms/userGroup) 를 호출하는 프론트 메뉴 1개 (호출 건수 순) / 상속 전개 엔드포인트(inherited(TreeAbstractController))
Report > Weekly,BE→호출없음,자체 선언,/arms/report-template/resolve,(호출 없음),GET,,,TemplateFileController,프론트 호출 없음,Frontend-Web 에서 호출하는 곳 없음 / 같은 basePath(/arms/report-template) 를 호출하는 프론트 메뉴 1개 (호출 건수 순)
Report > Weekly,BE→호출없음,자체 선언,/arms/report-template/stream,(호출 없음),GET,,,TemplateFileController,프론트 호출 없음,Frontend-Web 에서 호출하는 곳 없음 / 같은 basePath(/arms/report-template) 를 호출하는 프론트 메뉴 1개 (호출 건수 순)
Report > Weekly,BE→호출없음,자체 선언,/arms/report-template/upload,(호출 없음),POST,,,TemplateFileController,프론트 호출 없음,Frontend-Web 에서 호출하는 곳 없음 / 같은 basePath(/arms/report-template) 를 호출하는 프론트 메뉴 1개 (호출 건수 순)
Report > Weekly,BE→호출없음,자체 선언,/arms/report/deadline-stats/{changeReqTableName}/getNodesWhereInIds.do,(호출 없음),POST,,,PerformanceReportController,프론트 호출 없음,Frontend-Web 에서 호출하는 곳 없음 / 같은 basePath(/arms/report) 를 호출하는 프론트 메뉴 1개 (호출 건수 순) / 경로 변수 포함
Report > Weekly,BE→호출없음,자체 선언,/arms/report/dwr-test,(호출 없음),GET,,,PerformanceReportController,프론트 호출 없음,Frontend-Web 에서 호출하는 곳 없음 / 같은 basePath(/arms/report) 를 호출하는 프론트 메뉴 1개 (호출 건수 순)
Report > Weekly,BE→호출없음,자체 선언,/arms/report/getAvgIssuePerAssigneeOverallTime,(호출 없음),GET,,,WeeklyReportController,프론트 호출 없음,Frontend-Web 에서 호출하는 곳 없음 / 같은 basePath(/arms/report) 를 호출하는 프론트 메뉴 1개 (호출 건수 순)
Report > Weekly,BE→호출없음,자체 선언,/arms/report/pdService-name-info/{changeReqTableName},(호출 없음),POST,,,PerformanceReportController,프론트 호출 없음,Frontend-Web 에서 호출하는 곳 없음 / 같은 basePath(/arms/report) 를 호출하는 프론트 메뉴 1개 (호출 건수 순) / 경로 변수 포함
Report > Weekly,BE→호출없음,자체 선언,/arms/report/personal-performance,(호출 없음),POST,,,PerformanceReportController,프론트 호출 없음,Frontend-Web 에서 호출하는 곳 없음 / 같은 basePath(/arms/report) 를 호출하는 프론트 메뉴 1개 (호출 건수 순)
Report > Weekly,BE→호출없음,자체 선언,/arms/report/personal/export/performance-audio-v2,(호출 없음),POST,,,PerformanceReportController,프론트 호출 없음,Frontend-Web 에서 호출하는 곳 없음 / 같은 basePath(/arms/report) 를 호출하는 프론트 메뉴 1개 (호출 건수 순)
Report > Weekly,BE→호출없음,자체 선언,/arms/report/personal/export/performance-audio-v2/mock,(호출 없음),POST,,,PerformanceReportController,프론트 호출 없음,Frontend-Web 에서 호출하는 곳 없음 / 같은 basePath(/arms/report) 를 호출하는 프론트 메뉴 1개 (호출 건수 순)
Report > Weekly,BE→호출없음,자체 선언,/arms/report/personal/export/performance-v2,(호출 없음),POST,,,PerformanceReportController,프론트 호출 없음,Frontend-Web 에서 호출하는 곳 없음 / 같은 basePath(/arms/report) 를 호출하는 프론트 메뉴 1개 (호출 건수 순)
Report > Weekly,BE→호출없음,자체 선언,/arms/report/personal/export/performance-v2/mock,(호출 없음),POST,,,PerformanceReportController,프론트 호출 없음,Frontend-Web 에서 호출하는 곳 없음 / 같은 basePath(/arms/report) 를 호출하는 프론트 메뉴 1개 (호출 건수 순)
Report > Weekly,BE→호출없음,자체 선언,/arms/report/req-status/{changeReqTableName}/getNodesWhereInIds.do,(호출 없음),POST,,,PerformanceReportController,프론트 호출 없음,Frontend-Web 에서 호출하는 곳 없음 / 같은 basePath(/arms/report) 를 호출하는 프론트 메뉴 1개 (호출 건수 순) / 경로 변수 포함
Report > Weekly,BE→호출없음,자체 선언,/arms/report/weekly/business-report,(호출 없음),POST,,,WeeklyReportController,프론트 호출 없음,Frontend-Web 에서 호출하는 곳 없음 / 같은 basePath(/arms/report) 를 호출하는 프론트 메뉴 1개 (호출 건수 순)
Report > Weekly,BE→호출없음,자체 선언,/arms/report/weekly/business-report/export/mock,(호출 없음),GET,,,WeeklyReportController,프론트 호출 없음,Frontend-Web 에서 호출하는 곳 없음 / 같은 basePath(/arms/report) 를 호출하는 프론트 메뉴 1개 (호출 건수 순)
Report > Weekly,BE→호출없음,자체 선언,/arms/report/weekly/collaborate-kpi/export/mock,(호출 없음),GET,,,WeeklyKpiReportController,프론트 호출 없음,Frontend-Web 에서 호출하는 곳 없음 / 같은 basePath(/arms/report) 를 호출하는 프론트 메뉴 1개 (호출 건수 순)
Report > Weekly,BE→호출없음,자체 선언,/arms/report/weekly/send-request-dto,(호출 없음),POST,,,WeeklyReportController,프론트 호출 없음,Frontend-Web 에서 호출하는 곳 없음 / 같은 basePath(/arms/report) 를 호출하는 프론트 메뉴 1개 (호출 건수 순)
Report > Weekly,BE→호출없음,자체 선언,/arms/report/{changeReqTableName}/getNodesWhereInIds.do,(호출 없음),POST,,,PerformanceReportController,프론트 호출 없음,Frontend-Web 에서 호출하는 곳 없음 / 같은 basePath(/arms/report) 를 호출하는 프론트 메뉴 1개 (호출 건수 순) / 경로 변수 포함
Report > Weekly,FE→BE없음,프론트 호출,(없음),/auth-user/api/arms/report/weekly/pdf?pdServiceId={pdServiceId}&versionId={versionId}&week={weekValue},GET,arms/js/reportWeekly.js,815,,백엔드 미존재,게이트웨이 변환 결과 내부경로 /arms/report/weekly/pdf 에 대응하는 Backend-Core 매핑 없음 / basePath /arms/report 는 존재 — 그 하위 경로만 미존재 / 쿼리스트링 제거 후 대조
Report > Weekly,FE→BE없음,프론트 호출,/arms/report-template/upload,/auth-user/api/arms/report-template/upload,GET,arms/js/reportWeekly.js,916,TemplateFileController,메서드 불일치,"경로는 일치(exact), HTTP 메서드만 다름 — 백엔드 POST / 프론트 GET"
SWOT Report,FE→BE없음,상속(TreeAbstractController),(없음),/auth-user/api/arms/reqAdd/sync/T_ARMS_REQADD_{selected_pdService}/addNode.do,POST,arms/js/reportSWOT/reqAddList.js,253,,백엔드 미존재,게이트웨이 변환 결과 내부경로 /arms/reqAdd/sync/T_ARMS_REQADD_{selected_pdService}/addNode.do 에 대응하는 Backend-Core 매핑 없음 / basePath /arms/reqAdd 는 존재 — 그 하위 경로만 미존재 / 변수 세그먼트 포함 — 세그먼트 수·자리 기준 비교 / 추출메모: common.js:1451 jsTreeBuild 경유 / 같은 외부 경로를 Middle-Proxy 가 직접 처리: /auth-user/api/arms/reqAdd/sync (Java-Service-Tree-Framework-Middle-Proxy/src/main/java/com/arms/api/kafka/reqadd/controller/ReqAddProxyControllerSync.java) — Backend-Core 미존재는 맞으나 미사용 호출은 아님
SWOT Report,FE→BE없음,상속(TreeAbstractController),(없음),/auth-user/api/arms/reqAdd/sync/T_ARMS_REQADD_{selected_pdService}/alterNode.do,PUT,arms/js/reportSWOT/reqAddList.js,253,,백엔드 미존재,게이트웨이 변환 결과 내부경로 /arms/reqAdd/sync/T_ARMS_REQADD_{selected_pdService}/alterNode.do 에 대응하는 Backend-Core 매핑 없음 / basePath /arms/reqAdd 는 존재 — 그 하위 경로만 미존재 / 변수 세그먼트 포함 — 세그먼트 수·자리 기준 비교 / 추출메모: common.js:1487 jsTreeBuild 경유 / 같은 외부 경로를 Middle-Proxy 가 직접 처리: /auth-user/api/arms/reqAdd/sync (Java-Service-Tree-Framework-Middle-Proxy/src/main/java/com/arms/api/kafka/reqadd/controller/ReqAddProxyControllerSync.java) — Backend-Core 미존재는 맞으나 미사용 호출은 아님
SWOT Report,FE→BE없음,상속(TreeAbstractController),(없음),/auth-user/api/arms/reqAdd/sync/T_ARMS_REQADD_{selected_pdService}/alterNodeType.do,PUT,arms/js/reportSWOT/reqAddList.js,253,,백엔드 미존재,게이트웨이 변환 결과 내부경로 /arms/reqAdd/sync/T_ARMS_REQADD_{selected_pdService}/alterNodeType.do 에 대응하는 Backend-Core 매핑 없음 / basePath /arms/reqAdd 는 존재 — 그 하위 경로만 미존재 / 변수 세그먼트 포함 — 세그먼트 수·자리 기준 비교 / 추출메모: common.js:1506 jsTreeBuild 경유 / 같은 외부 경로를 Middle-Proxy 가 직접 처리: /auth-user/api/arms/reqAdd/sync (Java-Service-Tree-Framework-Middle-Proxy/src/main/java/com/arms/api/kafka/reqadd/controller/ReqAddProxyControllerSync.java) — Backend-Core 미존재는 맞으나 미사용 호출은 아님
SWOT Report,FE→BE없음,상속(TreeAbstractController),(없음),/auth-user/api/arms/reqAdd/sync/T_ARMS_REQADD_{selected_pdService}/moveNode.do,POST,arms/js/reportSWOT/reqAddList.js,253,,백엔드 미존재,게이트웨이 변환 결과 내부경로 /arms/reqAdd/sync/T_ARMS_REQADD_{selected_pdService}/moveNode.do 에 대응하는 Backend-Core 매핑 없음 / basePath /arms/reqAdd 는 존재 — 그 하위 경로만 미존재 / 변수 세그먼트 포함 — 세그먼트 수·자리 기준 비교 / 추출메모: common.js:1524 jsTreeBuild 경유 / 같은 외부 경로를 Middle-Proxy 가 직접 처리: /auth-user/api/arms/reqAdd/sync (Java-Service-Tree-Framework-Middle-Proxy/src/main/java/com/arms/api/kafka/reqadd/controller/ReqAddProxyControllerSync.java) — Backend-Core 미존재는 맞으나 미사용 호출은 아님
SWOT Report,FE→BE없음,상속(TreeAbstractController),(없음),/auth-user/api/arms/reqAdd/sync/T_ARMS_REQADD_{selected_pdService}/removeNode.do,DELETE,arms/js/reportSWOT/reqAddList.js,253,,백엔드 미존재,게이트웨이 변환 결과 내부경로 /arms/reqAdd/sync/T_ARMS_REQADD_{selected_pdService}/removeNode.do 에 대응하는 Backend-Core 매핑 없음 / basePath /arms/reqAdd 는 존재 — 그 하위 경로만 미존재 / 변수 세그먼트 포함 — 세그먼트 수·자리 기준 비교 / 추출메모: common.js:1472 jsTreeBuild 경유 / 같은 외부 경로를 Middle-Proxy 가 직접 처리: /auth-user/api/arms/reqAdd/sync (Java-Service-Tree-Framework-Middle-Proxy/src/main/java/com/arms/api/kafka/reqadd/controller/ReqAddProxyControllerSync.java) — Backend-Core 미존재는 맞으나 미사용 호출은 아님
SWOT Report,FE→BE없음,프론트 호출,(없음),/auth-user/api/arms/reqAdd/sync/T_ARMS_REQADD_{serviceId}/updateDataBase.do,POST,arms/js/reportSWOT.js,546,,백엔드 미존재,게이트웨이 변환 결과 내부경로 /arms/reqAdd/sync/T_ARMS_REQADD_{serviceId}/updateDataBase.do 에 대응하는 Backend-Core 매핑 없음 / basePath /arms/reqAdd 는 존재 — 그 하위 경로만 미존재 / 변수 세그먼트 포함 — 세그먼트 수·자리 기준 비교 / 같은 외부 경로를 Middle-Proxy 가 직접 처리: /auth-user/api/arms/reqAdd/sync (Java-Service-Tree-Framework-Middle-Proxy/src/main/java/com/arms/api/kafka/reqadd/controller/ReqAddProxyControllerSync.java) — Backend-Core 미존재는 맞으나 미사용 호출은 아님
Support System > Development Tool (landing_blog);landing_blogEditor;landing_blogDetail,BE→호출없음,상속(TreeAbstractController),/anonymous/arms/blog/addNode.do,(호출 없음),POST,,,BlogController,프론트 호출 없음,Frontend-Web 에서 호출하는 곳 없음 / 같은 basePath(/anonymous/arms/blog) 를 호출하는 프론트 메뉴 3개 (호출 건수 순) / 상속 전개 엔드포인트(inherited(TreeAbstractController))
Support System > Development Tool (landing_blog);landing_blogEditor;landing_blogDetail,BE→호출없음,상속(TreeAbstractController),/anonymous/arms/blog/alterNode.do,(호출 없음),PUT,,,BlogController,프론트 호출 없음,Frontend-Web 에서 호출하는 곳 없음 / 같은 basePath(/anonymous/arms/blog) 를 호출하는 프론트 메뉴 3개 (호출 건수 순) / 상속 전개 엔드포인트(inherited(TreeAbstractController))
Support System > Development Tool (landing_blog);landing_blogEditor;landing_blogDetail,BE→호출없음,상속(TreeAbstractController),/anonymous/arms/blog/alterNodeType.do,(호출 없음),PUT,,,BlogController,프론트 호출 없음,Frontend-Web 에서 호출하는 곳 없음 / 같은 basePath(/anonymous/arms/blog) 를 호출하는 프론트 메뉴 3개 (호출 건수 순) / 상속 전개 엔드포인트(inherited(TreeAbstractController))
Support System > Development Tool (landing_blog);landing_blogEditor;landing_blogDetail,BE→호출없음,상속(TreeAbstractController),/anonymous/arms/blog/analyzeNode.do,(호출 없음),GET,,,BlogController,프론트 호출 없음,Frontend-Web 에서 호출하는 곳 없음 / 같은 basePath(/anonymous/arms/blog) 를 호출하는 프론트 메뉴 3개 (호출 건수 순) / 상속 전개 엔드포인트(inherited(TreeAbstractController))
Support System > Development Tool (landing_blog);landing_blogEditor;landing_blogDetail,BE→호출없음,상속(TreeAbstractController),/anonymous/arms/blog/getChildNode.do,(호출 없음),GET,,,BlogController,프론트 호출 없음,Frontend-Web 에서 호출하는 곳 없음 / 같은 basePath(/anonymous/arms/blog) 를 호출하는 프론트 메뉴 3개 (호출 건수 순) / 상속 전개 엔드포인트(inherited(TreeAbstractController))
Support System > Development Tool (landing_blog);landing_blogEditor;landing_blogDetail,BE→호출없음,상속(TreeAbstractController),/anonymous/arms/blog/getMonitor.do,(호출 없음),GET,,,BlogController,프론트 호출 없음,Frontend-Web 에서 호출하는 곳 없음 / 같은 basePath(/anonymous/arms/blog) 를 호출하는 프론트 메뉴 3개 (호출 건수 순) / 상속 전개 엔드포인트(inherited(TreeAbstractController))
Support System > Development Tool (landing_blog);landing_blogEditor;landing_blogDetail,BE→호출없음,상속(TreeAbstractController),/anonymous/arms/blog/getNode.do,(호출 없음),GET,,,BlogController,프론트 호출 없음,Frontend-Web 에서 호출하는 곳 없음 / 같은 basePath(/anonymous/arms/blog) 를 호출하는 프론트 메뉴 3개 (호출 건수 순) / 상속 전개 엔드포인트(inherited(TreeAbstractController))
Support System > Development Tool (landing_blog);landing_blogEditor;landing_blogDetail,BE→호출없음,상속(TreeAbstractController),/anonymous/arms/blog/getNodesWithoutRoot.do,(호출 없음),GET,,,BlogController,프론트 호출 없음,Frontend-Web 에서 호출하는 곳 없음 / 같은 basePath(/anonymous/arms/blog) 를 호출하는 프론트 메뉴 3개 (호출 건수 순) / 상속 전개 엔드포인트(inherited(TreeAbstractController))
Support System > Development Tool (landing_blog);landing_blogEditor;landing_blogDetail,BE→호출없음,상속(TreeAbstractController),/anonymous/arms/blog/getPaginatedChildNode.do,(호출 없음),GET,,,BlogController,프론트 호출 없음,Frontend-Web 에서 호출하는 곳 없음 / 같은 basePath(/anonymous/arms/blog) 를 호출하는 프론트 메뉴 3개 (호출 건수 순) / 상속 전개 엔드포인트(inherited(TreeAbstractController))
Support System > Development Tool (landing_blog);landing_blogEditor;landing_blogDetail,BE→호출없음,상속(TreeAbstractController),/anonymous/arms/blog/moveNode.do,(호출 없음),POST,,,BlogController,프론트 호출 없음,Frontend-Web 에서 호출하는 곳 없음 / 같은 basePath(/anonymous/arms/blog) 를 호출하는 프론트 메뉴 3개 (호출 건수 순) / 상속 전개 엔드포인트(inherited(TreeAbstractController))
Support System > Development Tool (landing_blog);landing_blogEditor;landing_blogDetail,BE→호출없음,상속(TreeAbstractController),/anonymous/arms/blog/removeNode.do,(호출 없음),DELETE,,,BlogController,프론트 호출 없음,Frontend-Web 에서 호출하는 곳 없음 / 같은 basePath(/anonymous/arms/blog) 를 호출하는 프론트 메뉴 3개 (호출 건수 순) / 상속 전개 엔드포인트(inherited(TreeAbstractController))
Support System > Development Tool (landing_blog);landing_blogEditor;landing_blogDetail,BE→호출없음,상속(TreeAbstractController),/anonymous/arms/blog/searchNode.do,(호출 없음),GET,,,BlogController,프론트 호출 없음,Frontend-Web 에서 호출하는 곳 없음 / 같은 basePath(/anonymous/arms/blog) 를 호출하는 프론트 메뉴 3개 (호출 건수 순) / 상속 전개 엔드포인트(inherited(TreeAbstractController))
Support System > Development Tool (landing_blog);landing_blogEditor;landing_blogDetail,BE→호출없음,상속(TreeAbstractController),/anonymous/arms/blog/send-message,(호출 없음),GET,,,BlogController,프론트 호출 없음,Frontend-Web 에서 호출하는 곳 없음 / 같은 basePath(/anonymous/arms/blog) 를 호출하는 프론트 메뉴 3개 (호출 건수 순) / 상속 전개 엔드포인트(inherited(TreeAbstractController))
Support System > Development Tool (landing_blog);landing_blogEditor;landing_blogDetail,BE→호출없음,상속(TreeAbstractController),/anonymous/arms/blog/updateNode.do,(호출 없음),PUT,,,BlogController,프론트 호출 없음,Frontend-Web 에서 호출하는 곳 없음 / 같은 basePath(/anonymous/arms/blog) 를 호출하는 프론트 메뉴 3개 (호출 건수 순) / 상속 전개 엔드포인트(inherited(TreeAbstractController))
System Info,BE→호출없음,상속(TreeAbstractController),/arms/fileRepository/addNode.do,(호출 없음),POST,,,FileRepositoryController,프론트 호출 없음,Frontend-Web 에서 호출하는 곳 없음 / 같은 basePath(/arms/fileRepository) 를 호출하는 프론트 메뉴 1개 (호출 건수 순) / 상속 전개 엔드포인트(inherited(TreeAbstractController))
System Info,BE→호출없음,상속(TreeAbstractController),/arms/fileRepository/alterNode.do,(호출 없음),PUT,,,FileRepositoryController,프론트 호출 없음,Frontend-Web 에서 호출하는 곳 없음 / 같은 basePath(/arms/fileRepository) 를 호출하는 프론트 메뉴 1개 (호출 건수 순) / 상속 전개 엔드포인트(inherited(TreeAbstractController))
System Info,BE→호출없음,상속(TreeAbstractController),/arms/fileRepository/alterNodeType.do,(호출 없음),PUT,,,FileRepositoryController,프론트 호출 없음,Frontend-Web 에서 호출하는 곳 없음 / 같은 basePath(/arms/fileRepository) 를 호출하는 프론트 메뉴 1개 (호출 건수 순) / 상속 전개 엔드포인트(inherited(TreeAbstractController))
System Info,BE→호출없음,상속(TreeAbstractController),/arms/fileRepository/analyzeNode.do,(호출 없음),GET,,,FileRepositoryController,프론트 호출 없음,Frontend-Web 에서 호출하는 곳 없음 / 같은 basePath(/arms/fileRepository) 를 호출하는 프론트 메뉴 1개 (호출 건수 순) / 상속 전개 엔드포인트(inherited(TreeAbstractController))
System Info,BE→호출없음,자체 선언,/arms/fileRepository/deleteFileByNode/{fileId},(호출 없음),POST,,,FileRepositoryController,프론트 호출 없음,Frontend-Web 에서 호출하는 곳 없음 / 같은 basePath(/arms/fileRepository) 를 호출하는 프론트 메뉴 1개 (호출 건수 순) / 경로 변수 포함
System Info,BE→호출없음,자체 선언,/arms/fileRepository/downloadFileByNode/{fileId},(호출 없음),GET,,,FileRepositoryController,프론트 호출 없음,Frontend-Web 에서 호출하는 곳 없음 / 같은 basePath(/arms/fileRepository) 를 호출하는 프론트 메뉴 1개 (호출 건수 순) / 경로 변수 포함
System Info,BE→호출없음,상속(TreeAbstractController),/arms/fileRepository/getChildNode.do,(호출 없음),GET,,,FileRepositoryController,프론트 호출 없음,Frontend-Web 에서 호출하는 곳 없음 / 같은 basePath(/arms/fileRepository) 를 호출하는 프론트 메뉴 1개 (호출 건수 순) / 상속 전개 엔드포인트(inherited(TreeAbstractController))
System Info,BE→호출없음,상속(TreeAbstractController),/arms/fileRepository/getMonitor.do,(호출 없음),GET,,,FileRepositoryController,프론트 호출 없음,Frontend-Web 에서 호출하는 곳 없음 / 같은 basePath(/arms/fileRepository) 를 호출하는 프론트 메뉴 1개 (호출 건수 순) / 상속 전개 엔드포인트(inherited(TreeAbstractController))
System Info,BE→호출없음,상속(TreeAbstractController),/arms/fileRepository/getNode.do,(호출 없음),GET,,,FileRepositoryController,프론트 호출 없음,Frontend-Web 에서 호출하는 곳 없음 / 같은 basePath(/arms/fileRepository) 를 호출하는 프론트 메뉴 1개 (호출 건수 순) / 상속 전개 엔드포인트(inherited(TreeAbstractController))
System Info,BE→호출없음,상속(TreeAbstractController),/arms/fileRepository/getNodesWithoutRoot.do,(호출 없음),GET,,,FileRepositoryController,프론트 호출 없음,Frontend-Web 에서 호출하는 곳 없음 / 같은 basePath(/arms/fileRepository) 를 호출하는 프론트 메뉴 1개 (호출 건수 순) / 상속 전개 엔드포인트(inherited(TreeAbstractController))
System Info,BE→호출없음,상속(TreeAbstractController),/arms/fileRepository/getPaginatedChildNode.do,(호출 없음),GET,,,FileRepositoryController,프론트 호출 없음,Frontend-Web 에서 호출하는 곳 없음 / 같은 basePath(/arms/fileRepository) 를 호출하는 프론트 메뉴 1개 (호출 건수 순) / 상속 전개 엔드포인트(inherited(TreeAbstractController))
System Info,BE→호출없음,상속(TreeAbstractController),/arms/fileRepository/moveNode.do,(호출 없음),POST,,,FileRepositoryController,프론트 호출 없음,Frontend-Web 에서 호출하는 곳 없음 / 같은 basePath(/arms/fileRepository) 를 호출하는 프론트 메뉴 1개 (호출 건수 순) / 상속 전개 엔드포인트(inherited(TreeAbstractController))
System Info,BE→호출없음,상속(TreeAbstractController),/arms/fileRepository/removeNode.do,(호출 없음),DELETE,,,FileRepositoryController,프론트 호출 없음,Frontend-Web 에서 호출하는 곳 없음 / 같은 basePath(/arms/fileRepository) 를 호출하는 프론트 메뉴 1개 (호출 건수 순) / 상속 전개 엔드포인트(inherited(TreeAbstractController))
System Info,BE→호출없음,상속(TreeAbstractController),/arms/fileRepository/searchNode.do,(호출 없음),GET,,,FileRepositoryController,프론트 호출 없음,Frontend-Web 에서 호출하는 곳 없음 / 같은 basePath(/arms/fileRepository) 를 호출하는 프론트 메뉴 1개 (호출 건수 순) / 상속 전개 엔드포인트(inherited(TreeAbstractController))
System Info,BE→호출없음,상속(TreeAbstractController),/arms/fileRepository/send-message,(호출 없음),GET,,,FileRepositoryController,프론트 호출 없음,Frontend-Web 에서 호출하는 곳 없음 / 같은 basePath(/arms/fileRepository) 를 호출하는 프론트 메뉴 1개 (호출 건수 순) / 상속 전개 엔드포인트(inherited(TreeAbstractController))
System Info,BE→호출없음,상속(TreeAbstractController),/arms/fileRepository/updateNode.do,(호출 없음),PUT,,,FileRepositoryController,프론트 호출 없음,Frontend-Web 에서 호출하는 곳 없음 / 같은 basePath(/arms/fileRepository) 를 호출하는 프론트 메뉴 1개 (호출 건수 순) / 상속 전개 엔드포인트(inherited(TreeAbstractController))
System Info,FE→BE없음,프론트 호출,/arms/pdService/uploadFileToNode.do,/auth-user/api/arms/pdService/uploadFileToNode.do,GET,backoffice/js/systemInfo.js,678,PdServiceController,메서드 불일치,"경로는 일치(exact), HTTP 메서드만 다름 — 백엔드 POST / 프론트 GET"
"System Info;버전 관리;제품 관리;요구 관리;일정 분석 - Time;Time, Scope, Resource;문서 관리;인공 지능 Beta;ARMS AI;자원 분석 - Resource;범위 분석 - Scope;개인성과지표;KPI Dashboard;Dashboard (detail_per_version);Dashboard (detail_total_reqadd);연결 관리;Dashboard (kpi);요구사항 등록;KPI > Personal Performance Indicators;Project Track Report;Performance Report;Req Trace Manage;SWOT Report;Report > Weekly;간트 차트 - Gantt;칸반 보드 - Kanban;현황 관리 - List;현황 관리 - Calendar",BE→호출없음,상속(TreeAbstractController),/arms/pdService/addNode.do,(호출 없음),POST,,,PdServiceController,프론트 호출 없음,Frontend-Web 에서 호출하는 곳 없음 / 같은 basePath(/arms/pdService) 를 호출하는 프론트 메뉴 28개 (호출 건수 순) / 상속 전개 엔드포인트(inherited(TreeAbstractController))
"System Info;버전 관리;제품 관리;요구 관리;일정 분석 - Time;Time, Scope, Resource;문서 관리;인공 지능 Beta;ARMS AI;자원 분석 - Resource;범위 분석 - Scope;개인성과지표;KPI Dashboard;Dashboard (detail_per_version);Dashboard (detail_total_reqadd);연결 관리;Dashboard (kpi);요구사항 등록;KPI > Personal Performance Indicators;Project Track Report;Performance Report;Req Trace Manage;SWOT Report;Report > Weekly;간트 차트 - Gantt;칸반 보드 - Kanban;현황 관리 - List;현황 관리 - Calendar",BE→호출없음,상속(TreeAbstractController),/arms/pdService/alterNode.do,(호출 없음),PUT,,,PdServiceController,프론트 호출 없음,Frontend-Web 에서 호출하는 곳 없음 / 같은 basePath(/arms/pdService) 를 호출하는 프론트 메뉴 28개 (호출 건수 순) / 상속 전개 엔드포인트(inherited(TreeAbstractController))
"System Info;버전 관리;제품 관리;요구 관리;일정 분석 - Time;Time, Scope, Resource;문서 관리;인공 지능 Beta;ARMS AI;자원 분석 - Resource;범위 분석 - Scope;개인성과지표;KPI Dashboard;Dashboard (detail_per_version);Dashboard (detail_total_reqadd);연결 관리;Dashboard (kpi);요구사항 등록;KPI > Personal Performance Indicators;Project Track Report;Performance Report;Req Trace Manage;SWOT Report;Report > Weekly;간트 차트 - Gantt;칸반 보드 - Kanban;현황 관리 - List;현황 관리 - Calendar",BE→호출없음,상속(TreeAbstractController),/arms/pdService/alterNodeType.do,(호출 없음),PUT,,,PdServiceController,프론트 호출 없음,Frontend-Web 에서 호출하는 곳 없음 / 같은 basePath(/arms/pdService) 를 호출하는 프론트 메뉴 28개 (호출 건수 순) / 상속 전개 엔드포인트(inherited(TreeAbstractController))
"System Info;버전 관리;제품 관리;요구 관리;일정 분석 - Time;Time, Scope, Resource;문서 관리;인공 지능 Beta;ARMS AI;자원 분석 - Resource;범위 분석 - Scope;개인성과지표;KPI Dashboard;Dashboard (detail_per_version);Dashboard (detail_total_reqadd);연결 관리;Dashboard (kpi);요구사항 등록;KPI > Personal Performance Indicators;Project Track Report;Performance Report;Req Trace Manage;SWOT Report;Report > Weekly;간트 차트 - Gantt;칸반 보드 - Kanban;현황 관리 - List;현황 관리 - Calendar",BE→호출없음,상속(TreeAbstractController),/arms/pdService/analyzeNode.do,(호출 없음),GET,,,PdServiceController,프론트 호출 없음,Frontend-Web 에서 호출하는 곳 없음 / 같은 basePath(/arms/pdService) 를 호출하는 프론트 메뉴 28개 (호출 건수 순) / 상속 전개 엔드포인트(inherited(TreeAbstractController))
"System Info;버전 관리;제품 관리;요구 관리;일정 분석 - Time;Time, Scope, Resource;문서 관리;인공 지능 Beta;ARMS AI;자원 분석 - Resource;범위 분석 - Scope;개인성과지표;KPI Dashboard;Dashboard (detail_per_version);Dashboard (detail_total_reqadd);연결 관리;Dashboard (kpi);요구사항 등록;KPI > Personal Performance Indicators;Project Track Report;Performance Report;Req Trace Manage;SWOT Report;Report > Weekly;간트 차트 - Gantt;칸반 보드 - Kanban;현황 관리 - List;현황 관리 - Calendar",BE→호출없음,상속(TreeAbstractController),/arms/pdService/getChildNode.do,(호출 없음),GET,,,PdServiceController,프론트 호출 없음,Frontend-Web 에서 호출하는 곳 없음 / 같은 basePath(/arms/pdService) 를 호출하는 프론트 메뉴 28개 (호출 건수 순) / 상속 전개 엔드포인트(inherited(TreeAbstractController))
"System Info;버전 관리;제품 관리;요구 관리;일정 분석 - Time;Time, Scope, Resource;문서 관리;인공 지능 Beta;ARMS AI;자원 분석 - Resource;범위 분석 - Scope;개인성과지표;KPI Dashboard;Dashboard (detail_per_version);Dashboard (detail_total_reqadd);연결 관리;Dashboard (kpi);요구사항 등록;KPI > Personal Performance Indicators;Project Track Report;Performance Report;Req Trace Manage;SWOT Report;Report > Weekly;간트 차트 - Gantt;칸반 보드 - Kanban;현황 관리 - List;현황 관리 - Calendar",BE→호출없음,자체 선언,/arms/pdService/getD3ChartData.do,(호출 없음),GET,,,PdServiceController,프론트 호출 없음,Frontend-Web 에서 호출하는 곳 없음 / 같은 basePath(/arms/pdService) 를 호출하는 프론트 메뉴 28개 (호출 건수 순)
"System Info;버전 관리;제품 관리;요구 관리;일정 분석 - Time;Time, Scope, Resource;문서 관리;인공 지능 Beta;ARMS AI;자원 분석 - Resource;범위 분석 - Scope;개인성과지표;KPI Dashboard;Dashboard (detail_per_version);Dashboard (detail_total_reqadd);연결 관리;Dashboard (kpi);요구사항 등록;KPI > Personal Performance Indicators;Project Track Report;Performance Report;Req Trace Manage;SWOT Report;Report > Weekly;간트 차트 - Gantt;칸반 보드 - Kanban;현황 관리 - List;현황 관리 - Calendar",BE→호출없음,상속(TreeAbstractController),/arms/pdService/getMonitor.do,(호출 없음),GET,,,PdServiceController,프론트 호출 없음,Frontend-Web 에서 호출하는 곳 없음 / 같은 basePath(/arms/pdService) 를 호출하는 프론트 메뉴 28개 (호출 건수 순) / 상속 전개 엔드포인트(inherited(TreeAbstractController))
"System Info;버전 관리;제품 관리;요구 관리;일정 분석 - Time;Time, Scope, Resource;문서 관리;인공 지능 Beta;ARMS AI;자원 분석 - Resource;범위 분석 - Scope;개인성과지표;KPI Dashboard;Dashboard (detail_per_version);Dashboard (detail_total_reqadd);연결 관리;Dashboard (kpi);요구사항 등록;KPI > Personal Performance Indicators;Project Track Report;Performance Report;Req Trace Manage;SWOT Report;Report > Weekly;간트 차트 - Gantt;칸반 보드 - Kanban;현황 관리 - List;현황 관리 - Calendar",BE→호출없음,상속(TreeAbstractController),/arms/pdService/getNode.do,(호출 없음),GET,,,PdServiceController,프론트 호출 없음,Frontend-Web 에서 호출하는 곳 없음 / 같은 basePath(/arms/pdService) 를 호출하는 프론트 메뉴 28개 (호출 건수 순) / 상속 전개 엔드포인트(inherited(TreeAbstractController))
"System Info;버전 관리;제품 관리;요구 관리;일정 분석 - Time;Time, Scope, Resource;문서 관리;인공 지능 Beta;ARMS AI;자원 분석 - Resource;범위 분석 - Scope;개인성과지표;KPI Dashboard;Dashboard (detail_per_version);Dashboard (detail_total_reqadd);연결 관리;Dashboard (kpi);요구사항 등록;KPI > Personal Performance Indicators;Project Track Report;Performance Report;Req Trace Manage;SWOT Report;Report > Weekly;간트 차트 - Gantt;칸반 보드 - Kanban;현황 관리 - List;현황 관리 - Calendar",BE→호출없음,상속(TreeAbstractController),/arms/pdService/getNodesWithoutRoot.do,(호출 없음),GET,,,PdServiceController,프론트 호출 없음,Frontend-Web 에서 호출하는 곳 없음 / 같은 basePath(/arms/pdService) 를 호출하는 프론트 메뉴 28개 (호출 건수 순) / 상속 전개 엔드포인트(inherited(TreeAbstractController))
"System Info;버전 관리;제품 관리;요구 관리;일정 분석 - Time;Time, Scope, Resource;문서 관리;인공 지능 Beta;ARMS AI;자원 분석 - Resource;범위 분석 - Scope;개인성과지표;KPI Dashboard;Dashboard (detail_per_version);Dashboard (detail_total_reqadd);연결 관리;Dashboard (kpi);요구사항 등록;KPI > Personal Performance Indicators;Project Track Report;Performance Report;Req Trace Manage;SWOT Report;Report > Weekly;간트 차트 - Gantt;칸반 보드 - Kanban;현황 관리 - List;현황 관리 - Calendar",BE→호출없음,상속(TreeAbstractController),/arms/pdService/getPaginatedChildNode.do,(호출 없음),GET,,,PdServiceController,프론트 호출 없음,Frontend-Web 에서 호출하는 곳 없음 / 같은 basePath(/arms/pdService) 를 호출하는 프론트 메뉴 28개 (호출 건수 순) / 상속 전개 엔드포인트(inherited(TreeAbstractController))
"System Info;버전 관리;제품 관리;요구 관리;일정 분석 - Time;Time, Scope, Resource;문서 관리;인공 지능 Beta;ARMS AI;자원 분석 - Resource;범위 분석 - Scope;개인성과지표;KPI Dashboard;Dashboard (detail_per_version);Dashboard (detail_total_reqadd);연결 관리;Dashboard (kpi);요구사항 등록;KPI > Personal Performance Indicators;Project Track Report;Performance Report;Req Trace Manage;SWOT Report;Report > Weekly;간트 차트 - Gantt;칸반 보드 - Kanban;현황 관리 - List;현황 관리 - Calendar",BE→호출없음,자체 선언,/arms/pdService/getPdServiceAndVersionByCid,(호출 없음),GET,,,PdServiceController,프론트 호출 없음,Frontend-Web 에서 호출하는 곳 없음 / 같은 basePath(/arms/pdService) 를 호출하는 프론트 메뉴 28개 (호출 건수 순)
"System Info;버전 관리;제품 관리;요구 관리;일정 분석 - Time;Time, Scope, Resource;문서 관리;인공 지능 Beta;ARMS AI;자원 분석 - Resource;범위 분석 - Scope;개인성과지표;KPI Dashboard;Dashboard (detail_per_version);Dashboard (detail_total_reqadd);연결 관리;Dashboard (kpi);요구사항 등록;KPI > Personal Performance Indicators;Project Track Report;Performance Report;Req Trace Manage;SWOT Report;Report > Weekly;간트 차트 - Gantt;칸반 보드 - Kanban;현황 관리 - List;현황 관리 - Calendar",BE→호출없음,자체 선언,/arms/pdService/getPdServiceEntityAndVersionList,(호출 없음),GET,,,PdServiceController,프론트 호출 없음,Frontend-Web 에서 호출하는 곳 없음 / 같은 basePath(/arms/pdService) 를 호출하는 프론트 메뉴 28개 (호출 건수 순)
"System Info;버전 관리;제품 관리;요구 관리;일정 분석 - Time;Time, Scope, Resource;문서 관리;인공 지능 Beta;ARMS AI;자원 분석 - Resource;범위 분석 - Scope;개인성과지표;KPI Dashboard;Dashboard (detail_per_version);Dashboard (detail_total_reqadd);연결 관리;Dashboard (kpi);요구사항 등록;KPI > Personal Performance Indicators;Project Track Report;Performance Report;Req Trace Manage;SWOT Report;Report > Weekly;간트 차트 - Gantt;칸반 보드 - Kanban;현황 관리 - List;현황 관리 - Calendar",BE→호출없음,상속(TreeAbstractController),/arms/pdService/moveNode.do,(호출 없음),POST,,,PdServiceController,프론트 호출 없음,Frontend-Web 에서 호출하는 곳 없음 / 같은 basePath(/arms/pdService) 를 호출하는 프론트 메뉴 28개 (호출 건수 순) / 상속 전개 엔드포인트(inherited(TreeAbstractController))
"System Info;버전 관리;제품 관리;요구 관리;일정 분석 - Time;Time, Scope, Resource;문서 관리;인공 지능 Beta;ARMS AI;자원 분석 - Resource;범위 분석 - Scope;개인성과지표;KPI Dashboard;Dashboard (detail_per_version);Dashboard (detail_total_reqadd);연결 관리;Dashboard (kpi);요구사항 등록;KPI > Personal Performance Indicators;Project Track Report;Performance Report;Req Trace Manage;SWOT Report;Report > Weekly;간트 차트 - Gantt;칸반 보드 - Kanban;현황 관리 - List;현황 관리 - Calendar",BE→호출없음,상속(TreeAbstractController),/arms/pdService/searchNode.do,(호출 없음),GET,,,PdServiceController,프론트 호출 없음,Frontend-Web 에서 호출하는 곳 없음 / 같은 basePath(/arms/pdService) 를 호출하는 프론트 메뉴 28개 (호출 건수 순) / 상속 전개 엔드포인트(inherited(TreeAbstractController))
"System Info;버전 관리;제품 관리;요구 관리;일정 분석 - Time;Time, Scope, Resource;문서 관리;인공 지능 Beta;ARMS AI;자원 분석 - Resource;범위 분석 - Scope;개인성과지표;KPI Dashboard;Dashboard (detail_per_version);Dashboard (detail_total_reqadd);연결 관리;Dashboard (kpi);요구사항 등록;KPI > Personal Performance Indicators;Project Track Report;Performance Report;Req Trace Manage;SWOT Report;Report > Weekly;간트 차트 - Gantt;칸반 보드 - Kanban;현황 관리 - List;현황 관리 - Calendar",BE→호출없음,상속(TreeAbstractController),/arms/pdService/send-message,(호출 없음),GET,,,PdServiceController,프론트 호출 없음,Frontend-Web 에서 호출하는 곳 없음 / 같은 basePath(/arms/pdService) 를 호출하는 프론트 메뉴 28개 (호출 건수 순) / 상속 전개 엔드포인트(inherited(TreeAbstractController))
"System Info;버전 관리;제품 관리;요구 관리;일정 분석 - Time;Time, Scope, Resource;문서 관리;인공 지능 Beta;ARMS AI;자원 분석 - Resource;범위 분석 - Scope;개인성과지표;KPI Dashboard;Dashboard (detail_per_version);Dashboard (detail_total_reqadd);연결 관리;Dashboard (kpi);요구사항 등록;KPI > Personal Performance Indicators;Project Track Report;Performance Report;Req Trace Manage;SWOT Report;Report > Weekly;간트 차트 - Gantt;칸반 보드 - Kanban;현황 관리 - List;현황 관리 - Calendar",BE→호출없음,자체 선언,/arms/pdService/uploadFileToNode.do,(호출 없음),POST,,,PdServiceController,프론트 호출 없음,Frontend-Web 에서 호출하는 곳 없음 / 같은 basePath(/arms/pdService) 를 호출하는 프론트 메뉴 28개 (호출 건수 순)
"Time, Scope, Resource;공통 모듈",BE→호출없음,자체 선언,/arms/dashboard/global/config/test,(호출 없음),GET,,,DashboardController,프론트 호출 없음,Frontend-Web 에서 호출하는 곳 없음 / 같은 basePath(/arms/dashboard) 를 호출하는 프론트 메뉴 2개 (호출 건수 순)
Timeoff,BE→호출없음,상속(TreeAbstractController),/arms/backoffice/holiday/addNode.do,(호출 없음),POST,,,HolidayController,프론트 호출 없음,Frontend-Web 에서 호출하는 곳 없음 / 같은 basePath(/arms/backoffice/holiday) 를 호출하는 프론트 메뉴 1개 (호출 건수 순) / 상속 전개 엔드포인트(inherited(TreeAbstractController))
Timeoff,BE→호출없음,상속(TreeAbstractController),/arms/backoffice/holiday/alterNode.do,(호출 없음),PUT,,,HolidayController,프론트 호출 없음,Frontend-Web 에서 호출하는 곳 없음 / 같은 basePath(/arms/backoffice/holiday) 를 호출하는 프론트 메뉴 1개 (호출 건수 순) / 상속 전개 엔드포인트(inherited(TreeAbstractController))
Timeoff,BE→호출없음,상속(TreeAbstractController),/arms/backoffice/holiday/alterNodeType.do,(호출 없음),PUT,,,HolidayController,프론트 호출 없음,Frontend-Web 에서 호출하는 곳 없음 / 같은 basePath(/arms/backoffice/holiday) 를 호출하는 프론트 메뉴 1개 (호출 건수 순) / 상속 전개 엔드포인트(inherited(TreeAbstractController))
Timeoff,BE→호출없음,상속(TreeAbstractController),/arms/backoffice/holiday/analyzeNode.do,(호출 없음),GET,,,HolidayController,프론트 호출 없음,Frontend-Web 에서 호출하는 곳 없음 / 같은 basePath(/arms/backoffice/holiday) 를 호출하는 프론트 메뉴 1개 (호출 건수 순) / 상속 전개 엔드포인트(inherited(TreeAbstractController))
Timeoff,BE→호출없음,상속(TreeAbstractController),/arms/backoffice/holiday/getChildNode.do,(호출 없음),GET,,,HolidayController,프론트 호출 없음,Frontend-Web 에서 호출하는 곳 없음 / 같은 basePath(/arms/backoffice/holiday) 를 호출하는 프론트 메뉴 1개 (호출 건수 순) / 상속 전개 엔드포인트(inherited(TreeAbstractController))
Timeoff,BE→호출없음,상속(TreeAbstractController),/arms/backoffice/holiday/getMonitor.do,(호출 없음),GET,,,HolidayController,프론트 호출 없음,Frontend-Web 에서 호출하는 곳 없음 / 같은 basePath(/arms/backoffice/holiday) 를 호출하는 프론트 메뉴 1개 (호출 건수 순) / 상속 전개 엔드포인트(inherited(TreeAbstractController))
Timeoff,BE→호출없음,상속(TreeAbstractController),/arms/backoffice/holiday/getNode.do,(호출 없음),GET,,,HolidayController,프론트 호출 없음,Frontend-Web 에서 호출하는 곳 없음 / 같은 basePath(/arms/backoffice/holiday) 를 호출하는 프론트 메뉴 1개 (호출 건수 순) / 상속 전개 엔드포인트(inherited(TreeAbstractController))
Timeoff,BE→호출없음,상속(TreeAbstractController),/arms/backoffice/holiday/getPaginatedChildNode.do,(호출 없음),GET,,,HolidayController,프론트 호출 없음,Frontend-Web 에서 호출하는 곳 없음 / 같은 basePath(/arms/backoffice/holiday) 를 호출하는 프론트 메뉴 1개 (호출 건수 순) / 상속 전개 엔드포인트(inherited(TreeAbstractController))
Timeoff,BE→호출없음,상속(TreeAbstractController),/arms/backoffice/holiday/moveNode.do,(호출 없음),POST,,,HolidayController,프론트 호출 없음,Frontend-Web 에서 호출하는 곳 없음 / 같은 basePath(/arms/backoffice/holiday) 를 호출하는 프론트 메뉴 1개 (호출 건수 순) / 상속 전개 엔드포인트(inherited(TreeAbstractController))
Timeoff,BE→호출없음,상속(TreeAbstractController),/arms/backoffice/holiday/removeNode.do,(호출 없음),DELETE,,,HolidayController,프론트 호출 없음,Frontend-Web 에서 호출하는 곳 없음 / 같은 basePath(/arms/backoffice/holiday) 를 호출하는 프론트 메뉴 1개 (호출 건수 순) / 상속 전개 엔드포인트(inherited(TreeAbstractController))
Timeoff,BE→호출없음,상속(TreeAbstractController),/arms/backoffice/holiday/searchNode.do,(호출 없음),GET,,,HolidayController,프론트 호출 없음,Frontend-Web 에서 호출하는 곳 없음 / 같은 basePath(/arms/backoffice/holiday) 를 호출하는 프론트 메뉴 1개 (호출 건수 순) / 상속 전개 엔드포인트(inherited(TreeAbstractController))
Timeoff,BE→호출없음,상속(TreeAbstractController),/arms/backoffice/holiday/send-message,(호출 없음),GET,,,HolidayController,프론트 호출 없음,Frontend-Web 에서 호출하는 곳 없음 / 같은 basePath(/arms/backoffice/holiday) 를 호출하는 프론트 메뉴 1개 (호출 건수 순) / 상속 전개 엔드포인트(inherited(TreeAbstractController))
Timeoff,BE→호출없음,상속(TreeAbstractController),/arms/backoffice/holiday/updateNode.do,(호출 없음),PUT,,,HolidayController,프론트 호출 없음,Frontend-Web 에서 호출하는 곳 없음 / 같은 basePath(/arms/backoffice/holiday) 를 호출하는 프론트 메뉴 1개 (호출 건수 순) / 상속 전개 엔드포인트(inherited(TreeAbstractController))
간트 차트 - Gantt,FE→BE없음,프론트 호출,(없음),/auth-user/api/arms/reqAdd/T_ARMS_REQADD_{selected_pdService}/getHistory.do,GET,arms/js/reqGantt.js,2415,,백엔드 미존재,게이트웨이 변환 결과 내부경로 /arms/reqAdd/T_ARMS_REQADD_{selected_pdService}/getHistory.do 에 대응하는 Backend-Core 매핑 없음 / basePath /arms/reqAdd 는 존재 — 그 하위 경로만 미존재 / 변수 세그먼트 포함 — 세그먼트 수·자리 기준 비교
간트 차트 - Gantt,FE→BE없음,상속(TreeAbstractController),(없음),/auth-user/api/arms/reqAdd/sync/T_ARMS_REQADD_{selected_pdService}/addNode.do,POST,arms/js/reqGantt.js,2230,,백엔드 미존재,게이트웨이 변환 결과 내부경로 /arms/reqAdd/sync/T_ARMS_REQADD_{selected_pdService}/addNode.do 에 대응하는 Backend-Core 매핑 없음 / basePath /arms/reqAdd 는 존재 — 그 하위 경로만 미존재 / 변수 세그먼트 포함 — 세그먼트 수·자리 기준 비교 / 같은 외부 경로를 Middle-Proxy 가 직접 처리: /auth-user/api/arms/reqAdd/sync (Java-Service-Tree-Framework-Middle-Proxy/src/main/java/com/arms/api/kafka/reqadd/controller/ReqAddProxyControllerSync.java) — Backend-Core 미존재는 맞으나 미사용 호출은 아님
간트 차트 - Gantt,FE→BE없음,상속(TreeAbstractController),(없음),/auth-user/api/arms/reqAdd/sync/T_ARMS_REQADD_{selected_pdService}/moveNode.do,POST,arms/js/reqGantt.js,2785,,백엔드 미존재,게이트웨이 변환 결과 내부경로 /arms/reqAdd/sync/T_ARMS_REQADD_{selected_pdService}/moveNode.do 에 대응하는 Backend-Core 매핑 없음 / basePath /arms/reqAdd 는 존재 — 그 하위 경로만 미존재 / 변수 세그먼트 포함 — 세그먼트 수·자리 기준 비교 / 같은 외부 경로를 Middle-Proxy 가 직접 처리: /auth-user/api/arms/reqAdd/sync (Java-Service-Tree-Framework-Middle-Proxy/src/main/java/com/arms/api/kafka/reqadd/controller/ReqAddProxyControllerSync.java) — Backend-Core 미존재는 맞으나 미사용 호출은 아님
간트 차트 - Gantt,FE→BE없음,프론트 호출,(없음),/auth-user/api/arms/reqAdd/sync/T_ARMS_REQADD_{selected_pdService}/updateDate.do,POST,arms/js/reqGantt.js,2824,,백엔드 미존재,게이트웨이 변환 결과 내부경로 /arms/reqAdd/sync/T_ARMS_REQADD_{selected_pdService}/updateDate.do 에 대응하는 Backend-Core 매핑 없음 / basePath /arms/reqAdd 는 존재 — 그 하위 경로만 미존재 / 변수 세그먼트 포함 — 세그먼트 수·자리 기준 비교 / 같은 외부 경로를 Middle-Proxy 가 직접 처리: /auth-user/api/arms/reqAdd/sync (Java-Service-Tree-Framework-Middle-Proxy/src/main/java/com/arms/api/kafka/reqadd/controller/ReqAddProxyControllerSync.java) — Backend-Core 미존재는 맞으나 미사용 호출은 아님
간트 차트 - Gantt,FE→BE없음,상속(TreeAbstractController),(없음),/auth-user/api/arms/reqAdd/sync/T_ARMS_REQADD_{selected_pdService}/updateNode.do,POST,arms/js/reqGantt.js,2378,,백엔드 미존재,게이트웨이 변환 결과 내부경로 /arms/reqAdd/sync/T_ARMS_REQADD_{selected_pdService}/updateNode.do 에 대응하는 Backend-Core 매핑 없음 / basePath /arms/reqAdd 는 존재 — 그 하위 경로만 미존재 / 변수 세그먼트 포함 — 세그먼트 수·자리 기준 비교 / 같은 외부 경로를 Middle-Proxy 가 직접 처리: /auth-user/api/arms/reqAdd/sync (Java-Service-Tree-Framework-Middle-Proxy/src/main/java/com/arms/api/kafka/reqadd/controller/ReqAddProxyControllerSync.java) — Backend-Core 미존재는 맞으나 미사용 호출은 아님
간트 차트 - Gantt;Project Track Report,BE→호출없음,상속(TreeAbstractController),/arms/reqAddStatePure/addNode.do,(호출 없음),POST,,,ReqAddStatePureController,프론트 호출 없음,Frontend-Web 에서 호출하는 곳 없음 / 같은 basePath(/arms/reqAddStatePure) 를 호출하는 프론트 메뉴 2개 (호출 건수 순) / 상속 전개 엔드포인트(inherited(TreeAbstractController))
간트 차트 - Gantt;Project Track Report,BE→호출없음,상속(TreeAbstractController),/arms/reqAddStatePure/alterNode.do,(호출 없음),PUT,,,ReqAddStatePureController,프론트 호출 없음,Frontend-Web 에서 호출하는 곳 없음 / 같은 basePath(/arms/reqAddStatePure) 를 호출하는 프론트 메뉴 2개 (호출 건수 순) / 상속 전개 엔드포인트(inherited(TreeAbstractController))
간트 차트 - Gantt;Project Track Report,BE→호출없음,상속(TreeAbstractController),/arms/reqAddStatePure/alterNodeType.do,(호출 없음),PUT,,,ReqAddStatePureController,프론트 호출 없음,Frontend-Web 에서 호출하는 곳 없음 / 같은 basePath(/arms/reqAddStatePure) 를 호출하는 프론트 메뉴 2개 (호출 건수 순) / 상속 전개 엔드포인트(inherited(TreeAbstractController))
간트 차트 - Gantt;Project Track Report,BE→호출없음,상속(TreeAbstractController),/arms/reqAddStatePure/analyzeNode.do,(호출 없음),GET,,,ReqAddStatePureController,프론트 호출 없음,Frontend-Web 에서 호출하는 곳 없음 / 같은 basePath(/arms/reqAddStatePure) 를 호출하는 프론트 메뉴 2개 (호출 건수 순) / 상속 전개 엔드포인트(inherited(TreeAbstractController))
간트 차트 - Gantt;Project Track Report,BE→호출없음,상속(TreeAbstractController),/arms/reqAddStatePure/getChildNode.do,(호출 없음),GET,,,ReqAddStatePureController,프론트 호출 없음,Frontend-Web 에서 호출하는 곳 없음 / 같은 basePath(/arms/reqAddStatePure) 를 호출하는 프론트 메뉴 2개 (호출 건수 순) / 상속 전개 엔드포인트(inherited(TreeAbstractController))
간트 차트 - Gantt;Project Track Report,BE→호출없음,상속(TreeAbstractController),/arms/reqAddStatePure/getMonitor.do,(호출 없음),GET,,,ReqAddStatePureController,프론트 호출 없음,Frontend-Web 에서 호출하는 곳 없음 / 같은 basePath(/arms/reqAddStatePure) 를 호출하는 프론트 메뉴 2개 (호출 건수 순) / 상속 전개 엔드포인트(inherited(TreeAbstractController))
간트 차트 - Gantt;Project Track Report,BE→호출없음,상속(TreeAbstractController),/arms/reqAddStatePure/getNode.do,(호출 없음),GET,,,ReqAddStatePureController,프론트 호출 없음,Frontend-Web 에서 호출하는 곳 없음 / 같은 basePath(/arms/reqAddStatePure) 를 호출하는 프론트 메뉴 2개 (호출 건수 순) / 상속 전개 엔드포인트(inherited(TreeAbstractController))
간트 차트 - Gantt;Project Track Report,BE→호출없음,상속(TreeAbstractController),/arms/reqAddStatePure/getNodesWithoutRoot.do,(호출 없음),GET,,,ReqAddStatePureController,프론트 호출 없음,Frontend-Web 에서 호출하는 곳 없음 / 같은 basePath(/arms/reqAddStatePure) 를 호출하는 프론트 메뉴 2개 (호출 건수 순) / 상속 전개 엔드포인트(inherited(TreeAbstractController))
간트 차트 - Gantt;Project Track Report,BE→호출없음,상속(TreeAbstractController),/arms/reqAddStatePure/getPaginatedChildNode.do,(호출 없음),GET,,,ReqAddStatePureController,프론트 호출 없음,Frontend-Web 에서 호출하는 곳 없음 / 같은 basePath(/arms/reqAddStatePure) 를 호출하는 프론트 메뉴 2개 (호출 건수 순) / 상속 전개 엔드포인트(inherited(TreeAbstractController))
간트 차트 - Gantt;Project Track Report,BE→호출없음,상속(TreeAbstractController),/arms/reqAddStatePure/moveNode.do,(호출 없음),POST,,,ReqAddStatePureController,프론트 호출 없음,Frontend-Web 에서 호출하는 곳 없음 / 같은 basePath(/arms/reqAddStatePure) 를 호출하는 프론트 메뉴 2개 (호출 건수 순) / 상속 전개 엔드포인트(inherited(TreeAbstractController))
간트 차트 - Gantt;Project Track Report,BE→호출없음,상속(TreeAbstractController),/arms/reqAddStatePure/removeNode.do,(호출 없음),DELETE,,,ReqAddStatePureController,프론트 호출 없음,Frontend-Web 에서 호출하는 곳 없음 / 같은 basePath(/arms/reqAddStatePure) 를 호출하는 프론트 메뉴 2개 (호출 건수 순) / 상속 전개 엔드포인트(inherited(TreeAbstractController))
간트 차트 - Gantt;Project Track Report,BE→호출없음,상속(TreeAbstractController),/arms/reqAddStatePure/searchNode.do,(호출 없음),GET,,,ReqAddStatePureController,프론트 호출 없음,Frontend-Web 에서 호출하는 곳 없음 / 같은 basePath(/arms/reqAddStatePure) 를 호출하는 프론트 메뉴 2개 (호출 건수 순) / 상속 전개 엔드포인트(inherited(TreeAbstractController))
간트 차트 - Gantt;Project Track Report,BE→호출없음,상속(TreeAbstractController),/arms/reqAddStatePure/send-message,(호출 없음),GET,,,ReqAddStatePureController,프론트 호출 없음,Frontend-Web 에서 호출하는 곳 없음 / 같은 basePath(/arms/reqAddStatePure) 를 호출하는 프론트 메뉴 2개 (호출 건수 순) / 상속 전개 엔드포인트(inherited(TreeAbstractController))
간트 차트 - Gantt;Project Track Report,BE→호출없음,상속(TreeAbstractController),/arms/reqAddStatePure/updateNode.do,(호출 없음),PUT,,,ReqAddStatePureController,프론트 호출 없음,Frontend-Web 에서 호출하는 곳 없음 / 같은 basePath(/arms/reqAddStatePure) 를 호출하는 프론트 메뉴 2개 (호출 건수 순) / 상속 전개 엔드포인트(inherited(TreeAbstractController))
간트 차트 - Gantt;Project Track Report,BE→호출없음,자체 선언,/arms/reqAddStatePure/{changeReqTableName}/calculateProgress.do,(호출 없음),GET,,,ReqAddStatePureController,프론트 호출 없음,Frontend-Web 에서 호출하는 곳 없음 / 같은 basePath(/arms/reqAddStatePure) 를 호출하는 프론트 메뉴 2개 (호출 건수 순) / 경로 변수 포함
간트 차트 - Gantt;Project Track Report,BE→호출없음,자체 선언,/arms/reqAddStatePure/{changeReqTableName}/reportReqStatus,(호출 없음),GET,,,ReqAddStatePureController,프론트 호출 없음,Frontend-Web 에서 호출하는 곳 없음 / 같은 basePath(/arms/reqAddStatePure) 를 호출하는 프론트 메뉴 2개 (호출 건수 순) / 경로 변수 포함
공통 모듈,BE→호출없음,자체 선언,/arms/analysis/top-menu/{changeReqTableName}/comprehensive-data,(호출 없음),POST,,,TopMenuController,프론트 호출 없음,Frontend-Web 에서 호출하는 곳 없음 / 같은 basePath(/arms/analysis) 를 호출하는 프론트 메뉴 1개 (호출 건수 순) / 경로 변수 포함
공통 모듈,BE→호출없음,자체 선언,/arms/analysis/top-menu/{changeReqTableName}/getReqAddListByFilter,(호출 없음),POST,,,TopMenuController,프론트 호출 없음,Frontend-Web 에서 호출하는 곳 없음 / 같은 basePath(/arms/analysis) 를 호출하는 프론트 메뉴 1개 (호출 건수 순) / 경로 변수 포함
공통 모듈,BE→호출없음,상속(TreeAbstractController),/arms/reqStateCategory/addNode.do,(호출 없음),POST,,,ReqStateCategoryController,프론트 호출 없음,Frontend-Web 에서 호출하는 곳 없음 / 같은 basePath(/arms/reqStateCategory) 를 호출하는 프론트 메뉴 1개 (호출 건수 순) / 상속 전개 엔드포인트(inherited(TreeAbstractController))
공통 모듈,BE→호출없음,상속(TreeAbstractController),/arms/reqStateCategory/alterNode.do,(호출 없음),PUT,,,ReqStateCategoryController,프론트 호출 없음,Frontend-Web 에서 호출하는 곳 없음 / 같은 basePath(/arms/reqStateCategory) 를 호출하는 프론트 메뉴 1개 (호출 건수 순) / 상속 전개 엔드포인트(inherited(TreeAbstractController))
공통 모듈,BE→호출없음,상속(TreeAbstractController),/arms/reqStateCategory/alterNodeType.do,(호출 없음),PUT,,,ReqStateCategoryController,프론트 호출 없음,Frontend-Web 에서 호출하는 곳 없음 / 같은 basePath(/arms/reqStateCategory) 를 호출하는 프론트 메뉴 1개 (호출 건수 순) / 상속 전개 엔드포인트(inherited(TreeAbstractController))
공통 모듈,BE→호출없음,상속(TreeAbstractController),/arms/reqStateCategory/analyzeNode.do,(호출 없음),GET,,,ReqStateCategoryController,프론트 호출 없음,Frontend-Web 에서 호출하는 곳 없음 / 같은 basePath(/arms/reqStateCategory) 를 호출하는 프론트 메뉴 1개 (호출 건수 순) / 상속 전개 엔드포인트(inherited(TreeAbstractController))
공통 모듈,BE→호출없음,상속(TreeAbstractController),/arms/reqStateCategory/getChildNode.do,(호출 없음),GET,,,ReqStateCategoryController,프론트 호출 없음,Frontend-Web 에서 호출하는 곳 없음 / 같은 basePath(/arms/reqStateCategory) 를 호출하는 프론트 메뉴 1개 (호출 건수 순) / 상속 전개 엔드포인트(inherited(TreeAbstractController))
공통 모듈,BE→호출없음,자체 선언,/arms/reqStateCategory/getClosedCategory.do,(호출 없음),GET,,,ReqStateCategoryController,프론트 호출 없음,Frontend-Web 에서 호출하는 곳 없음 / 같은 basePath(/arms/reqStateCategory) 를 호출하는 프론트 메뉴 1개 (호출 건수 순)
공통 모듈,BE→호출없음,상속(TreeAbstractController),/arms/reqStateCategory/getMonitor.do,(호출 없음),GET,,,ReqStateCategoryController,프론트 호출 없음,Frontend-Web 에서 호출하는 곳 없음 / 같은 basePath(/arms/reqStateCategory) 를 호출하는 프론트 메뉴 1개 (호출 건수 순) / 상속 전개 엔드포인트(inherited(TreeAbstractController))
공통 모듈,BE→호출없음,상속(TreeAbstractController),/arms/reqStateCategory/getNode.do,(호출 없음),GET,,,ReqStateCategoryController,프론트 호출 없음,Frontend-Web 에서 호출하는 곳 없음 / 같은 basePath(/arms/reqStateCategory) 를 호출하는 프론트 메뉴 1개 (호출 건수 순) / 상속 전개 엔드포인트(inherited(TreeAbstractController))
공통 모듈,BE→호출없음,상속(TreeAbstractController),/arms/reqStateCategory/getPaginatedChildNode.do,(호출 없음),GET,,,ReqStateCategoryController,프론트 호출 없음,Frontend-Web 에서 호출하는 곳 없음 / 같은 basePath(/arms/reqStateCategory) 를 호출하는 프론트 메뉴 1개 (호출 건수 순) / 상속 전개 엔드포인트(inherited(TreeAbstractController))
공통 모듈,BE→호출없음,상속(TreeAbstractController),/arms/reqStateCategory/moveNode.do,(호출 없음),POST,,,ReqStateCategoryController,프론트 호출 없음,Frontend-Web 에서 호출하는 곳 없음 / 같은 basePath(/arms/reqStateCategory) 를 호출하는 프론트 메뉴 1개 (호출 건수 순) / 상속 전개 엔드포인트(inherited(TreeAbstractController))
공통 모듈,BE→호출없음,자체 선언,/arms/reqStateCategory/removeNode.do,(호출 없음),DELETE,,,ReqStateCategoryController,프론트 호출 없음,Frontend-Web 에서 호출하는 곳 없음 / 같은 basePath(/arms/reqStateCategory) 를 호출하는 프론트 메뉴 1개 (호출 건수 순)
공통 모듈,BE→호출없음,상속(TreeAbstractController),/arms/reqStateCategory/searchNode.do,(호출 없음),GET,,,ReqStateCategoryController,프론트 호출 없음,Frontend-Web 에서 호출하는 곳 없음 / 같은 basePath(/arms/reqStateCategory) 를 호출하는 프론트 메뉴 1개 (호출 건수 순) / 상속 전개 엔드포인트(inherited(TreeAbstractController))
공통 모듈,BE→호출없음,상속(TreeAbstractController),/arms/reqStateCategory/send-message,(호출 없음),GET,,,ReqStateCategoryController,프론트 호출 없음,Frontend-Web 에서 호출하는 곳 없음 / 같은 basePath(/arms/reqStateCategory) 를 호출하는 프론트 메뉴 1개 (호출 건수 순) / 상속 전개 엔드포인트(inherited(TreeAbstractController))
공통 모듈,BE→호출없음,상속(TreeAbstractController),/arms/reqStateCategory/updateNode.do,(호출 없음),PUT,,,ReqStateCategoryController,프론트 호출 없음,Frontend-Web 에서 호출하는 곳 없음 / 같은 basePath(/arms/reqStateCategory) 를 호출하는 프론트 메뉴 1개 (호출 건수 순) / 상속 전개 엔드포인트(inherited(TreeAbstractController))
공통 모듈,FE→BE없음,프론트 호출,(없음),/auth-user/api/arms/dashboard/aggregation/flat,GET,arms/js/common/chart/d3/donutChart.js,31,,백엔드 미존재,게이트웨이 변환 결과 내부경로 /arms/dashboard/aggregation/flat 에 대응하는 Backend-Core 매핑 없음 / basePath /arms/dashboard 는 존재 — 그 하위 경로만 미존재
공통 모듈,FE→BE없음,프론트 호출,(없음),/auth-user/api/arms/dashboard/requirements-jira-issue-statuses,GET,arms/js/common/chart/d3/combinationChart.js,20,,백엔드 미존재,게이트웨이 변환 결과 내부경로 /arms/dashboard/requirements-jira-issue-statuses 에 대응하는 Backend-Core 매핑 없음 / basePath /arms/dashboard 는 존재 — 그 하위 경로만 미존재
공통 모듈,FE→BE없음,프론트 호출,/arms/analysis/top-menu/{changeReqTableName}/getReqAddListByFilter,/auth-user/api/arms/analysis/top-menu/T_ARMS_REQADD_{ctx_pdServiceId}/getReqAddListByFilter,GET,arms/js/common/api/topMenuCoreApi.js,138,TopMenuController,메서드 불일치,"경로는 일치(var), HTTP 메서드만 다름 — 백엔드 POST / 프론트 GET / 추출메모: 원문 말미 ? 제거(경로 정규화)"
메일 서버;Mail Report Config,BE→호출없음,자체 선언,/arms/mail/fetch-html-test,(호출 없음),GET,,,MailController,프론트 호출 없음,Frontend-Web 에서 호출하는 곳 없음 / 같은 basePath(/arms/mail) 를 호출하는 프론트 메뉴 2개 (호출 건수 순)
메일 서버;Mail Report Config,BE→호출없음,자체 선언,/arms/mail/save-chart-image,(호출 없음),GET,,,MailController,프론트 호출 없음,Frontend-Web 에서 호출하는 곳 없음 / 같은 basePath(/arms/mail) 를 호출하는 프론트 메뉴 2개 (호출 건수 순)
메일 서버;Mail Report Config,BE→호출없음,자체 선언,/arms/mail/send-all-test,(호출 없음),POST,,,MailController,프론트 호출 없음,Frontend-Web 에서 호출하는 곳 없음 / 같은 basePath(/arms/mail) 를 호출하는 프론트 메뉴 2개 (호출 건수 순)
메일 서버;Mail Report Config,BE→호출없음,상속(TreeAbstractController),/arms/report/mail-receiver/alterNode.do,(호출 없음),PUT,,,ReceiverController,프론트 호출 없음,Frontend-Web 에서 호출하는 곳 없음 / 같은 basePath(/arms/report/mail-receiver) 를 호출하는 프론트 메뉴 2개 (호출 건수 순) / 상속 전개 엔드포인트(inherited(TreeAbstractController))
메일 서버;Mail Report Config,BE→호출없음,상속(TreeAbstractController),/arms/report/mail-receiver/alterNodeType.do,(호출 없음),PUT,,,ReceiverController,프론트 호출 없음,Frontend-Web 에서 호출하는 곳 없음 / 같은 basePath(/arms/report/mail-receiver) 를 호출하는 프론트 메뉴 2개 (호출 건수 순) / 상속 전개 엔드포인트(inherited(TreeAbstractController))
메일 서버;Mail Report Config,BE→호출없음,상속(TreeAbstractController),/arms/report/mail-receiver/analyzeNode.do,(호출 없음),GET,,,ReceiverController,프론트 호출 없음,Frontend-Web 에서 호출하는 곳 없음 / 같은 basePath(/arms/report/mail-receiver) 를 호출하는 프론트 메뉴 2개 (호출 건수 순) / 상속 전개 엔드포인트(inherited(TreeAbstractController))
메일 서버;Mail Report Config,BE→호출없음,상속(TreeAbstractController),/arms/report/mail-receiver/getChildNode.do,(호출 없음),GET,,,ReceiverController,프론트 호출 없음,Frontend-Web 에서 호출하는 곳 없음 / 같은 basePath(/arms/report/mail-receiver) 를 호출하는 프론트 메뉴 2개 (호출 건수 순) / 상속 전개 엔드포인트(inherited(TreeAbstractController))
메일 서버;Mail Report Config,BE→호출없음,상속(TreeAbstractController),/arms/report/mail-receiver/getMonitor.do,(호출 없음),GET,,,ReceiverController,프론트 호출 없음,Frontend-Web 에서 호출하는 곳 없음 / 같은 basePath(/arms/report/mail-receiver) 를 호출하는 프론트 메뉴 2개 (호출 건수 순) / 상속 전개 엔드포인트(inherited(TreeAbstractController))
메일 서버;Mail Report Config,BE→호출없음,상속(TreeAbstractController),/arms/report/mail-receiver/getNode.do,(호출 없음),GET,,,ReceiverController,프론트 호출 없음,Frontend-Web 에서 호출하는 곳 없음 / 같은 basePath(/arms/report/mail-receiver) 를 호출하는 프론트 메뉴 2개 (호출 건수 순) / 상속 전개 엔드포인트(inherited(TreeAbstractController))
메일 서버;Mail Report Config,BE→호출없음,상속(TreeAbstractController),/arms/report/mail-receiver/getPaginatedChildNode.do,(호출 없음),GET,,,ReceiverController,프론트 호출 없음,Frontend-Web 에서 호출하는 곳 없음 / 같은 basePath(/arms/report/mail-receiver) 를 호출하는 프론트 메뉴 2개 (호출 건수 순) / 상속 전개 엔드포인트(inherited(TreeAbstractController))
메일 서버;Mail Report Config,BE→호출없음,상속(TreeAbstractController),/arms/report/mail-receiver/moveNode.do,(호출 없음),POST,,,ReceiverController,프론트 호출 없음,Frontend-Web 에서 호출하는 곳 없음 / 같은 basePath(/arms/report/mail-receiver) 를 호출하는 프론트 메뉴 2개 (호출 건수 순) / 상속 전개 엔드포인트(inherited(TreeAbstractController))
메일 서버;Mail Report Config,BE→호출없음,상속(TreeAbstractController),/arms/report/mail-receiver/searchNode.do,(호출 없음),GET,,,ReceiverController,프론트 호출 없음,Frontend-Web 에서 호출하는 곳 없음 / 같은 basePath(/arms/report/mail-receiver) 를 호출하는 프론트 메뉴 2개 (호출 건수 순) / 상속 전개 엔드포인트(inherited(TreeAbstractController))
메일 서버;Mail Report Config,BE→호출없음,상속(TreeAbstractController),/arms/report/mail-receiver/send-message,(호출 없음),GET,,,ReceiverController,프론트 호출 없음,Frontend-Web 에서 호출하는 곳 없음 / 같은 basePath(/arms/report/mail-receiver) 를 호출하는 프론트 메뉴 2개 (호출 건수 순) / 상속 전개 엔드포인트(inherited(TreeAbstractController))
메일 서버;Mail Report Config;SMTP Config,BE→호출없음,상속(TreeAbstractController),/arms/report/mail-sender/alterNode.do,(호출 없음),PUT,,,SenderController,프론트 호출 없음,Frontend-Web 에서 호출하는 곳 없음 / 같은 basePath(/arms/report/mail-sender) 를 호출하는 프론트 메뉴 3개 (호출 건수 순) / 상속 전개 엔드포인트(inherited(TreeAbstractController))
메일 서버;Mail Report Config;SMTP Config,BE→호출없음,상속(TreeAbstractController),/arms/report/mail-sender/alterNodeType.do,(호출 없음),PUT,,,SenderController,프론트 호출 없음,Frontend-Web 에서 호출하는 곳 없음 / 같은 basePath(/arms/report/mail-sender) 를 호출하는 프론트 메뉴 3개 (호출 건수 순) / 상속 전개 엔드포인트(inherited(TreeAbstractController))
메일 서버;Mail Report Config;SMTP Config,BE→호출없음,상속(TreeAbstractController),/arms/report/mail-sender/analyzeNode.do,(호출 없음),GET,,,SenderController,프론트 호출 없음,Frontend-Web 에서 호출하는 곳 없음 / 같은 basePath(/arms/report/mail-sender) 를 호출하는 프론트 메뉴 3개 (호출 건수 순) / 상속 전개 엔드포인트(inherited(TreeAbstractController))
메일 서버;Mail Report Config;SMTP Config,BE→호출없음,상속(TreeAbstractController),/arms/report/mail-sender/getChildNode.do,(호출 없음),GET,,,SenderController,프론트 호출 없음,Frontend-Web 에서 호출하는 곳 없음 / 같은 basePath(/arms/report/mail-sender) 를 호출하는 프론트 메뉴 3개 (호출 건수 순) / 상속 전개 엔드포인트(inherited(TreeAbstractController))
메일 서버;Mail Report Config;SMTP Config,BE→호출없음,상속(TreeAbstractController),/arms/report/mail-sender/getMonitor.do,(호출 없음),GET,,,SenderController,프론트 호출 없음,Frontend-Web 에서 호출하는 곳 없음 / 같은 basePath(/arms/report/mail-sender) 를 호출하는 프론트 메뉴 3개 (호출 건수 순) / 상속 전개 엔드포인트(inherited(TreeAbstractController))
메일 서버;Mail Report Config;SMTP Config,BE→호출없음,상속(TreeAbstractController),/arms/report/mail-sender/getNode.do,(호출 없음),GET,,,SenderController,프론트 호출 없음,Frontend-Web 에서 호출하는 곳 없음 / 같은 basePath(/arms/report/mail-sender) 를 호출하는 프론트 메뉴 3개 (호출 건수 순) / 상속 전개 엔드포인트(inherited(TreeAbstractController))
메일 서버;Mail Report Config;SMTP Config,BE→호출없음,상속(TreeAbstractController),/arms/report/mail-sender/getPaginatedChildNode.do,(호출 없음),GET,,,SenderController,프론트 호출 없음,Frontend-Web 에서 호출하는 곳 없음 / 같은 basePath(/arms/report/mail-sender) 를 호출하는 프론트 메뉴 3개 (호출 건수 순) / 상속 전개 엔드포인트(inherited(TreeAbstractController))
메일 서버;Mail Report Config;SMTP Config,BE→호출없음,상속(TreeAbstractController),/arms/report/mail-sender/moveNode.do,(호출 없음),POST,,,SenderController,프론트 호출 없음,Frontend-Web 에서 호출하는 곳 없음 / 같은 basePath(/arms/report/mail-sender) 를 호출하는 프론트 메뉴 3개 (호출 건수 순) / 상속 전개 엔드포인트(inherited(TreeAbstractController))
메일 서버;Mail Report Config;SMTP Config,BE→호출없음,상속(TreeAbstractController),/arms/report/mail-sender/searchNode.do,(호출 없음),GET,,,SenderController,프론트 호출 없음,Frontend-Web 에서 호출하는 곳 없음 / 같은 basePath(/arms/report/mail-sender) 를 호출하는 프론트 메뉴 3개 (호출 건수 순) / 상속 전개 엔드포인트(inherited(TreeAbstractController))
메일 서버;Mail Report Config;SMTP Config,BE→호출없음,상속(TreeAbstractController),/arms/report/mail-sender/send-message,(호출 없음),GET,,,SenderController,프론트 호출 없음,Frontend-Web 에서 호출하는 곳 없음 / 같은 basePath(/arms/report/mail-sender) 를 호출하는 프론트 메뉴 3개 (호출 건수 순) / 상속 전개 엔드포인트(inherited(TreeAbstractController))
문서 관리,BE→호출없음,상속(TreeAbstractController),/arms/wiki/analyzeNode.do,(호출 없음),GET,,,WikiController,프론트 호출 없음,Frontend-Web 에서 호출하는 곳 없음 / 같은 basePath(/arms/wiki) 를 호출하는 프론트 메뉴 1개 (호출 건수 순) / 상속 전개 엔드포인트(inherited(TreeAbstractController))
문서 관리,BE→호출없음,상속(TreeAbstractController),/arms/wiki/send-message,(호출 없음),GET,,,WikiController,프론트 호출 없음,Frontend-Web 에서 호출하는 곳 없음 / 같은 basePath(/arms/wiki) 를 호출하는 프론트 메뉴 1개 (호출 건수 순) / 상속 전개 엔드포인트(inherited(TreeAbstractController))
문서 관리,BE→호출없음,자체 선언,/arms/wiki/{changeReqTableName}/alterNodeType.do,(호출 없음),PUT,,,WikiController,프론트 호출 없음,Frontend-Web 에서 호출하는 곳 없음 / 같은 basePath(/arms/wiki) 를 호출하는 프론트 메뉴 1개 (호출 건수 순) / 경로 변수 포함
문서 관리,BE→호출없음,자체 선언,/arms/wiki/{changeReqTableName}/getMonitor.do,(호출 없음),GET,,,WikiController,프론트 호출 없음,Frontend-Web 에서 호출하는 곳 없음 / 같은 basePath(/arms/wiki) 를 호출하는 프론트 메뉴 1개 (호출 건수 순) / 경로 변수 포함
문서 관리,BE→호출없음,자체 선언,/arms/wiki/{changeReqTableName}/getNodesWithoutRoot.do,(호출 없음),GET,,,WikiController,프론트 호출 없음,Frontend-Web 에서 호출하는 곳 없음 / 같은 basePath(/arms/wiki) 를 호출하는 프론트 메뉴 1개 (호출 건수 순) / 경로 변수 포함
문서 관리,BE→호출없음,자체 선언,/arms/wiki/{changeReqTableName}/getPaginatedChildNode.do,(호출 없음),GET,,,WikiController,프론트 호출 없음,Frontend-Web 에서 호출하는 곳 없음 / 같은 basePath(/arms/wiki) 를 호출하는 프론트 메뉴 1개 (호출 건수 순) / 경로 변수 포함
문서 관리,BE→호출없음,자체 선언,/arms/wiki/{changeReqTableName}/updateNode.do,(호출 없음),PUT,,,WikiController,프론트 호출 없음,Frontend-Web 에서 호출하는 곳 없음 / 같은 basePath(/arms/wiki) 를 호출하는 프론트 메뉴 1개 (호출 건수 순) / 경로 변수 포함
문서 관리,FE→BE없음,상속(TreeAbstractController),(없음),/auth-user/api/arms/reqAdd/sync/T_ARMS_REQADD_{selected_pdService}/addNode.do,POST,arms/js/adms/requirement-popup.js,177,,백엔드 미존재,게이트웨이 변환 결과 내부경로 /arms/reqAdd/sync/T_ARMS_REQADD_{selected_pdService}/addNode.do 에 대응하는 Backend-Core 매핑 없음 / basePath /arms/reqAdd 는 존재 — 그 하위 경로만 미존재 / 변수 세그먼트 포함 — 세그먼트 수·자리 기준 비교 / 같은 외부 경로를 Middle-Proxy 가 직접 처리: /auth-user/api/arms/reqAdd/sync (Java-Service-Tree-Framework-Middle-Proxy/src/main/java/com/arms/api/kafka/reqadd/controller/ReqAddProxyControllerSync.java) — Backend-Core 미존재는 맞으나 미사용 호출은 아님
"버전 관리;비용 분석 - Cost;Time, Scope, Resource;Dashboard (detail_per_version)",BE→호출없음,상속(TreeAbstractController),/arms/pdServiceVersion/addNode.do,(호출 없음),POST,,,PdServiceVersionController,프론트 호출 없음,Frontend-Web 에서 호출하는 곳 없음 / 같은 basePath(/arms/pdServiceVersion) 를 호출하는 프론트 메뉴 4개 (호출 건수 순) / 상속 전개 엔드포인트(inherited(TreeAbstractController))
"버전 관리;비용 분석 - Cost;Time, Scope, Resource;Dashboard (detail_per_version)",BE→호출없음,상속(TreeAbstractController),/arms/pdServiceVersion/alterNode.do,(호출 없음),PUT,,,PdServiceVersionController,프론트 호출 없음,Frontend-Web 에서 호출하는 곳 없음 / 같은 basePath(/arms/pdServiceVersion) 를 호출하는 프론트 메뉴 4개 (호출 건수 순) / 상속 전개 엔드포인트(inherited(TreeAbstractController))
"버전 관리;비용 분석 - Cost;Time, Scope, Resource;Dashboard (detail_per_version)",BE→호출없음,상속(TreeAbstractController),/arms/pdServiceVersion/alterNodeType.do,(호출 없음),PUT,,,PdServiceVersionController,프론트 호출 없음,Frontend-Web 에서 호출하는 곳 없음 / 같은 basePath(/arms/pdServiceVersion) 를 호출하는 프론트 메뉴 4개 (호출 건수 순) / 상속 전개 엔드포인트(inherited(TreeAbstractController))
"버전 관리;비용 분석 - Cost;Time, Scope, Resource;Dashboard (detail_per_version)",BE→호출없음,상속(TreeAbstractController),/arms/pdServiceVersion/analyzeNode.do,(호출 없음),GET,,,PdServiceVersionController,프론트 호출 없음,Frontend-Web 에서 호출하는 곳 없음 / 같은 basePath(/arms/pdServiceVersion) 를 호출하는 프론트 메뉴 4개 (호출 건수 순) / 상속 전개 엔드포인트(inherited(TreeAbstractController))
"버전 관리;비용 분석 - Cost;Time, Scope, Resource;Dashboard (detail_per_version)",BE→호출없음,상속(TreeAbstractController),/arms/pdServiceVersion/getChildNode.do,(호출 없음),GET,,,PdServiceVersionController,프론트 호출 없음,Frontend-Web 에서 호출하는 곳 없음 / 같은 basePath(/arms/pdServiceVersion) 를 호출하는 프론트 메뉴 4개 (호출 건수 순) / 상속 전개 엔드포인트(inherited(TreeAbstractController))
"버전 관리;비용 분석 - Cost;Time, Scope, Resource;Dashboard (detail_per_version)",BE→호출없음,상속(TreeAbstractController),/arms/pdServiceVersion/getMonitor.do,(호출 없음),GET,,,PdServiceVersionController,프론트 호출 없음,Frontend-Web 에서 호출하는 곳 없음 / 같은 basePath(/arms/pdServiceVersion) 를 호출하는 프론트 메뉴 4개 (호출 건수 순) / 상속 전개 엔드포인트(inherited(TreeAbstractController))
"버전 관리;비용 분석 - Cost;Time, Scope, Resource;Dashboard (detail_per_version)",BE→호출없음,상속(TreeAbstractController),/arms/pdServiceVersion/getNodesWithoutRoot.do,(호출 없음),GET,,,PdServiceVersionController,프론트 호출 없음,Frontend-Web 에서 호출하는 곳 없음 / 같은 basePath(/arms/pdServiceVersion) 를 호출하는 프론트 메뉴 4개 (호출 건수 순) / 상속 전개 엔드포인트(inherited(TreeAbstractController))
"버전 관리;비용 분석 - Cost;Time, Scope, Resource;Dashboard (detail_per_version)",BE→호출없음,상속(TreeAbstractController),/arms/pdServiceVersion/getPaginatedChildNode.do,(호출 없음),GET,,,PdServiceVersionController,프론트 호출 없음,Frontend-Web 에서 호출하는 곳 없음 / 같은 basePath(/arms/pdServiceVersion) 를 호출하는 프론트 메뉴 4개 (호출 건수 순) / 상속 전개 엔드포인트(inherited(TreeAbstractController))
"버전 관리;비용 분석 - Cost;Time, Scope, Resource;Dashboard (detail_per_version)",BE→호출없음,상속(TreeAbstractController),/arms/pdServiceVersion/moveNode.do,(호출 없음),POST,,,PdServiceVersionController,프론트 호출 없음,Frontend-Web 에서 호출하는 곳 없음 / 같은 basePath(/arms/pdServiceVersion) 를 호출하는 프론트 메뉴 4개 (호출 건수 순) / 상속 전개 엔드포인트(inherited(TreeAbstractController))
"버전 관리;비용 분석 - Cost;Time, Scope, Resource;Dashboard (detail_per_version)",BE→호출없음,상속(TreeAbstractController),/arms/pdServiceVersion/removeNode.do,(호출 없음),DELETE,,,PdServiceVersionController,프론트 호출 없음,Frontend-Web 에서 호출하는 곳 없음 / 같은 basePath(/arms/pdServiceVersion) 를 호출하는 프론트 메뉴 4개 (호출 건수 순) / 상속 전개 엔드포인트(inherited(TreeAbstractController))
"버전 관리;비용 분석 - Cost;Time, Scope, Resource;Dashboard (detail_per_version)",BE→호출없음,상속(TreeAbstractController),/arms/pdServiceVersion/searchNode.do,(호출 없음),GET,,,PdServiceVersionController,프론트 호출 없음,Frontend-Web 에서 호출하는 곳 없음 / 같은 basePath(/arms/pdServiceVersion) 를 호출하는 프론트 메뉴 4개 (호출 건수 순) / 상속 전개 엔드포인트(inherited(TreeAbstractController))
"버전 관리;비용 분석 - Cost;Time, Scope, Resource;Dashboard (detail_per_version)",BE→호출없음,상속(TreeAbstractController),/arms/pdServiceVersion/send-message,(호출 없음),GET,,,PdServiceVersionController,프론트 호출 없음,Frontend-Web 에서 호출하는 곳 없음 / 같은 basePath(/arms/pdServiceVersion) 를 호출하는 프론트 메뉴 4개 (호출 건수 순) / 상속 전개 엔드포인트(inherited(TreeAbstractController))
범위 분석 - Scope,BE→호출없음,자체 선언,/admin/arms/analysis/scope/getNetworkChartExcelData,(호출 없음),POST,,,ScopeController,프론트 호출 없음,Frontend-Web 에서 호출하는 곳 없음 / 같은 basePath(/admin/arms/analysis/scope) 를 호출하는 프론트 메뉴 1개 (호출 건수 순)
범위 분석 - Scope,BE→호출없음,자체 선언,/admin/arms/analysis/scope/getReqNetworkFilterData/{changeReqTableName}/getReqAddListByFilter,(호출 없음),GET,,,ScopeController,프론트 호출 없음,Frontend-Web 에서 호출하는 곳 없음 / 같은 basePath(/admin/arms/analysis/scope) 를 호출하는 프론트 메뉴 1개 (호출 건수 순) / 경로 변수 포함
범위 분석 - Scope,BE→호출없음,자체 선언,/admin/arms/analysis/scope/getReqNetworkIssueData/{changeReqTableName}/getReqAddListByFilter,(호출 없음),POST,,,ScopeController,프론트 호출 없음,Frontend-Web 에서 호출하는 곳 없음 / 같은 basePath(/admin/arms/analysis/scope) 를 호출하는 프론트 메뉴 1개 (호출 건수 순) / 경로 변수 포함
범위 분석 - Scope,BE→호출없음,자체 선언,/admin/arms/analysis/scope/getReqNetworkVersionData/{changeReqTableName}/getReqAddListByFilter,(호출 없음),POST,,,ScopeController,프론트 호출 없음,Frontend-Web 에서 호출하는 곳 없음 / 같은 basePath(/admin/arms/analysis/scope) 를 호출하는 프론트 메뉴 1개 (호출 건수 순) / 경로 변수 포함
범위 분석 - Scope,BE→호출없음,자체 선언,/admin/arms/analysis/scope/{changeReqTableName}/getDataTableIssues,(호출 없음),GET,,,ScopeController,프론트 호출 없음,Frontend-Web 에서 호출하는 곳 없음 / 같은 basePath(/admin/arms/analysis/scope) 를 호출하는 프론트 메뉴 1개 (호출 건수 순) / 경로 변수 포함
범위 분석 - Scope,BE→호출없음,자체 선언,/admin/arms/analysis/scope/{changeReqTableName}/req-property-list,(호출 없음),GET,,,ScopeController,프론트 호출 없음,Frontend-Web 에서 호출하는 곳 없음 / 같은 basePath(/admin/arms/analysis/scope) 를 호출하는 프론트 메뉴 1개 (호출 건수 순) / 경로 변수 포함
범위 분석 - Scope,FE→BE없음,프론트 호출,(없음),/auth-admin/api/arms/analysis/scope,GET,arms/js/analysisScope.js,1304,,백엔드 미존재,게이트웨이 변환 결과 내부경로 /admin/arms/analysis/scope 에 대응하는 Backend-Core 매핑 없음 / basePath /admin/arms/analysis/scope 는 존재 — 그 하위 경로만 미존재 / 추출메모: common.js:1799 dataTable_extendBuild->dataTable_build 경유
비용 분석 - Cost,BE→호출없음,자체 선언,/admin/arms/analysis/cost/assignee-calculation,(호출 없음),POST,,,CostController,프론트 호출 없음,Frontend-Web 에서 호출하는 곳 없음 / 같은 basePath(/admin/arms/analysis/cost) 를 호출하는 프론트 메뉴 1개 (호출 건수 순)
비용 분석 - Cost,BE→호출없음,자체 선언,/admin/arms/analysis/cost/personal-estimated-period-cost,(호출 없음),POST,,,CostController,프론트 호출 없음,Frontend-Web 에서 호출하는 곳 없음 / 같은 basePath(/admin/arms/analysis/cost) 를 호출하는 프론트 메뉴 1개 (호출 건수 순)
비용 분석 - Cost,BE→호출없음,자체 선언,/admin/arms/analysis/cost/req-linked-issue,(호출 없음),POST,,,CostController,프론트 호출 없음,Frontend-Web 에서 호출하는 곳 없음 / 같은 basePath(/admin/arms/analysis/cost) 를 호출하는 프론트 메뉴 1개 (호출 건수 순)
비용 분석 - Cost,BE→호출없음,자체 선언,/admin/arms/analysis/cost/requirement-calculation,(호출 없음),POST,,,CostController,프론트 호출 없음,Frontend-Web 에서 호출하는 곳 없음 / 같은 basePath(/admin/arms/analysis/cost) 를 호출하는 프론트 메뉴 1개 (호출 건수 순)
비용 분석 - Cost,BE→호출없음,자체 선언,/admin/arms/analysis/cost/to-be/calculation,(호출 없음),POST,,,CostController,프론트 호출 없음,Frontend-Web 에서 호출하는 곳 없음 / 같은 basePath(/admin/arms/analysis/cost) 를 호출하는 프론트 메뉴 1개 (호출 건수 순)
비용 분석 - Cost,BE→호출없음,자체 선언,/admin/arms/analysis/cost/version-calculation,(호출 없음),POST,,,CostController,프론트 호출 없음,Frontend-Web 에서 호출하는 곳 없음 / 같은 basePath(/admin/arms/analysis/cost) 를 호출하는 프론트 메뉴 1개 (호출 건수 순)
비용 분석 - Cost,BE→호출없음,자체 선언,/admin/arms/analysis/cost/{changeReqTableName}/req-difficulty-priority-list,(호출 없음),POST,,,CostController,프론트 호출 없음,Frontend-Web 에서 호출하는 곳 없음 / 같은 basePath(/admin/arms/analysis/cost) 를 호출하는 프론트 메뉴 1개 (호출 건수 순) / 경로 변수 포함
비용 분석 - Cost,BE→호출없음,상속(TreeAbstractController),/admin/arms/salaries/addNode.do,(호출 없음),POST,,,SalaryController,프론트 호출 없음,Frontend-Web 에서 호출하는 곳 없음 / 같은 basePath(/admin/arms/salaries) 를 호출하는 프론트 메뉴 1개 (호출 건수 순) / 상속 전개 엔드포인트(inherited(TreeAbstractController))
비용 분석 - Cost,BE→호출없음,상속(TreeAbstractController),/admin/arms/salaries/alterNode.do,(호출 없음),PUT,,,SalaryController,프론트 호출 없음,Frontend-Web 에서 호출하는 곳 없음 / 같은 basePath(/admin/arms/salaries) 를 호출하는 프론트 메뉴 1개 (호출 건수 순) / 상속 전개 엔드포인트(inherited(TreeAbstractController))
비용 분석 - Cost,BE→호출없음,상속(TreeAbstractController),/admin/arms/salaries/alterNodeType.do,(호출 없음),PUT,,,SalaryController,프론트 호출 없음,Frontend-Web 에서 호출하는 곳 없음 / 같은 basePath(/admin/arms/salaries) 를 호출하는 프론트 메뉴 1개 (호출 건수 순) / 상속 전개 엔드포인트(inherited(TreeAbstractController))
비용 분석 - Cost,BE→호출없음,상속(TreeAbstractController),/admin/arms/salaries/analyzeNode.do,(호출 없음),GET,,,SalaryController,프론트 호출 없음,Frontend-Web 에서 호출하는 곳 없음 / 같은 basePath(/admin/arms/salaries) 를 호출하는 프론트 메뉴 1개 (호출 건수 순) / 상속 전개 엔드포인트(inherited(TreeAbstractController))
비용 분석 - Cost,BE→호출없음,자체 선언,/admin/arms/salaries/excel-upload.do,(호출 없음),POST,,,SalaryController,프론트 호출 없음,Frontend-Web 에서 호출하는 곳 없음 / 같은 basePath(/admin/arms/salaries) 를 호출하는 프론트 메뉴 1개 (호출 건수 순)
비용 분석 - Cost,BE→호출없음,상속(TreeAbstractController),/admin/arms/salaries/getChildNode.do,(호출 없음),GET,,,SalaryController,프론트 호출 없음,Frontend-Web 에서 호출하는 곳 없음 / 같은 basePath(/admin/arms/salaries) 를 호출하는 프론트 메뉴 1개 (호출 건수 순) / 상속 전개 엔드포인트(inherited(TreeAbstractController))
비용 분석 - Cost,BE→호출없음,상속(TreeAbstractController),/admin/arms/salaries/getMonitor.do,(호출 없음),GET,,,SalaryController,프론트 호출 없음,Frontend-Web 에서 호출하는 곳 없음 / 같은 basePath(/admin/arms/salaries) 를 호출하는 프론트 메뉴 1개 (호출 건수 순) / 상속 전개 엔드포인트(inherited(TreeAbstractController))
비용 분석 - Cost,BE→호출없음,상속(TreeAbstractController),/admin/arms/salaries/getNode.do,(호출 없음),GET,,,SalaryController,프론트 호출 없음,Frontend-Web 에서 호출하는 곳 없음 / 같은 basePath(/admin/arms/salaries) 를 호출하는 프론트 메뉴 1개 (호출 건수 순) / 상속 전개 엔드포인트(inherited(TreeAbstractController))
비용 분석 - Cost,BE→호출없음,상속(TreeAbstractController),/admin/arms/salaries/getNodesWithoutRoot.do,(호출 없음),GET,,,SalaryController,프론트 호출 없음,Frontend-Web 에서 호출하는 곳 없음 / 같은 basePath(/admin/arms/salaries) 를 호출하는 프론트 메뉴 1개 (호출 건수 순) / 상속 전개 엔드포인트(inherited(TreeAbstractController))
비용 분석 - Cost,BE→호출없음,상속(TreeAbstractController),/admin/arms/salaries/getPaginatedChildNode.do,(호출 없음),GET,,,SalaryController,프론트 호출 없음,Frontend-Web 에서 호출하는 곳 없음 / 같은 basePath(/admin/arms/salaries) 를 호출하는 프론트 메뉴 1개 (호출 건수 순) / 상속 전개 엔드포인트(inherited(TreeAbstractController))
비용 분석 - Cost,BE→호출없음,상속(TreeAbstractController),/admin/arms/salaries/moveNode.do,(호출 없음),POST,,,SalaryController,프론트 호출 없음,Frontend-Web 에서 호출하는 곳 없음 / 같은 basePath(/admin/arms/salaries) 를 호출하는 프론트 메뉴 1개 (호출 건수 순) / 상속 전개 엔드포인트(inherited(TreeAbstractController))
비용 분석 - Cost,BE→호출없음,상속(TreeAbstractController),/admin/arms/salaries/removeNode.do,(호출 없음),DELETE,,,SalaryController,프론트 호출 없음,Frontend-Web 에서 호출하는 곳 없음 / 같은 basePath(/admin/arms/salaries) 를 호출하는 프론트 메뉴 1개 (호출 건수 순) / 상속 전개 엔드포인트(inherited(TreeAbstractController))
비용 분석 - Cost,BE→호출없음,상속(TreeAbstractController),/admin/arms/salaries/searchNode.do,(호출 없음),GET,,,SalaryController,프론트 호출 없음,Frontend-Web 에서 호출하는 곳 없음 / 같은 basePath(/admin/arms/salaries) 를 호출하는 프론트 메뉴 1개 (호출 건수 순) / 상속 전개 엔드포인트(inherited(TreeAbstractController))
비용 분석 - Cost,BE→호출없음,상속(TreeAbstractController),/admin/arms/salaries/send-message,(호출 없음),GET,,,SalaryController,프론트 호출 없음,Frontend-Web 에서 호출하는 곳 없음 / 같은 basePath(/admin/arms/salaries) 를 호출하는 프론트 메뉴 1개 (호출 건수 순) / 상속 전개 엔드포인트(inherited(TreeAbstractController))
비용 분석 - Cost,BE→호출없음,자체 선언,/admin/arms/salaries/transfer-salary-info,(호출 없음),GET,,,SalaryController,프론트 호출 없음,Frontend-Web 에서 호출하는 곳 없음 / 같은 basePath(/admin/arms/salaries) 를 호출하는 프론트 메뉴 1개 (호출 건수 순)
비용 분석 - Cost,BE→호출없음,상속(TreeAbstractController),/admin/arms/salaries/updateNode.do,(호출 없음),PUT,,,SalaryController,프론트 호출 없음,Frontend-Web 에서 호출하는 곳 없음 / 같은 basePath(/admin/arms/salaries) 를 호출하는 프론트 메뉴 1개 (호출 건수 순) / 상속 전개 엔드포인트(inherited(TreeAbstractController))
비용 분석 - Cost,FE→BE없음,프론트 호출,/admin/arms/salaries/excel-upload.do,/auth-admin/api/arms/salaries/excel-upload.do,GET,arms/js/analysisCost.js,574,SalaryController,메서드 불일치,"경로는 일치(exact), HTTP 메서드만 다름 — 백엔드 POST / 프론트 GET"
상태 관리,BE→호출없음,상속(TreeAbstractController),/arms/jiraIssueStatus/addNode.do,(호출 없음),POST,,,JiraIssueStatusController,프론트 호출 없음,Frontend-Web 에서 호출하는 곳 없음 / 같은 basePath(/arms/jiraIssueStatus) 를 호출하는 프론트 메뉴 1개 (호출 건수 순) / 상속 전개 엔드포인트(inherited(TreeAbstractController))
상태 관리,BE→호출없음,상속(TreeAbstractController),/arms/jiraIssueStatus/alterNode.do,(호출 없음),PUT,,,JiraIssueStatusController,프론트 호출 없음,Frontend-Web 에서 호출하는 곳 없음 / 같은 basePath(/arms/jiraIssueStatus) 를 호출하는 프론트 메뉴 1개 (호출 건수 순) / 상속 전개 엔드포인트(inherited(TreeAbstractController))
상태 관리,BE→호출없음,상속(TreeAbstractController),/arms/jiraIssueStatus/alterNodeType.do,(호출 없음),PUT,,,JiraIssueStatusController,프론트 호출 없음,Frontend-Web 에서 호출하는 곳 없음 / 같은 basePath(/arms/jiraIssueStatus) 를 호출하는 프론트 메뉴 1개 (호출 건수 순) / 상속 전개 엔드포인트(inherited(TreeAbstractController))
상태 관리,BE→호출없음,상속(TreeAbstractController),/arms/jiraIssueStatus/analyzeNode.do,(호출 없음),GET,,,JiraIssueStatusController,프론트 호출 없음,Frontend-Web 에서 호출하는 곳 없음 / 같은 basePath(/arms/jiraIssueStatus) 를 호출하는 프론트 메뉴 1개 (호출 건수 순) / 상속 전개 엔드포인트(inherited(TreeAbstractController))
상태 관리,BE→호출없음,상속(TreeAbstractController),/arms/jiraIssueStatus/getChildNode.do,(호출 없음),GET,,,JiraIssueStatusController,프론트 호출 없음,Frontend-Web 에서 호출하는 곳 없음 / 같은 basePath(/arms/jiraIssueStatus) 를 호출하는 프론트 메뉴 1개 (호출 건수 순) / 상속 전개 엔드포인트(inherited(TreeAbstractController))
상태 관리,BE→호출없음,상속(TreeAbstractController),/arms/jiraIssueStatus/getMonitor.do,(호출 없음),GET,,,JiraIssueStatusController,프론트 호출 없음,Frontend-Web 에서 호출하는 곳 없음 / 같은 basePath(/arms/jiraIssueStatus) 를 호출하는 프론트 메뉴 1개 (호출 건수 순) / 상속 전개 엔드포인트(inherited(TreeAbstractController))
상태 관리,BE→호출없음,상속(TreeAbstractController),/arms/jiraIssueStatus/getNode.do,(호출 없음),GET,,,JiraIssueStatusController,프론트 호출 없음,Frontend-Web 에서 호출하는 곳 없음 / 같은 basePath(/arms/jiraIssueStatus) 를 호출하는 프론트 메뉴 1개 (호출 건수 순) / 상속 전개 엔드포인트(inherited(TreeAbstractController))
상태 관리,BE→호출없음,상속(TreeAbstractController),/arms/jiraIssueStatus/getNodesWithoutRoot.do,(호출 없음),GET,,,JiraIssueStatusController,프론트 호출 없음,Frontend-Web 에서 호출하는 곳 없음 / 같은 basePath(/arms/jiraIssueStatus) 를 호출하는 프론트 메뉴 1개 (호출 건수 순) / 상속 전개 엔드포인트(inherited(TreeAbstractController))
상태 관리,BE→호출없음,상속(TreeAbstractController),/arms/jiraIssueStatus/getPaginatedChildNode.do,(호출 없음),GET,,,JiraIssueStatusController,프론트 호출 없음,Frontend-Web 에서 호출하는 곳 없음 / 같은 basePath(/arms/jiraIssueStatus) 를 호출하는 프론트 메뉴 1개 (호출 건수 순) / 상속 전개 엔드포인트(inherited(TreeAbstractController))
상태 관리,BE→호출없음,상속(TreeAbstractController),/arms/jiraIssueStatus/moveNode.do,(호출 없음),POST,,,JiraIssueStatusController,프론트 호출 없음,Frontend-Web 에서 호출하는 곳 없음 / 같은 basePath(/arms/jiraIssueStatus) 를 호출하는 프론트 메뉴 1개 (호출 건수 순) / 상속 전개 엔드포인트(inherited(TreeAbstractController))
상태 관리,BE→호출없음,상속(TreeAbstractController),/arms/jiraIssueStatus/removeNode.do,(호출 없음),DELETE,,,JiraIssueStatusController,프론트 호출 없음,Frontend-Web 에서 호출하는 곳 없음 / 같은 basePath(/arms/jiraIssueStatus) 를 호출하는 프론트 메뉴 1개 (호출 건수 순) / 상속 전개 엔드포인트(inherited(TreeAbstractController))
상태 관리,BE→호출없음,상속(TreeAbstractController),/arms/jiraIssueStatus/searchNode.do,(호출 없음),GET,,,JiraIssueStatusController,프론트 호출 없음,Frontend-Web 에서 호출하는 곳 없음 / 같은 basePath(/arms/jiraIssueStatus) 를 호출하는 프론트 메뉴 1개 (호출 건수 순) / 상속 전개 엔드포인트(inherited(TreeAbstractController))
상태 관리,BE→호출없음,상속(TreeAbstractController),/arms/jiraIssueStatus/send-message,(호출 없음),GET,,,JiraIssueStatusController,프론트 호출 없음,Frontend-Web 에서 호출하는 곳 없음 / 같은 basePath(/arms/jiraIssueStatus) 를 호출하는 프론트 메뉴 1개 (호출 건수 순) / 상속 전개 엔드포인트(inherited(TreeAbstractController))
상태 관리,BE→호출없음,상속(TreeAbstractController),/arms/jiraIssueType/addNode.do,(호출 없음),POST,,,JiraIssueTypeController,프론트 호출 없음,Frontend-Web 에서 호출하는 곳 없음 / 같은 basePath(/arms/jiraIssueType) 를 호출하는 프론트 메뉴 1개 (호출 건수 순) / 상속 전개 엔드포인트(inherited(TreeAbstractController))
상태 관리,BE→호출없음,상속(TreeAbstractController),/arms/jiraIssueType/alterNode.do,(호출 없음),PUT,,,JiraIssueTypeController,프론트 호출 없음,Frontend-Web 에서 호출하는 곳 없음 / 같은 basePath(/arms/jiraIssueType) 를 호출하는 프론트 메뉴 1개 (호출 건수 순) / 상속 전개 엔드포인트(inherited(TreeAbstractController))
상태 관리,BE→호출없음,상속(TreeAbstractController),/arms/jiraIssueType/alterNodeType.do,(호출 없음),PUT,,,JiraIssueTypeController,프론트 호출 없음,Frontend-Web 에서 호출하는 곳 없음 / 같은 basePath(/arms/jiraIssueType) 를 호출하는 프론트 메뉴 1개 (호출 건수 순) / 상속 전개 엔드포인트(inherited(TreeAbstractController))
상태 관리,BE→호출없음,상속(TreeAbstractController),/arms/jiraIssueType/analyzeNode.do,(호출 없음),GET,,,JiraIssueTypeController,프론트 호출 없음,Frontend-Web 에서 호출하는 곳 없음 / 같은 basePath(/arms/jiraIssueType) 를 호출하는 프론트 메뉴 1개 (호출 건수 순) / 상속 전개 엔드포인트(inherited(TreeAbstractController))
상태 관리,BE→호출없음,상속(TreeAbstractController),/arms/jiraIssueType/getChildNode.do,(호출 없음),GET,,,JiraIssueTypeController,프론트 호출 없음,Frontend-Web 에서 호출하는 곳 없음 / 같은 basePath(/arms/jiraIssueType) 를 호출하는 프론트 메뉴 1개 (호출 건수 순) / 상속 전개 엔드포인트(inherited(TreeAbstractController))
상태 관리,BE→호출없음,상속(TreeAbstractController),/arms/jiraIssueType/getMonitor.do,(호출 없음),GET,,,JiraIssueTypeController,프론트 호출 없음,Frontend-Web 에서 호출하는 곳 없음 / 같은 basePath(/arms/jiraIssueType) 를 호출하는 프론트 메뉴 1개 (호출 건수 순) / 상속 전개 엔드포인트(inherited(TreeAbstractController))
상태 관리,BE→호출없음,상속(TreeAbstractController),/arms/jiraIssueType/getNode.do,(호출 없음),GET,,,JiraIssueTypeController,프론트 호출 없음,Frontend-Web 에서 호출하는 곳 없음 / 같은 basePath(/arms/jiraIssueType) 를 호출하는 프론트 메뉴 1개 (호출 건수 순) / 상속 전개 엔드포인트(inherited(TreeAbstractController))
상태 관리,BE→호출없음,상속(TreeAbstractController),/arms/jiraIssueType/getNodesWithoutRoot.do,(호출 없음),GET,,,JiraIssueTypeController,프론트 호출 없음,Frontend-Web 에서 호출하는 곳 없음 / 같은 basePath(/arms/jiraIssueType) 를 호출하는 프론트 메뉴 1개 (호출 건수 순) / 상속 전개 엔드포인트(inherited(TreeAbstractController))
상태 관리,BE→호출없음,상속(TreeAbstractController),/arms/jiraIssueType/getPaginatedChildNode.do,(호출 없음),GET,,,JiraIssueTypeController,프론트 호출 없음,Frontend-Web 에서 호출하는 곳 없음 / 같은 basePath(/arms/jiraIssueType) 를 호출하는 프론트 메뉴 1개 (호출 건수 순) / 상속 전개 엔드포인트(inherited(TreeAbstractController))
상태 관리,BE→호출없음,상속(TreeAbstractController),/arms/jiraIssueType/moveNode.do,(호출 없음),POST,,,JiraIssueTypeController,프론트 호출 없음,Frontend-Web 에서 호출하는 곳 없음 / 같은 basePath(/arms/jiraIssueType) 를 호출하는 프론트 메뉴 1개 (호출 건수 순) / 상속 전개 엔드포인트(inherited(TreeAbstractController))
상태 관리,BE→호출없음,상속(TreeAbstractController),/arms/jiraIssueType/removeNode.do,(호출 없음),DELETE,,,JiraIssueTypeController,프론트 호출 없음,Frontend-Web 에서 호출하는 곳 없음 / 같은 basePath(/arms/jiraIssueType) 를 호출하는 프론트 메뉴 1개 (호출 건수 순) / 상속 전개 엔드포인트(inherited(TreeAbstractController))
상태 관리,BE→호출없음,상속(TreeAbstractController),/arms/jiraIssueType/searchNode.do,(호출 없음),GET,,,JiraIssueTypeController,프론트 호출 없음,Frontend-Web 에서 호출하는 곳 없음 / 같은 basePath(/arms/jiraIssueType) 를 호출하는 프론트 메뉴 1개 (호출 건수 순) / 상속 전개 엔드포인트(inherited(TreeAbstractController))
상태 관리,BE→호출없음,상속(TreeAbstractController),/arms/jiraIssueType/send-message,(호출 없음),GET,,,JiraIssueTypeController,프론트 호출 없음,Frontend-Web 에서 호출하는 곳 없음 / 같은 basePath(/arms/jiraIssueType) 를 호출하는 프론트 메뉴 1개 (호출 건수 순) / 상속 전개 엔드포인트(inherited(TreeAbstractController))
상태 관리,BE→호출없음,상속(TreeAbstractController),/arms/jiraIssueType/updateNode.do,(호출 없음),PUT,,,JiraIssueTypeController,프론트 호출 없음,Frontend-Web 에서 호출하는 곳 없음 / 같은 basePath(/arms/jiraIssueType) 를 호출하는 프론트 메뉴 1개 (호출 건수 순) / 상속 전개 엔드포인트(inherited(TreeAbstractController))
"상태 관리;범위 분석 - Scope;공통 모듈;Time, Scope, Resource",BE→호출없음,상속(TreeAbstractController),/arms/reqState/addNode.do,(호출 없음),POST,,,ReqStateController,프론트 호출 없음,Frontend-Web 에서 호출하는 곳 없음 / 같은 basePath(/arms/reqState) 를 호출하는 프론트 메뉴 4개 (호출 건수 순) / 상속 전개 엔드포인트(inherited(TreeAbstractController))
"상태 관리;범위 분석 - Scope;공통 모듈;Time, Scope, Resource",BE→호출없음,상속(TreeAbstractController),/arms/reqState/alterNode.do,(호출 없음),PUT,,,ReqStateController,프론트 호출 없음,Frontend-Web 에서 호출하는 곳 없음 / 같은 basePath(/arms/reqState) 를 호출하는 프론트 메뉴 4개 (호출 건수 순) / 상속 전개 엔드포인트(inherited(TreeAbstractController))
"상태 관리;범위 분석 - Scope;공통 모듈;Time, Scope, Resource",BE→호출없음,상속(TreeAbstractController),/arms/reqState/alterNodeType.do,(호출 없음),PUT,,,ReqStateController,프론트 호출 없음,Frontend-Web 에서 호출하는 곳 없음 / 같은 basePath(/arms/reqState) 를 호출하는 프론트 메뉴 4개 (호출 건수 순) / 상속 전개 엔드포인트(inherited(TreeAbstractController))
"상태 관리;범위 분석 - Scope;공통 모듈;Time, Scope, Resource",BE→호출없음,상속(TreeAbstractController),/arms/reqState/analyzeNode.do,(호출 없음),GET,,,ReqStateController,프론트 호출 없음,Frontend-Web 에서 호출하는 곳 없음 / 같은 basePath(/arms/reqState) 를 호출하는 프론트 메뉴 4개 (호출 건수 순) / 상속 전개 엔드포인트(inherited(TreeAbstractController))
"상태 관리;범위 분석 - Scope;공통 모듈;Time, Scope, Resource",BE→호출없음,자체 선언,/arms/reqState/complete-keyword,(호출 없음),GET,,,ReqStateController,프론트 호출 없음,Frontend-Web 에서 호출하는 곳 없음 / 같은 basePath(/arms/reqState) 를 호출하는 프론트 메뉴 4개 (호출 건수 순)
"상태 관리;범위 분석 - Scope;공통 모듈;Time, Scope, Resource",BE→호출없음,자체 선언,/arms/reqState/defaultSetting.do,(호출 없음),PUT,,,ReqStateController,프론트 호출 없음,Frontend-Web 에서 호출하는 곳 없음 / 같은 basePath(/arms/reqState) 를 호출하는 프론트 메뉴 4개 (호출 건수 순)
"상태 관리;범위 분석 - Scope;공통 모듈;Time, Scope, Resource",BE→호출없음,상속(TreeAbstractController),/arms/reqState/getChildNode.do,(호출 없음),GET,,,ReqStateController,프론트 호출 없음,Frontend-Web 에서 호출하는 곳 없음 / 같은 basePath(/arms/reqState) 를 호출하는 프론트 메뉴 4개 (호출 건수 순) / 상속 전개 엔드포인트(inherited(TreeAbstractController))
"상태 관리;범위 분석 - Scope;공통 모듈;Time, Scope, Resource",BE→호출없음,상속(TreeAbstractController),/arms/reqState/getMonitor.do,(호출 없음),GET,,,ReqStateController,프론트 호출 없음,Frontend-Web 에서 호출하는 곳 없음 / 같은 basePath(/arms/reqState) 를 호출하는 프론트 메뉴 4개 (호출 건수 순) / 상속 전개 엔드포인트(inherited(TreeAbstractController))
"상태 관리;범위 분석 - Scope;공통 모듈;Time, Scope, Resource",BE→호출없음,상속(TreeAbstractController),/arms/reqState/getPaginatedChildNode.do,(호출 없음),GET,,,ReqStateController,프론트 호출 없음,Frontend-Web 에서 호출하는 곳 없음 / 같은 basePath(/arms/reqState) 를 호출하는 프론트 메뉴 4개 (호출 건수 순) / 상속 전개 엔드포인트(inherited(TreeAbstractController))
"상태 관리;범위 분석 - Scope;공통 모듈;Time, Scope, Resource",BE→호출없음,상속(TreeAbstractController),/arms/reqState/moveNode.do,(호출 없음),POST,,,ReqStateController,프론트 호출 없음,Frontend-Web 에서 호출하는 곳 없음 / 같은 basePath(/arms/reqState) 를 호출하는 프론트 메뉴 4개 (호출 건수 순) / 상속 전개 엔드포인트(inherited(TreeAbstractController))
"상태 관리;범위 분석 - Scope;공통 모듈;Time, Scope, Resource",BE→호출없음,상속(TreeAbstractController),/arms/reqState/removeNode.do,(호출 없음),DELETE,,,ReqStateController,프론트 호출 없음,Frontend-Web 에서 호출하는 곳 없음 / 같은 basePath(/arms/reqState) 를 호출하는 프론트 메뉴 4개 (호출 건수 순) / 상속 전개 엔드포인트(inherited(TreeAbstractController))
"상태 관리;범위 분석 - Scope;공통 모듈;Time, Scope, Resource",BE→호출없음,상속(TreeAbstractController),/arms/reqState/searchNode.do,(호출 없음),GET,,,ReqStateController,프론트 호출 없음,Frontend-Web 에서 호출하는 곳 없음 / 같은 basePath(/arms/reqState) 를 호출하는 프론트 메뉴 4개 (호출 건수 순) / 상속 전개 엔드포인트(inherited(TreeAbstractController))
"상태 관리;범위 분석 - Scope;공통 모듈;Time, Scope, Resource",BE→호출없음,상속(TreeAbstractController),/arms/reqState/send-message,(호출 없음),GET,,,ReqStateController,프론트 호출 없음,Frontend-Web 에서 호출하는 곳 없음 / 같은 basePath(/arms/reqState) 를 호출하는 프론트 메뉴 4개 (호출 건수 순) / 상속 전개 엔드포인트(inherited(TreeAbstractController))
서버 관리,BE→호출없음,상속(TreeAbstractController),/arms/jiraProject/addNode.do,(호출 없음),POST,,,JiraProjectController,프론트 호출 없음,Frontend-Web 에서 호출하는 곳 없음 / 같은 basePath(/arms/jiraProject) 를 호출하는 프론트 메뉴 1개 (호출 건수 순) / 상속 전개 엔드포인트(inherited(TreeAbstractController))
서버 관리,BE→호출없음,상속(TreeAbstractController),/arms/jiraProject/alterNode.do,(호출 없음),PUT,,,JiraProjectController,프론트 호출 없음,Frontend-Web 에서 호출하는 곳 없음 / 같은 basePath(/arms/jiraProject) 를 호출하는 프론트 메뉴 1개 (호출 건수 순) / 상속 전개 엔드포인트(inherited(TreeAbstractController))
서버 관리,BE→호출없음,상속(TreeAbstractController),/arms/jiraProject/alterNodeType.do,(호출 없음),PUT,,,JiraProjectController,프론트 호출 없음,Frontend-Web 에서 호출하는 곳 없음 / 같은 basePath(/arms/jiraProject) 를 호출하는 프론트 메뉴 1개 (호출 건수 순) / 상속 전개 엔드포인트(inherited(TreeAbstractController))
서버 관리,BE→호출없음,상속(TreeAbstractController),/arms/jiraProject/analyzeNode.do,(호출 없음),GET,,,JiraProjectController,프론트 호출 없음,Frontend-Web 에서 호출하는 곳 없음 / 같은 basePath(/arms/jiraProject) 를 호출하는 프론트 메뉴 1개 (호출 건수 순) / 상속 전개 엔드포인트(inherited(TreeAbstractController))
서버 관리,BE→호출없음,상속(TreeAbstractController),/arms/jiraProject/getChildNode.do,(호출 없음),GET,,,JiraProjectController,프론트 호출 없음,Frontend-Web 에서 호출하는 곳 없음 / 같은 basePath(/arms/jiraProject) 를 호출하는 프론트 메뉴 1개 (호출 건수 순) / 상속 전개 엔드포인트(inherited(TreeAbstractController))
서버 관리,BE→호출없음,상속(TreeAbstractController),/arms/jiraProject/getMonitor.do,(호출 없음),GET,,,JiraProjectController,프론트 호출 없음,Frontend-Web 에서 호출하는 곳 없음 / 같은 basePath(/arms/jiraProject) 를 호출하는 프론트 메뉴 1개 (호출 건수 순) / 상속 전개 엔드포인트(inherited(TreeAbstractController))
서버 관리,BE→호출없음,상속(TreeAbstractController),/arms/jiraProject/getNode.do,(호출 없음),GET,,,JiraProjectController,프론트 호출 없음,Frontend-Web 에서 호출하는 곳 없음 / 같은 basePath(/arms/jiraProject) 를 호출하는 프론트 메뉴 1개 (호출 건수 순) / 상속 전개 엔드포인트(inherited(TreeAbstractController))
서버 관리,BE→호출없음,상속(TreeAbstractController),/arms/jiraProject/getNodesWithoutRoot.do,(호출 없음),GET,,,JiraProjectController,프론트 호출 없음,Frontend-Web 에서 호출하는 곳 없음 / 같은 basePath(/arms/jiraProject) 를 호출하는 프론트 메뉴 1개 (호출 건수 순) / 상속 전개 엔드포인트(inherited(TreeAbstractController))
서버 관리,BE→호출없음,상속(TreeAbstractController),/arms/jiraProject/getPaginatedChildNode.do,(호출 없음),GET,,,JiraProjectController,프론트 호출 없음,Frontend-Web 에서 호출하는 곳 없음 / 같은 basePath(/arms/jiraProject) 를 호출하는 프론트 메뉴 1개 (호출 건수 순) / 상속 전개 엔드포인트(inherited(TreeAbstractController))
서버 관리,BE→호출없음,상속(TreeAbstractController),/arms/jiraProject/moveNode.do,(호출 없음),POST,,,JiraProjectController,프론트 호출 없음,Frontend-Web 에서 호출하는 곳 없음 / 같은 basePath(/arms/jiraProject) 를 호출하는 프론트 메뉴 1개 (호출 건수 순) / 상속 전개 엔드포인트(inherited(TreeAbstractController))
서버 관리,BE→호출없음,상속(TreeAbstractController),/arms/jiraProject/removeNode.do,(호출 없음),DELETE,,,JiraProjectController,프론트 호출 없음,Frontend-Web 에서 호출하는 곳 없음 / 같은 basePath(/arms/jiraProject) 를 호출하는 프론트 메뉴 1개 (호출 건수 순) / 상속 전개 엔드포인트(inherited(TreeAbstractController))
서버 관리,BE→호출없음,상속(TreeAbstractController),/arms/jiraProject/searchNode.do,(호출 없음),GET,,,JiraProjectController,프론트 호출 없음,Frontend-Web 에서 호출하는 곳 없음 / 같은 basePath(/arms/jiraProject) 를 호출하는 프론트 메뉴 1개 (호출 건수 순) / 상속 전개 엔드포인트(inherited(TreeAbstractController))
서버 관리,BE→호출없음,상속(TreeAbstractController),/arms/jiraProject/send-message,(호출 없음),GET,,,JiraProjectController,프론트 호출 없음,Frontend-Web 에서 호출하는 곳 없음 / 같은 basePath(/arms/jiraProject) 를 호출하는 프론트 메뉴 1개 (호출 건수 순) / 상속 전개 엔드포인트(inherited(TreeAbstractController))
서버 관리,BE→호출없음,상속(TreeAbstractController),/arms/jiraProject/updateNode.do,(호출 없음),PUT,,,JiraProjectController,프론트 호출 없음,Frontend-Web 에서 호출하는 곳 없음 / 같은 basePath(/arms/jiraProject) 를 호출하는 프론트 메뉴 1개 (호출 건수 순) / 상속 전개 엔드포인트(inherited(TreeAbstractController))
서버 관리;상태 관리,BE→호출없음,상속(TreeAbstractController),/arms/jiraServer/addNode.do,(호출 없음),POST,,,JiraServerController,프론트 호출 없음,Frontend-Web 에서 호출하는 곳 없음 / 같은 basePath(/arms/jiraServer) 를 호출하는 프론트 메뉴 2개 (호출 건수 순) / 상속 전개 엔드포인트(inherited(TreeAbstractController))
서버 관리;상태 관리,BE→호출없음,상속(TreeAbstractController),/arms/jiraServer/alterNode.do,(호출 없음),PUT,,,JiraServerController,프론트 호출 없음,Frontend-Web 에서 호출하는 곳 없음 / 같은 basePath(/arms/jiraServer) 를 호출하는 프론트 메뉴 2개 (호출 건수 순) / 상속 전개 엔드포인트(inherited(TreeAbstractController))
서버 관리;상태 관리,BE→호출없음,상속(TreeAbstractController),/arms/jiraServer/alterNodeType.do,(호출 없음),PUT,,,JiraServerController,프론트 호출 없음,Frontend-Web 에서 호출하는 곳 없음 / 같은 basePath(/arms/jiraServer) 를 호출하는 프론트 메뉴 2개 (호출 건수 순) / 상속 전개 엔드포인트(inherited(TreeAbstractController))
서버 관리;상태 관리,BE→호출없음,상속(TreeAbstractController),/arms/jiraServer/analyzeNode.do,(호출 없음),GET,,,JiraServerController,프론트 호출 없음,Frontend-Web 에서 호출하는 곳 없음 / 같은 basePath(/arms/jiraServer) 를 호출하는 프론트 메뉴 2개 (호출 건수 순) / 상속 전개 엔드포인트(inherited(TreeAbstractController))
서버 관리;상태 관리,BE→호출없음,상속(TreeAbstractController),/arms/jiraServer/getChildNode.do,(호출 없음),GET,,,JiraServerController,프론트 호출 없음,Frontend-Web 에서 호출하는 곳 없음 / 같은 basePath(/arms/jiraServer) 를 호출하는 프론트 메뉴 2개 (호출 건수 순) / 상속 전개 엔드포인트(inherited(TreeAbstractController))
서버 관리;상태 관리,BE→호출없음,자체 선언,/arms/jiraServer/getJiraIssueResolution.do,(호출 없음),GET,,,JiraServerController,프론트 호출 없음,Frontend-Web 에서 호출하는 곳 없음 / 같은 basePath(/arms/jiraServer) 를 호출하는 프론트 메뉴 2개 (호출 건수 순)
서버 관리;상태 관리,BE→호출없음,상속(TreeAbstractController),/arms/jiraServer/getMonitor.do,(호출 없음),GET,,,JiraServerController,프론트 호출 없음,Frontend-Web 에서 호출하는 곳 없음 / 같은 basePath(/arms/jiraServer) 를 호출하는 프론트 메뉴 2개 (호출 건수 순) / 상속 전개 엔드포인트(inherited(TreeAbstractController))
서버 관리;상태 관리,BE→호출없음,상속(TreeAbstractController),/arms/jiraServer/getNode.do,(호출 없음),GET,,,JiraServerController,프론트 호출 없음,Frontend-Web 에서 호출하는 곳 없음 / 같은 basePath(/arms/jiraServer) 를 호출하는 프론트 메뉴 2개 (호출 건수 순) / 상속 전개 엔드포인트(inherited(TreeAbstractController))
서버 관리;상태 관리,BE→호출없음,자체 선언,/arms/jiraServer/getNodeWithEncryption.do,(호출 없음),GET,,,JiraServerController,프론트 호출 없음,Frontend-Web 에서 호출하는 곳 없음 / 같은 basePath(/arms/jiraServer) 를 호출하는 프론트 메뉴 2개 (호출 건수 순)
서버 관리;상태 관리,BE→호출없음,상속(TreeAbstractController),/arms/jiraServer/getNodesWithoutRoot.do,(호출 없음),GET,,,JiraServerController,프론트 호출 없음,Frontend-Web 에서 호출하는 곳 없음 / 같은 basePath(/arms/jiraServer) 를 호출하는 프론트 메뉴 2개 (호출 건수 순) / 상속 전개 엔드포인트(inherited(TreeAbstractController))
서버 관리;상태 관리,BE→호출없음,상속(TreeAbstractController),/arms/jiraServer/getPaginatedChildNode.do,(호출 없음),GET,,,JiraServerController,프론트 호출 없음,Frontend-Web 에서 호출하는 곳 없음 / 같은 basePath(/arms/jiraServer) 를 호출하는 프론트 메뉴 2개 (호출 건수 순) / 상속 전개 엔드포인트(inherited(TreeAbstractController))
서버 관리;상태 관리,BE→호출없음,자체 선언,/arms/jiraServer/getRuleSet.do,(호출 없음),GET,,,JiraServerController,프론트 호출 없음,Frontend-Web 에서 호출하는 곳 없음 / 같은 basePath(/arms/jiraServer) 를 호출하는 프론트 메뉴 2개 (호출 건수 순)
서버 관리;상태 관리,BE→호출없음,상속(TreeAbstractController),/arms/jiraServer/moveNode.do,(호출 없음),POST,,,JiraServerController,프론트 호출 없음,Frontend-Web 에서 호출하는 곳 없음 / 같은 basePath(/arms/jiraServer) 를 호출하는 프론트 메뉴 2개 (호출 건수 순) / 상속 전개 엔드포인트(inherited(TreeAbstractController))
서버 관리;상태 관리,BE→호출없음,상속(TreeAbstractController),/arms/jiraServer/searchNode.do,(호출 없음),GET,,,JiraServerController,프론트 호출 없음,Frontend-Web 에서 호출하는 곳 없음 / 같은 basePath(/arms/jiraServer) 를 호출하는 프론트 메뉴 2개 (호출 건수 순) / 상속 전개 엔드포인트(inherited(TreeAbstractController))
서버 관리;상태 관리,BE→호출없음,상속(TreeAbstractController),/arms/jiraServer/send-message,(호출 없음),GET,,,JiraServerController,프론트 호출 없음,Frontend-Web 에서 호출하는 곳 없음 / 같은 basePath(/arms/jiraServer) 를 호출하는 프론트 메뉴 2개 (호출 건수 순) / 상속 전개 엔드포인트(inherited(TreeAbstractController))
서버 관리;상태 관리,BE→호출없음,상속(TreeAbstractController),/arms/jiraServer/updateNode.do,(호출 없음),PUT,,,JiraServerController,프론트 호출 없음,Frontend-Web 에서 호출하는 곳 없음 / 같은 basePath(/arms/jiraServer) 를 호출하는 프론트 메뉴 2개 (호출 건수 순) / 상속 전개 엔드포인트(inherited(TreeAbstractController))
서버 관리;상태 관리;현황 관리 - List,BE→호출없음,상속(TreeAbstractController),/arms/jiraServerPure/addNode.do,(호출 없음),POST,,,JiraServerPureController,프론트 호출 없음,Frontend-Web 에서 호출하는 곳 없음 / 같은 basePath(/arms/jiraServerPure) 를 호출하는 프론트 메뉴 3개 (호출 건수 순) / 상속 전개 엔드포인트(inherited(TreeAbstractController))
서버 관리;상태 관리;현황 관리 - List,BE→호출없음,상속(TreeAbstractController),/arms/jiraServerPure/alterNode.do,(호출 없음),PUT,,,JiraServerPureController,프론트 호출 없음,Frontend-Web 에서 호출하는 곳 없음 / 같은 basePath(/arms/jiraServerPure) 를 호출하는 프론트 메뉴 3개 (호출 건수 순) / 상속 전개 엔드포인트(inherited(TreeAbstractController))
서버 관리;상태 관리;현황 관리 - List,BE→호출없음,상속(TreeAbstractController),/arms/jiraServerPure/alterNodeType.do,(호출 없음),PUT,,,JiraServerPureController,프론트 호출 없음,Frontend-Web 에서 호출하는 곳 없음 / 같은 basePath(/arms/jiraServerPure) 를 호출하는 프론트 메뉴 3개 (호출 건수 순) / 상속 전개 엔드포인트(inherited(TreeAbstractController))
서버 관리;상태 관리;현황 관리 - List,BE→호출없음,상속(TreeAbstractController),/arms/jiraServerPure/analyzeNode.do,(호출 없음),GET,,,JiraServerPureController,프론트 호출 없음,Frontend-Web 에서 호출하는 곳 없음 / 같은 basePath(/arms/jiraServerPure) 를 호출하는 프론트 메뉴 3개 (호출 건수 순) / 상속 전개 엔드포인트(inherited(TreeAbstractController))
서버 관리;상태 관리;현황 관리 - List,BE→호출없음,상속(TreeAbstractController),/arms/jiraServerPure/getChildNode.do,(호출 없음),GET,,,JiraServerPureController,프론트 호출 없음,Frontend-Web 에서 호출하는 곳 없음 / 같은 basePath(/arms/jiraServerPure) 를 호출하는 프론트 메뉴 3개 (호출 건수 순) / 상속 전개 엔드포인트(inherited(TreeAbstractController))
서버 관리;상태 관리;현황 관리 - List,BE→호출없음,자체 선언,/arms/jiraServerPure/getJiraServerMonitor.do,(호출 없음),GET,,,JiraServerPureController,프론트 호출 없음,Frontend-Web 에서 호출하는 곳 없음 / 같은 basePath(/arms/jiraServerPure) 를 호출하는 프론트 메뉴 3개 (호출 건수 순)
서버 관리;상태 관리;현황 관리 - List,BE→호출없음,상속(TreeAbstractController),/arms/jiraServerPure/getMonitor.do,(호출 없음),GET,,,JiraServerPureController,프론트 호출 없음,Frontend-Web 에서 호출하는 곳 없음 / 같은 basePath(/arms/jiraServerPure) 를 호출하는 프론트 메뉴 3개 (호출 건수 순) / 상속 전개 엔드포인트(inherited(TreeAbstractController))
서버 관리;상태 관리;현황 관리 - List,BE→호출없음,상속(TreeAbstractController),/arms/jiraServerPure/getNode.do,(호출 없음),GET,,,JiraServerPureController,프론트 호출 없음,Frontend-Web 에서 호출하는 곳 없음 / 같은 basePath(/arms/jiraServerPure) 를 호출하는 프론트 메뉴 3개 (호출 건수 순) / 상속 전개 엔드포인트(inherited(TreeAbstractController))
서버 관리;상태 관리;현황 관리 - List,BE→호출없음,자체 선언,/arms/jiraServerPure/getNodeWithDecryption.do,(호출 없음),GET,,,JiraServerPureController,프론트 호출 없음,Frontend-Web 에서 호출하는 곳 없음 / 같은 basePath(/arms/jiraServerPure) 를 호출하는 프론트 메뉴 3개 (호출 건수 순)
서버 관리;상태 관리;현황 관리 - List,BE→호출없음,상속(TreeAbstractController),/arms/jiraServerPure/getPaginatedChildNode.do,(호출 없음),GET,,,JiraServerPureController,프론트 호출 없음,Frontend-Web 에서 호출하는 곳 없음 / 같은 basePath(/arms/jiraServerPure) 를 호출하는 프론트 메뉴 3개 (호출 건수 순) / 상속 전개 엔드포인트(inherited(TreeAbstractController))
서버 관리;상태 관리;현황 관리 - List,BE→호출없음,자체 선언,/arms/jiraServerPure/makeEncryption.do,(호출 없음),GET,,,JiraServerPureController,프론트 호출 없음,Frontend-Web 에서 호출하는 곳 없음 / 같은 basePath(/arms/jiraServerPure) 를 호출하는 프론트 메뉴 3개 (호출 건수 순)
서버 관리;상태 관리;현황 관리 - List,BE→호출없음,상속(TreeAbstractController),/arms/jiraServerPure/moveNode.do,(호출 없음),POST,,,JiraServerPureController,프론트 호출 없음,Frontend-Web 에서 호출하는 곳 없음 / 같은 basePath(/arms/jiraServerPure) 를 호출하는 프론트 메뉴 3개 (호출 건수 순) / 상속 전개 엔드포인트(inherited(TreeAbstractController))
서버 관리;상태 관리;현황 관리 - List,BE→호출없음,상속(TreeAbstractController),/arms/jiraServerPure/removeNode.do,(호출 없음),DELETE,,,JiraServerPureController,프론트 호출 없음,Frontend-Web 에서 호출하는 곳 없음 / 같은 basePath(/arms/jiraServerPure) 를 호출하는 프론트 메뉴 3개 (호출 건수 순) / 상속 전개 엔드포인트(inherited(TreeAbstractController))
서버 관리;상태 관리;현황 관리 - List,BE→호출없음,상속(TreeAbstractController),/arms/jiraServerPure/searchNode.do,(호출 없음),GET,,,JiraServerPureController,프론트 호출 없음,Frontend-Web 에서 호출하는 곳 없음 / 같은 basePath(/arms/jiraServerPure) 를 호출하는 프론트 메뉴 3개 (호출 건수 순) / 상속 전개 엔드포인트(inherited(TreeAbstractController))
서버 관리;상태 관리;현황 관리 - List,BE→호출없음,상속(TreeAbstractController),/arms/jiraServerPure/send-message,(호출 없음),GET,,,JiraServerPureController,프론트 호출 없음,Frontend-Web 에서 호출하는 곳 없음 / 같은 basePath(/arms/jiraServerPure) 를 호출하는 프론트 메뉴 3개 (호출 건수 순) / 상속 전개 엔드포인트(inherited(TreeAbstractController))
서버 관리;상태 관리;현황 관리 - List,BE→호출없음,상속(TreeAbstractController),/arms/jiraServerPure/updateNode.do,(호출 없음),PUT,,,JiraServerPureController,프론트 호출 없음,Frontend-Web 에서 호출하는 곳 없음 / 같은 basePath(/arms/jiraServerPure) 를 호출하는 프론트 메뉴 3개 (호출 건수 순) / 상속 전개 엔드포인트(inherited(TreeAbstractController))
서버 관리;연결 관리;상태 관리,BE→호출없음,상속(TreeAbstractController),/arms/jiraServerProjectPure/addNode.do,(호출 없음),POST,,,JiraServerProjectPureController,프론트 호출 없음,Frontend-Web 에서 호출하는 곳 없음 / 같은 basePath(/arms/jiraServerProjectPure) 를 호출하는 프론트 메뉴 3개 (호출 건수 순) / 상속 전개 엔드포인트(inherited(TreeAbstractController))
서버 관리;연결 관리;상태 관리,BE→호출없음,상속(TreeAbstractController),/arms/jiraServerProjectPure/alterNode.do,(호출 없음),PUT,,,JiraServerProjectPureController,프론트 호출 없음,Frontend-Web 에서 호출하는 곳 없음 / 같은 basePath(/arms/jiraServerProjectPure) 를 호출하는 프론트 메뉴 3개 (호출 건수 순) / 상속 전개 엔드포인트(inherited(TreeAbstractController))
서버 관리;연결 관리;상태 관리,BE→호출없음,상속(TreeAbstractController),/arms/jiraServerProjectPure/alterNodeType.do,(호출 없음),PUT,,,JiraServerProjectPureController,프론트 호출 없음,Frontend-Web 에서 호출하는 곳 없음 / 같은 basePath(/arms/jiraServerProjectPure) 를 호출하는 프론트 메뉴 3개 (호출 건수 순) / 상속 전개 엔드포인트(inherited(TreeAbstractController))
서버 관리;연결 관리;상태 관리,BE→호출없음,상속(TreeAbstractController),/arms/jiraServerProjectPure/analyzeNode.do,(호출 없음),GET,,,JiraServerProjectPureController,프론트 호출 없음,Frontend-Web 에서 호출하는 곳 없음 / 같은 basePath(/arms/jiraServerProjectPure) 를 호출하는 프론트 메뉴 3개 (호출 건수 순) / 상속 전개 엔드포인트(inherited(TreeAbstractController))
서버 관리;연결 관리;상태 관리,BE→호출없음,상속(TreeAbstractController),/arms/jiraServerProjectPure/getChildNode.do,(호출 없음),GET,,,JiraServerProjectPureController,프론트 호출 없음,Frontend-Web 에서 호출하는 곳 없음 / 같은 basePath(/arms/jiraServerProjectPure) 를 호출하는 프론트 메뉴 3개 (호출 건수 순) / 상속 전개 엔드포인트(inherited(TreeAbstractController))
서버 관리;연결 관리;상태 관리,BE→호출없음,상속(TreeAbstractController),/arms/jiraServerProjectPure/getMonitor.do,(호출 없음),GET,,,JiraServerProjectPureController,프론트 호출 없음,Frontend-Web 에서 호출하는 곳 없음 / 같은 basePath(/arms/jiraServerProjectPure) 를 호출하는 프론트 메뉴 3개 (호출 건수 순) / 상속 전개 엔드포인트(inherited(TreeAbstractController))
서버 관리;연결 관리;상태 관리,BE→호출없음,상속(TreeAbstractController),/arms/jiraServerProjectPure/getNode.do,(호출 없음),GET,,,JiraServerProjectPureController,프론트 호출 없음,Frontend-Web 에서 호출하는 곳 없음 / 같은 basePath(/arms/jiraServerProjectPure) 를 호출하는 프론트 메뉴 3개 (호출 건수 순) / 상속 전개 엔드포인트(inherited(TreeAbstractController))
서버 관리;연결 관리;상태 관리,BE→호출없음,자체 선언,/arms/jiraServerProjectPure/getNodeWithoutSoftDelete.do,(호출 없음),GET,,,JiraServerProjectPureController,프론트 호출 없음,Frontend-Web 에서 호출하는 곳 없음 / 같은 basePath(/arms/jiraServerProjectPure) 를 호출하는 프론트 메뉴 3개 (호출 건수 순)
서버 관리;연결 관리;상태 관리,BE→호출없음,상속(TreeAbstractController),/arms/jiraServerProjectPure/getNodesWithoutRoot.do,(호출 없음),GET,,,JiraServerProjectPureController,프론트 호출 없음,Frontend-Web 에서 호출하는 곳 없음 / 같은 basePath(/arms/jiraServerProjectPure) 를 호출하는 프론트 메뉴 3개 (호출 건수 순) / 상속 전개 엔드포인트(inherited(TreeAbstractController))
서버 관리;연결 관리;상태 관리,BE→호출없음,상속(TreeAbstractController),/arms/jiraServerProjectPure/getPaginatedChildNode.do,(호출 없음),GET,,,JiraServerProjectPureController,프론트 호출 없음,Frontend-Web 에서 호출하는 곳 없음 / 같은 basePath(/arms/jiraServerProjectPure) 를 호출하는 프론트 메뉴 3개 (호출 건수 순) / 상속 전개 엔드포인트(inherited(TreeAbstractController))
서버 관리;연결 관리;상태 관리,BE→호출없음,상속(TreeAbstractController),/arms/jiraServerProjectPure/moveNode.do,(호출 없음),POST,,,JiraServerProjectPureController,프론트 호출 없음,Frontend-Web 에서 호출하는 곳 없음 / 같은 basePath(/arms/jiraServerProjectPure) 를 호출하는 프론트 메뉴 3개 (호출 건수 순) / 상속 전개 엔드포인트(inherited(TreeAbstractController))
서버 관리;연결 관리;상태 관리,BE→호출없음,상속(TreeAbstractController),/arms/jiraServerProjectPure/removeNode.do,(호출 없음),DELETE,,,JiraServerProjectPureController,프론트 호출 없음,Frontend-Web 에서 호출하는 곳 없음 / 같은 basePath(/arms/jiraServerProjectPure) 를 호출하는 프론트 메뉴 3개 (호출 건수 순) / 상속 전개 엔드포인트(inherited(TreeAbstractController))
서버 관리;연결 관리;상태 관리,BE→호출없음,상속(TreeAbstractController),/arms/jiraServerProjectPure/searchNode.do,(호출 없음),GET,,,JiraServerProjectPureController,프론트 호출 없음,Frontend-Web 에서 호출하는 곳 없음 / 같은 basePath(/arms/jiraServerProjectPure) 를 호출하는 프론트 메뉴 3개 (호출 건수 순) / 상속 전개 엔드포인트(inherited(TreeAbstractController))
서버 관리;연결 관리;상태 관리,BE→호출없음,상속(TreeAbstractController),/arms/jiraServerProjectPure/send-message,(호출 없음),GET,,,JiraServerProjectPureController,프론트 호출 없음,Frontend-Web 에서 호출하는 곳 없음 / 같은 basePath(/arms/jiraServerProjectPure) 를 호출하는 프론트 메뉴 3개 (호출 건수 순) / 상속 전개 엔드포인트(inherited(TreeAbstractController))
서버 관리;연결 관리;상태 관리,BE→호출없음,상속(TreeAbstractController),/arms/jiraServerProjectPure/updateNode.do,(호출 없음),PUT,,,JiraServerProjectPureController,프론트 호출 없음,Frontend-Web 에서 호출하는 곳 없음 / 같은 basePath(/arms/jiraServerProjectPure) 를 호출하는 프론트 메뉴 3개 (호출 건수 순) / 상속 전개 엔드포인트(inherited(TreeAbstractController))
연결 관리,BE→호출없음,상속(TreeMapAbstractController),/arms/globaltreemap/addGlobalTreeMap.do,(호출 없음),POST,,,GlobalTreeMapController,프론트 호출 없음,Frontend-Web 에서 호출하는 곳 없음 / 같은 basePath(/arms/globaltreemap) 를 호출하는 프론트 메뉴 1개 (호출 건수 순) / 상속 전개 엔드포인트(inherited(TreeMapAbstractController))
연결 관리,BE→호출없음,상속(TreeMapAbstractController),/arms/globaltreemap/alterGlobalTreeMap.do,(호출 없음),PUT,,,GlobalTreeMapController,프론트 호출 없음,Frontend-Web 에서 호출하는 곳 없음 / 같은 basePath(/arms/globaltreemap) 를 호출하는 프론트 메뉴 1개 (호출 건수 순) / 상속 전개 엔드포인트(inherited(TreeMapAbstractController))
연결 관리,BE→호출없음,상속(TreeMapAbstractController),/arms/globaltreemap/delete/{mapKey},(호출 없음),DELETE,,,GlobalTreeMapController,프론트 호출 없음,Frontend-Web 에서 호출하는 곳 없음 / 같은 basePath(/arms/globaltreemap) 를 호출하는 프론트 메뉴 1개 (호출 건수 순) / 상속 전개 엔드포인트(inherited(TreeMapAbstractController)) / 경로 변수 포함
연결 관리,BE→호출없음,상속(TreeMapAbstractController),/arms/globaltreemap/find,(호출 없음),GET,,,GlobalTreeMapController,프론트 호출 없음,Frontend-Web 에서 호출하는 곳 없음 / 같은 basePath(/arms/globaltreemap) 를 호출하는 프론트 메뉴 1개 (호출 건수 순) / 상속 전개 엔드포인트(inherited(TreeMapAbstractController))
연결 관리,BE→호출없음,상속(TreeMapAbstractController),/arms/globaltreemap/findBy,(호출 없음),GET,,,GlobalTreeMapController,프론트 호출 없음,Frontend-Web 에서 호출하는 곳 없음 / 같은 basePath(/arms/globaltreemap) 를 호출하는 프론트 메뉴 1개 (호출 건수 순) / 상속 전개 엔드포인트(inherited(TreeMapAbstractController))
연결 관리,BE→호출없음,상속(TreeMapAbstractController),/arms/globaltreemap/getAllGlobalTreeMap.do,(호출 없음),GET,,,GlobalTreeMapController,프론트 호출 없음,Frontend-Web 에서 호출하는 곳 없음 / 같은 basePath(/arms/globaltreemap) 를 호출하는 프론트 메뉴 1개 (호출 건수 순) / 상속 전개 엔드포인트(inherited(TreeMapAbstractController))
연결 관리,BE→호출없음,상속(TreeMapAbstractController),/arms/globaltreemap/removeGlobalTreeMap.do,(호출 없음),DELETE,,,GlobalTreeMapController,프론트 호출 없음,Frontend-Web 에서 호출하는 곳 없음 / 같은 basePath(/arms/globaltreemap) 를 호출하는 프론트 메뉴 1개 (호출 건수 순) / 상속 전개 엔드포인트(inherited(TreeMapAbstractController))
연결 관리,BE→호출없음,상속(TreeMapAbstractController),/arms/globaltreemap/save,(호출 없음),POST,,,GlobalTreeMapController,프론트 호출 없음,Frontend-Web 에서 호출하는 곳 없음 / 같은 basePath(/arms/globaltreemap) 를 호출하는 프론트 메뉴 1개 (호출 건수 순) / 상속 전개 엔드포인트(inherited(TreeMapAbstractController))
연결 관리,BE→호출없음,상속(TreeMapAbstractController),/arms/globaltreemap/saveOne,(호출 없음),POST,,,GlobalTreeMapController,프론트 호출 없음,Frontend-Web 에서 호출하는 곳 없음 / 같은 basePath(/arms/globaltreemap) 를 호출하는 프론트 메뉴 1개 (호출 건수 순) / 상속 전개 엔드포인트(inherited(TreeMapAbstractController))
요구 관리,FE→BE없음,프론트 호출,(없음),/auth-user/api/arms/reqAdd/sync/T_ARMS_REQADD_{id}/updateDataBase.do,POST,arms/js/reqAdd.js,2022,,백엔드 미존재,게이트웨이 변환 결과 내부경로 /arms/reqAdd/sync/T_ARMS_REQADD_{id}/updateDataBase.do 에 대응하는 Backend-Core 매핑 없음 / basePath /arms/reqAdd 는 존재 — 그 하위 경로만 미존재 / 변수 세그먼트 포함 — 세그먼트 수·자리 기준 비교 / 같은 외부 경로를 Middle-Proxy 가 직접 처리: /auth-user/api/arms/reqAdd/sync (Java-Service-Tree-Framework-Middle-Proxy/src/main/java/com/arms/api/kafka/reqadd/controller/ReqAddProxyControllerSync.java) — Backend-Core 미존재는 맞으나 미사용 호출은 아님
요구 관리,FE→BE없음,상속(TreeAbstractController),(없음),/auth-user/api/arms/reqAdd/sync/T_ARMS_REQADD_{id}/updateNode.do,POST,arms/js/reqAdd.js,2003,,백엔드 미존재,게이트웨이 변환 결과 내부경로 /arms/reqAdd/sync/T_ARMS_REQADD_{id}/updateNode.do 에 대응하는 Backend-Core 매핑 없음 / basePath /arms/reqAdd 는 존재 — 그 하위 경로만 미존재 / 변수 세그먼트 포함 — 세그먼트 수·자리 기준 비교 / 같은 외부 경로를 Middle-Proxy 가 직접 처리: /auth-user/api/arms/reqAdd/sync (Java-Service-Tree-Framework-Middle-Proxy/src/main/java/com/arms/api/kafka/reqadd/controller/ReqAddProxyControllerSync.java) — Backend-Core 미존재는 맞으나 미사용 호출은 아님
요구 관리,FE→BE없음,상속(TreeAbstractController),(없음),/auth-user/api/arms/reqAdd/sync/T_ARMS_REQADD_{selected_pdService}/addNode.do,POST,arms/js/reqAdd.js,427,,백엔드 미존재,게이트웨이 변환 결과 내부경로 /arms/reqAdd/sync/T_ARMS_REQADD_{selected_pdService}/addNode.do 에 대응하는 Backend-Core 매핑 없음 / basePath /arms/reqAdd 는 존재 — 그 하위 경로만 미존재 / 변수 세그먼트 포함 — 세그먼트 수·자리 기준 비교 / 추출메모: common.js:1451 jsTreeBuild 경유 / 같은 외부 경로를 Middle-Proxy 가 직접 처리: /auth-user/api/arms/reqAdd/sync (Java-Service-Tree-Framework-Middle-Proxy/src/main/java/com/arms/api/kafka/reqadd/controller/ReqAddProxyControllerSync.java) — Backend-Core 미존재는 맞으나 미사용 호출은 아님
요구 관리,FE→BE없음,상속(TreeAbstractController),(없음),/auth-user/api/arms/reqAdd/sync/T_ARMS_REQADD_{selected_pdService}/addNode.do,POST,arms/js/reqAdd.js,1607,,백엔드 미존재,게이트웨이 변환 결과 내부경로 /arms/reqAdd/sync/T_ARMS_REQADD_{selected_pdService}/addNode.do 에 대응하는 Backend-Core 매핑 없음 / basePath /arms/reqAdd 는 존재 — 그 하위 경로만 미존재 / 변수 세그먼트 포함 — 세그먼트 수·자리 기준 비교 / 같은 외부 경로를 Middle-Proxy 가 직접 처리: /auth-user/api/arms/reqAdd/sync (Java-Service-Tree-Framework-Middle-Proxy/src/main/java/com/arms/api/kafka/reqadd/controller/ReqAddProxyControllerSync.java) — Backend-Core 미존재는 맞으나 미사용 호출은 아님
요구 관리,FE→BE없음,상속(TreeAbstractController),(없음),/auth-user/api/arms/reqAdd/sync/T_ARMS_REQADD_{selected_pdService}/alterNode.do,PUT,arms/js/reqAdd.js,427,,백엔드 미존재,게이트웨이 변환 결과 내부경로 /arms/reqAdd/sync/T_ARMS_REQADD_{selected_pdService}/alterNode.do 에 대응하는 Backend-Core 매핑 없음 / basePath /arms/reqAdd 는 존재 — 그 하위 경로만 미존재 / 변수 세그먼트 포함 — 세그먼트 수·자리 기준 비교 / 추출메모: common.js:1487 jsTreeBuild 경유 / 같은 외부 경로를 Middle-Proxy 가 직접 처리: /auth-user/api/arms/reqAdd/sync (Java-Service-Tree-Framework-Middle-Proxy/src/main/java/com/arms/api/kafka/reqadd/controller/ReqAddProxyControllerSync.java) — Backend-Core 미존재는 맞으나 미사용 호출은 아님
요구 관리,FE→BE없음,상속(TreeAbstractController),(없음),/auth-user/api/arms/reqAdd/sync/T_ARMS_REQADD_{selected_pdService}/alterNodeType.do,PUT,arms/js/reqAdd.js,427,,백엔드 미존재,게이트웨이 변환 결과 내부경로 /arms/reqAdd/sync/T_ARMS_REQADD_{selected_pdService}/alterNodeType.do 에 대응하는 Backend-Core 매핑 없음 / basePath /arms/reqAdd 는 존재 — 그 하위 경로만 미존재 / 변수 세그먼트 포함 — 세그먼트 수·자리 기준 비교 / 추출메모: common.js:1506 jsTreeBuild 경유 / 같은 외부 경로를 Middle-Proxy 가 직접 처리: /auth-user/api/arms/reqAdd/sync (Java-Service-Tree-Framework-Middle-Proxy/src/main/java/com/arms/api/kafka/reqadd/controller/ReqAddProxyControllerSync.java) — Backend-Core 미존재는 맞으나 미사용 호출은 아님
요구 관리,FE→BE없음,상속(TreeAbstractController),(없음),/auth-user/api/arms/reqAdd/sync/T_ARMS_REQADD_{selected_pdService}/moveNode.do,POST,arms/js/reqAdd.js,427,,백엔드 미존재,게이트웨이 변환 결과 내부경로 /arms/reqAdd/sync/T_ARMS_REQADD_{selected_pdService}/moveNode.do 에 대응하는 Backend-Core 매핑 없음 / basePath /arms/reqAdd 는 존재 — 그 하위 경로만 미존재 / 변수 세그먼트 포함 — 세그먼트 수·자리 기준 비교 / 추출메모: common.js:1524 jsTreeBuild 경유 / 같은 외부 경로를 Middle-Proxy 가 직접 처리: /auth-user/api/arms/reqAdd/sync (Java-Service-Tree-Framework-Middle-Proxy/src/main/java/com/arms/api/kafka/reqadd/controller/ReqAddProxyControllerSync.java) — Backend-Core 미존재는 맞으나 미사용 호출은 아님
요구 관리,FE→BE없음,상속(TreeAbstractController),(없음),/auth-user/api/arms/reqAdd/sync/T_ARMS_REQADD_{selected_pdService}/removeNode.do,DELETE,arms/js/reqAdd.js,427,,백엔드 미존재,게이트웨이 변환 결과 내부경로 /arms/reqAdd/sync/T_ARMS_REQADD_{selected_pdService}/removeNode.do 에 대응하는 Backend-Core 매핑 없음 / basePath /arms/reqAdd 는 존재 — 그 하위 경로만 미존재 / 변수 세그먼트 포함 — 세그먼트 수·자리 기준 비교 / 추출메모: common.js:1472 jsTreeBuild 경유 / 같은 외부 경로를 Middle-Proxy 가 직접 처리: /auth-user/api/arms/reqAdd/sync (Java-Service-Tree-Framework-Middle-Proxy/src/main/java/com/arms/api/kafka/reqadd/controller/ReqAddProxyControllerSync.java) — Backend-Core 미존재는 맞으나 미사용 호출은 아님
요구 관리,FE→BE없음,상속(TreeAbstractController),(없음),/auth-user/api/arms/reqAdd/sync/T_ARMS_REQADD_{selected_pdService}/removeNode.do,DELETE,arms/js/reqAdd.js,1806,,백엔드 미존재,게이트웨이 변환 결과 내부경로 /arms/reqAdd/sync/T_ARMS_REQADD_{selected_pdService}/removeNode.do 에 대응하는 Backend-Core 매핑 없음 / basePath /arms/reqAdd 는 존재 — 그 하위 경로만 미존재 / 변수 세그먼트 포함 — 세그먼트 수·자리 기준 비교 / 같은 외부 경로를 Middle-Proxy 가 직접 처리: /auth-user/api/arms/reqAdd/sync (Java-Service-Tree-Framework-Middle-Proxy/src/main/java/com/arms/api/kafka/reqadd/controller/ReqAddProxyControllerSync.java) — Backend-Core 미존재는 맞으나 미사용 호출은 아님
요구 관리,FE→BE없음,상속(TreeAbstractController),(없음),/auth-user/api/arms/reqAdd/sync/T_ARMS_REQADD_{selected_pdService}/updateNode.do,POST,arms/js/reqAdd.js,1756,,백엔드 미존재,게이트웨이 변환 결과 내부경로 /arms/reqAdd/sync/T_ARMS_REQADD_{selected_pdService}/updateNode.do 에 대응하는 Backend-Core 매핑 없음 / basePath /arms/reqAdd 는 존재 — 그 하위 경로만 미존재 / 변수 세그먼트 포함 — 세그먼트 수·자리 기준 비교 / 같은 외부 경로를 Middle-Proxy 가 직접 처리: /auth-user/api/arms/reqAdd/sync (Java-Service-Tree-Framework-Middle-Proxy/src/main/java/com/arms/api/kafka/reqadd/controller/ReqAddProxyControllerSync.java) — Backend-Core 미존재는 맞으나 미사용 호출은 아님
요구 관리;Dashboard (detail_total_reqadd);SWOT Report;간트 차트 - Gantt;요구 관리 - Excel Upload;칸반 보드 - Kanban;문서 관리;Dashboard (detail);Kafka Admin,BE→호출없음,상속(TreeAbstractController),/arms/reqAdd/addNode.do,(호출 없음),POST,,,ReqAddController,프론트 호출 없음,Frontend-Web 에서 호출하는 곳 없음 / 같은 basePath(/arms/reqAdd) 를 호출하는 프론트 메뉴 9개 (호출 건수 순) / 상속 전개 엔드포인트(inherited(TreeAbstractController))
요구 관리;Dashboard (detail_total_reqadd);SWOT Report;간트 차트 - Gantt;요구 관리 - Excel Upload;칸반 보드 - Kanban;문서 관리;Dashboard (detail);Kafka Admin,BE→호출없음,상속(TreeAbstractController),/arms/reqAdd/alterNode.do,(호출 없음),PUT,,,ReqAddController,프론트 호출 없음,Frontend-Web 에서 호출하는 곳 없음 / 같은 basePath(/arms/reqAdd) 를 호출하는 프론트 메뉴 9개 (호출 건수 순) / 상속 전개 엔드포인트(inherited(TreeAbstractController))
요구 관리;Dashboard (detail_total_reqadd);SWOT Report;간트 차트 - Gantt;요구 관리 - Excel Upload;칸반 보드 - Kanban;문서 관리;Dashboard (detail);Kafka Admin,BE→호출없음,상속(TreeAbstractController),/arms/reqAdd/alterNodeType.do,(호출 없음),PUT,,,ReqAddController,프론트 호출 없음,Frontend-Web 에서 호출하는 곳 없음 / 같은 basePath(/arms/reqAdd) 를 호출하는 프론트 메뉴 9개 (호출 건수 순) / 상속 전개 엔드포인트(inherited(TreeAbstractController))
요구 관리;Dashboard (detail_total_reqadd);SWOT Report;간트 차트 - Gantt;요구 관리 - Excel Upload;칸반 보드 - Kanban;문서 관리;Dashboard (detail);Kafka Admin,BE→호출없음,상속(TreeAbstractController),/arms/reqAdd/analyzeNode.do,(호출 없음),GET,,,ReqAddController,프론트 호출 없음,Frontend-Web 에서 호출하는 곳 없음 / 같은 basePath(/arms/reqAdd) 를 호출하는 프론트 메뉴 9개 (호출 건수 순) / 상속 전개 엔드포인트(inherited(TreeAbstractController))
요구 관리;Dashboard (detail_total_reqadd);SWOT Report;간트 차트 - Gantt;요구 관리 - Excel Upload;칸반 보드 - Kanban;문서 관리;Dashboard (detail);Kafka Admin,BE→호출없음,상속(TreeAbstractController),/arms/reqAdd/getChildNode.do,(호출 없음),GET,,,ReqAddController,프론트 호출 없음,Frontend-Web 에서 호출하는 곳 없음 / 같은 basePath(/arms/reqAdd) 를 호출하는 프론트 메뉴 9개 (호출 건수 순) / 상속 전개 엔드포인트(inherited(TreeAbstractController))
요구 관리;Dashboard (detail_total_reqadd);SWOT Report;간트 차트 - Gantt;요구 관리 - Excel Upload;칸반 보드 - Kanban;문서 관리;Dashboard (detail);Kafka Admin,BE→호출없음,자체 선언,/arms/reqAdd/getFilesByNode.do,(호출 없음),GET,,,ReqAddController,프론트 호출 없음,Frontend-Web 에서 호출하는 곳 없음 / 같은 basePath(/arms/reqAdd) 를 호출하는 프론트 메뉴 9개 (호출 건수 순)
요구 관리;Dashboard (detail_total_reqadd);SWOT Report;간트 차트 - Gantt;요구 관리 - Excel Upload;칸반 보드 - Kanban;문서 관리;Dashboard (detail);Kafka Admin,BE→호출없음,상속(TreeAbstractController),/arms/reqAdd/getNode.do,(호출 없음),GET,,,ReqAddController,프론트 호출 없음,Frontend-Web 에서 호출하는 곳 없음 / 같은 basePath(/arms/reqAdd) 를 호출하는 프론트 메뉴 9개 (호출 건수 순) / 상속 전개 엔드포인트(inherited(TreeAbstractController))
요구 관리;Dashboard (detail_total_reqadd);SWOT Report;간트 차트 - Gantt;요구 관리 - Excel Upload;칸반 보드 - Kanban;문서 관리;Dashboard (detail);Kafka Admin,BE→호출없음,상속(TreeAbstractController),/arms/reqAdd/getPaginatedChildNode.do,(호출 없음),GET,,,ReqAddController,프론트 호출 없음,Frontend-Web 에서 호출하는 곳 없음 / 같은 basePath(/arms/reqAdd) 를 호출하는 프론트 메뉴 9개 (호출 건수 순) / 상속 전개 엔드포인트(inherited(TreeAbstractController))
요구 관리;Dashboard (detail_total_reqadd);SWOT Report;간트 차트 - Gantt;요구 관리 - Excel Upload;칸반 보드 - Kanban;문서 관리;Dashboard (detail);Kafka Admin,BE→호출없음,상속(TreeAbstractController),/arms/reqAdd/moveNode.do,(호출 없음),POST,,,ReqAddController,프론트 호출 없음,Frontend-Web 에서 호출하는 곳 없음 / 같은 basePath(/arms/reqAdd) 를 호출하는 프론트 메뉴 9개 (호출 건수 순) / 상속 전개 엔드포인트(inherited(TreeAbstractController))
요구 관리;Dashboard (detail_total_reqadd);SWOT Report;간트 차트 - Gantt;요구 관리 - Excel Upload;칸반 보드 - Kanban;문서 관리;Dashboard (detail);Kafka Admin,BE→호출없음,상속(TreeAbstractController),/arms/reqAdd/removeNode.do,(호출 없음),DELETE,,,ReqAddController,프론트 호출 없음,Frontend-Web 에서 호출하는 곳 없음 / 같은 basePath(/arms/reqAdd) 를 호출하는 프론트 메뉴 9개 (호출 건수 순) / 상속 전개 엔드포인트(inherited(TreeAbstractController))
요구 관리;Dashboard (detail_total_reqadd);SWOT Report;간트 차트 - Gantt;요구 관리 - Excel Upload;칸반 보드 - Kanban;문서 관리;Dashboard (detail);Kafka Admin,BE→호출없음,자체 선언,/arms/reqAdd/sample/excel-to-list,(호출 없음),POST,,,ReqAddController,프론트 호출 없음,Frontend-Web 에서 호출하는 곳 없음 / 같은 basePath(/arms/reqAdd) 를 호출하는 프론트 메뉴 9개 (호출 건수 순)
요구 관리;Dashboard (detail_total_reqadd);SWOT Report;간트 차트 - Gantt;요구 관리 - Excel Upload;칸반 보드 - Kanban;문서 관리;Dashboard (detail);Kafka Admin,BE→호출없음,상속(TreeAbstractController),/arms/reqAdd/searchNode.do,(호출 없음),GET,,,ReqAddController,프론트 호출 없음,Frontend-Web 에서 호출하는 곳 없음 / 같은 basePath(/arms/reqAdd) 를 호출하는 프론트 메뉴 9개 (호출 건수 순) / 상속 전개 엔드포인트(inherited(TreeAbstractController))
요구 관리;Dashboard (detail_total_reqadd);SWOT Report;간트 차트 - Gantt;요구 관리 - Excel Upload;칸반 보드 - Kanban;문서 관리;Dashboard (detail);Kafka Admin,BE→호출없음,상속(TreeAbstractController),/arms/reqAdd/send-message,(호출 없음),GET,,,ReqAddController,프론트 호출 없음,Frontend-Web 에서 호출하는 곳 없음 / 같은 basePath(/arms/reqAdd) 를 호출하는 프론트 메뉴 9개 (호출 건수 순) / 상속 전개 엔드포인트(inherited(TreeAbstractController))
요구 관리;Dashboard (detail_total_reqadd);SWOT Report;간트 차트 - Gantt;요구 관리 - Excel Upload;칸반 보드 - Kanban;문서 관리;Dashboard (detail);Kafka Admin,BE→호출없음,상속(TreeAbstractController),/arms/reqAdd/updateNode.do,(호출 없음),PUT,,,ReqAddController,프론트 호출 없음,Frontend-Web 에서 호출하는 곳 없음 / 같은 basePath(/arms/reqAdd) 를 호출하는 프론트 메뉴 9개 (호출 건수 순) / 상속 전개 엔드포인트(inherited(TreeAbstractController))
요구 관리;Dashboard (detail_total_reqadd);SWOT Report;간트 차트 - Gantt;요구 관리 - Excel Upload;칸반 보드 - Kanban;문서 관리;Dashboard (detail);Kafka Admin,BE→호출없음,자체 선언,/arms/reqAdd/uploadFileToNode.do,(호출 없음),POST,,,ReqAddController,프론트 호출 없음,Frontend-Web 에서 호출하는 곳 없음 / 같은 basePath(/arms/reqAdd) 를 호출하는 프론트 메뉴 9개 (호출 건수 순)
요구 관리;Dashboard (detail_total_reqadd);SWOT Report;간트 차트 - Gantt;요구 관리 - Excel Upload;칸반 보드 - Kanban;문서 관리;Dashboard (detail);Kafka Admin,BE→호출없음,자체 선언,/arms/reqAdd/{changeReqTableName}/addNodeAndThenSkipToCreateAlmIssueFromKafka.do,(호출 없음),POST,,,ReqAddController,프론트 호출 없음,Frontend-Web 에서 호출하는 곳 없음 / 같은 basePath(/arms/reqAdd) 를 호출하는 프론트 메뉴 9개 (호출 건수 순) / 경로 변수 포함
요구 관리;Dashboard (detail_total_reqadd);SWOT Report;간트 차트 - Gantt;요구 관리 - Excel Upload;칸반 보드 - Kanban;문서 관리;Dashboard (detail);Kafka Admin,BE→호출없음,자체 선언,/arms/reqAdd/{changeReqTableName}/addNodeFromKafka.do,(호출 없음),POST,,,ReqAddController,프론트 호출 없음,Frontend-Web 에서 호출하는 곳 없음 / 같은 basePath(/arms/reqAdd) 를 호출하는 프론트 메뉴 9개 (호출 건수 순) / 경로 변수 포함
요구 관리;Dashboard (detail_total_reqadd);SWOT Report;간트 차트 - Gantt;요구 관리 - Excel Upload;칸반 보드 - Kanban;문서 관리;Dashboard (detail);Kafka Admin,BE→호출없음,자체 선언,/arms/reqAdd/{changeReqTableName}/getNodeDetail.do,(호출 없음),GET,,,ReqAddController,프론트 호출 없음,Frontend-Web 에서 호출하는 곳 없음 / 같은 basePath(/arms/reqAdd) 를 호출하는 프론트 메뉴 9개 (호출 건수 순) / 경로 변수 포함
요구 관리;Dashboard (detail_total_reqadd);SWOT Report;간트 차트 - Gantt;요구 관리 - Excel Upload;칸반 보드 - Kanban;문서 관리;Dashboard (detail);Kafka Admin,BE→호출없음,자체 선언,/arms/reqAdd/{changeReqTableName}/getNodesWhereInIds.do,(호출 없음),GET,,,ReqAddController,프론트 호출 없음,Frontend-Web 에서 호출하는 곳 없음 / 같은 basePath(/arms/reqAdd) 를 호출하는 프론트 메뉴 9개 (호출 건수 순) / 경로 변수 포함
요구 관리;Dashboard (detail_total_reqadd);SWOT Report;간트 차트 - Gantt;요구 관리 - Excel Upload;칸반 보드 - Kanban;문서 관리;Dashboard (detail);Kafka Admin,BE→호출없음,자체 선언,/arms/reqAdd/{changeReqTableName}/getNodesWithoutRoot.do,(호출 없음),GET,,,ReqAddController,프론트 호출 없음,Frontend-Web 에서 호출하는 곳 없음 / 같은 basePath(/arms/reqAdd) 를 호출하는 프론트 메뉴 9개 (호출 건수 순) / 경로 변수 포함
요구 관리;Dashboard (detail_total_reqadd);SWOT Report;간트 차트 - Gantt;요구 관리 - Excel Upload;칸반 보드 - Kanban;문서 관리;Dashboard (detail);Kafka Admin,BE→호출없음,자체 선언,/arms/reqAdd/{changeReqTableName}/getReqAddByParentAndTitle.do,(호출 없음),GET,,,ReqAddController,프론트 호출 없음,Frontend-Web 에서 호출하는 곳 없음 / 같은 basePath(/arms/reqAdd) 를 호출하는 프론트 메뉴 9개 (호출 건수 순) / 경로 변수 포함
요구 관리;Dashboard (detail_total_reqadd);SWOT Report;간트 차트 - Gantt;요구 관리 - Excel Upload;칸반 보드 - Kanban;문서 관리;Dashboard (detail);Kafka Admin,BE→호출없음,자체 선언,/arms/reqAdd/{changeReqTableName}/getReqAddByReqDefId.do,(호출 없음),GET,,,ReqAddController,프론트 호출 없음,Frontend-Web 에서 호출하는 곳 없음 / 같은 basePath(/arms/reqAdd) 를 호출하는 프론트 메뉴 9개 (호출 건수 순) / 경로 변수 포함
요구 관리;Dashboard (detail_total_reqadd);SWOT Report;간트 차트 - Gantt;요구 관리 - Excel Upload;칸반 보드 - Kanban;문서 관리;Dashboard (detail);Kafka Admin,BE→호출없음,자체 선언,/arms/reqAdd/{changeReqTableName}/getReqNodesWithoutRoot.do,(호출 없음),GET,,,ReqAddController,프론트 호출 없음,Frontend-Web 에서 호출하는 곳 없음 / 같은 basePath(/arms/reqAdd) 를 호출하는 프론트 메뉴 9개 (호출 건수 순) / 경로 변수 포함
요구 관리;Dashboard (detail_total_reqadd);SWOT Report;간트 차트 - Gantt;요구 관리 - Excel Upload;칸반 보드 - Kanban;문서 관리;Dashboard (detail);Kafka Admin,BE→호출없음,자체 선언,/arms/reqAdd/{changeReqTableName}/moveNodeFromKafka.do,(호출 없음),PUT,,,ReqAddController,프론트 호출 없음,Frontend-Web 에서 호출하는 곳 없음 / 같은 basePath(/arms/reqAdd) 를 호출하는 프론트 메뉴 9개 (호출 건수 순) / 경로 변수 포함
요구 관리;Dashboard (detail_total_reqadd);SWOT Report;간트 차트 - Gantt;요구 관리 - Excel Upload;칸반 보드 - Kanban;문서 관리;Dashboard (detail);Kafka Admin,BE→호출없음,자체 선언,/arms/reqAdd/{changeReqTableName}/pruneEmptyFoldersFromUpload.do,(호출 없음),POST,,,ReqAddController,프론트 호출 없음,Frontend-Web 에서 호출하는 곳 없음 / 같은 basePath(/arms/reqAdd) 를 호출하는 프론트 메뉴 9개 (호출 건수 순) / 경로 변수 포함
요구 관리;Dashboard (detail_total_reqadd);SWOT Report;간트 차트 - Gantt;요구 관리 - Excel Upload;칸반 보드 - Kanban;문서 관리;Dashboard (detail);Kafka Admin,BE→호출없음,자체 선언,/arms/reqAdd/{changeReqTableName}/removeNodeFromKafka.do,(호출 없음),DELETE,,,ReqAddController,프론트 호출 없음,Frontend-Web 에서 호출하는 곳 없음 / 같은 basePath(/arms/reqAdd) 를 호출하는 프론트 메뉴 9개 (호출 건수 순) / 경로 변수 포함
요구 관리;Dashboard (detail_total_reqadd);SWOT Report;간트 차트 - Gantt;요구 관리 - Excel Upload;칸반 보드 - Kanban;문서 관리;Dashboard (detail);Kafka Admin,BE→호출없음,자체 선언,/arms/reqAdd/{changeReqTableName}/updateAllReqAddStateFromKafka.do,(호출 없음),PUT,,,ReqAddController,프론트 호출 없음,Frontend-Web 에서 호출하는 곳 없음 / 같은 basePath(/arms/reqAdd) 를 호출하는 프론트 메뉴 9개 (호출 건수 순) / 경로 변수 포함
요구 관리;Dashboard (detail_total_reqadd);SWOT Report;간트 차트 - Gantt;요구 관리 - Excel Upload;칸반 보드 - Kanban;문서 관리;Dashboard (detail);Kafka Admin,BE→호출없음,자체 선언,/arms/reqAdd/{changeReqTableName}/updateDataBaseFromKafka.do,(호출 없음),PUT,,,ReqAddController,프론트 호출 없음,Frontend-Web 에서 호출하는 곳 없음 / 같은 basePath(/arms/reqAdd) 를 호출하는 프론트 메뉴 9개 (호출 건수 순) / 경로 변수 포함
요구 관리;Dashboard (detail_total_reqadd);SWOT Report;간트 차트 - Gantt;요구 관리 - Excel Upload;칸반 보드 - Kanban;문서 관리;Dashboard (detail);Kafka Admin,BE→호출없음,자체 선언,/arms/reqAdd/{changeReqTableName}/updateDateFromKafka.do,(호출 없음),PUT,,,ReqAddController,프론트 호출 없음,Frontend-Web 에서 호출하는 곳 없음 / 같은 basePath(/arms/reqAdd) 를 호출하는 프론트 메뉴 9개 (호출 건수 순) / 경로 변수 포함
요구 관리;Dashboard (detail_total_reqadd);SWOT Report;간트 차트 - Gantt;요구 관리 - Excel Upload;칸반 보드 - Kanban;문서 관리;Dashboard (detail);Kafka Admin,BE→호출없음,자체 선언,/arms/reqAdd/{changeReqTableName}/updateNodeFromKafka.do,(호출 없음),PUT,,,ReqAddController,프론트 호출 없음,Frontend-Web 에서 호출하는 곳 없음 / 같은 basePath(/arms/reqAdd) 를 호출하는 프론트 메뉴 9개 (호출 건수 순) / 경로 변수 포함
요구 관리;Dashboard (detail_total_reqadd);SWOT Report;간트 차트 - Gantt;요구 관리 - Excel Upload;칸반 보드 - Kanban;문서 관리;Dashboard (detail);Kafka Admin,BE→호출없음,자체 선언,/arms/reqAdd/{changeReqTableName}/updateReqAddTitleFromKafka.do,(호출 없음),PUT,,,ReqAddController,프론트 호출 없음,Frontend-Web 에서 호출하는 곳 없음 / 같은 basePath(/arms/reqAdd) 를 호출하는 프론트 메뉴 9개 (호출 건수 순) / 경로 변수 포함
인공 지능 Beta,FE→BE없음,프론트 호출,(없음),/auth-user/api/aichat/cards/context,GET,arms/js/aiChat.js,1267,,백엔드 미존재,게이트웨이 변환 결과 내부경로 /aichat/cards/context 에 대응하는 Backend-Core 매핑 없음 / 대응 basePath 자체가 카탈로그에 없음 / 같은 외부 경로를 Middle-Proxy 가 직접 처리: /auth-user/api/aichat (Java-Service-Tree-Framework-Middle-Proxy/src/main/java/com/arms/api/aichat/controller/AiChatController.java) — Backend-Core 미존재는 맞으나 미사용 호출은 아님
인공 지능 Beta,FE→BE없음,프론트 호출,(없음),/auth-user/api/aichat/last-selection,POST,arms/js/aiChat.js,409,,백엔드 미존재,게이트웨이 변환 결과 내부경로 /aichat/last-selection 에 대응하는 Backend-Core 매핑 없음 / 대응 basePath 자체가 카탈로그에 없음 / 같은 외부 경로를 Middle-Proxy 가 직접 처리: /auth-user/api/aichat (Java-Service-Tree-Framework-Middle-Proxy/src/main/java/com/arms/api/aichat/controller/AiChatController.java) — Backend-Core 미존재는 맞으나 미사용 호출은 아님
인공 지능 Beta,FE→BE없음,프론트 호출,(없음),/auth-user/api/aichat/last-selection,DELETE,arms/js/aiChat.js,421,,백엔드 미존재,게이트웨이 변환 결과 내부경로 /aichat/last-selection 에 대응하는 Backend-Core 매핑 없음 / 대응 basePath 자체가 카탈로그에 없음 / 같은 외부 경로를 Middle-Proxy 가 직접 처리: /auth-user/api/aichat (Java-Service-Tree-Framework-Middle-Proxy/src/main/java/com/arms/api/aichat/controller/AiChatController.java) — Backend-Core 미존재는 맞으나 미사용 호출은 아님
인공 지능 Beta,FE→BE없음,프론트 호출,(없음),/auth-user/api/aichat/rooms,POST,arms/js/aiChat.js,794,,백엔드 미존재,게이트웨이 변환 결과 내부경로 /aichat/rooms 에 대응하는 Backend-Core 매핑 없음 / 대응 basePath 자체가 카탈로그에 없음 / 같은 외부 경로를 Middle-Proxy 가 직접 처리: /auth-user/api/aichat (Java-Service-Tree-Framework-Middle-Proxy/src/main/java/com/arms/api/aichat/controller/AiChatController.java) — Backend-Core 미존재는 맞으나 미사용 호출은 아님
인공 지능 Beta,FE→BE없음,프론트 호출,(없음),/auth-user/api/aichat/rooms,GET,arms/js/aiChat.js,985,,백엔드 미존재,게이트웨이 변환 결과 내부경로 /aichat/rooms 에 대응하는 Backend-Core 매핑 없음 / 대응 basePath 자체가 카탈로그에 없음 / 같은 외부 경로를 Middle-Proxy 가 직접 처리: /auth-user/api/aichat (Java-Service-Tree-Framework-Middle-Proxy/src/main/java/com/arms/api/aichat/controller/AiChatController.java) — Backend-Core 미존재는 맞으나 미사용 호출은 아님
인공 지능 Beta,FE→BE없음,프론트 호출,(없음),/auth-user/api/aichat/rooms/{capturedRoomId}/messages/last-assistant,PUT,arms/js/aiChat.js,1663,,백엔드 미존재,게이트웨이 변환 결과 내부경로 /aichat/rooms/{capturedRoomId}/messages/last-assistant 에 대응하는 Backend-Core 매핑 없음 / 대응 basePath 자체가 카탈로그에 없음 / 변수 세그먼트 포함 — 세그먼트 수·자리 기준 비교 / 같은 외부 경로를 Middle-Proxy 가 직접 처리: /auth-user/api/aichat (Java-Service-Tree-Framework-Middle-Proxy/src/main/java/com/arms/api/aichat/controller/AiChatController.java) — Backend-Core 미존재는 맞으나 미사용 호출은 아님
인공 지능 Beta,FE→BE없음,프론트 호출,(없음),/auth-user/api/aichat/rooms/{roomId},PATCH,arms/js/aiChat.js,428,,백엔드 미존재,게이트웨이 변환 결과 내부경로 /aichat/rooms/{roomId} 에 대응하는 Backend-Core 매핑 없음 / 대응 basePath 자체가 카탈로그에 없음 / 변수 세그먼트 포함 — 세그먼트 수·자리 기준 비교 / 같은 외부 경로를 Middle-Proxy 가 직접 처리: /auth-user/api/aichat (Java-Service-Tree-Framework-Middle-Proxy/src/main/java/com/arms/api/aichat/controller/AiChatController.java) — Backend-Core 미존재는 맞으나 미사용 호출은 아님
인공 지능 Beta,FE→BE없음,프론트 호출,(없음),/auth-user/api/aichat/rooms/{roomId},DELETE,arms/js/aiChat.js,1185,,백엔드 미존재,게이트웨이 변환 결과 내부경로 /aichat/rooms/{roomId} 에 대응하는 Backend-Core 매핑 없음 / 대응 basePath 자체가 카탈로그에 없음 / 변수 세그먼트 포함 — 세그먼트 수·자리 기준 비교 / 같은 외부 경로를 Middle-Proxy 가 직접 처리: /auth-user/api/aichat (Java-Service-Tree-Framework-Middle-Proxy/src/main/java/com/arms/api/aichat/controller/AiChatController.java) — Backend-Core 미존재는 맞으나 미사용 호출은 아님
인공 지능 Beta,FE→BE없음,프론트 호출,(없음),/auth-user/api/aichat/rooms/{roomId}/messages,POST,arms/js/aiChat.js,964,,백엔드 미존재,게이트웨이 변환 결과 내부경로 /aichat/rooms/{roomId}/messages 에 대응하는 Backend-Core 매핑 없음 / 대응 basePath 자체가 카탈로그에 없음 / 변수 세그먼트 포함 — 세그먼트 수·자리 기준 비교 / 같은 외부 경로를 Middle-Proxy 가 직접 처리: /auth-user/api/aichat (Java-Service-Tree-Framework-Middle-Proxy/src/main/java/com/arms/api/aichat/controller/AiChatController.java) — Backend-Core 미존재는 맞으나 미사용 호출은 아님
인공 지능 Beta,FE→BE없음,프론트 호출,(없음),/auth-user/api/aichat/rooms/{roomId}/messages,GET,arms/js/aiChat.js,1054,,백엔드 미존재,게이트웨이 변환 결과 내부경로 /aichat/rooms/{roomId}/messages 에 대응하는 Backend-Core 매핑 없음 / 대응 basePath 자체가 카탈로그에 없음 / 변수 세그먼트 포함 — 세그먼트 수·자리 기준 비교 / 같은 외부 경로를 Middle-Proxy 가 직접 처리: /auth-user/api/aichat (Java-Service-Tree-Framework-Middle-Proxy/src/main/java/com/arms/api/aichat/controller/AiChatController.java) — Backend-Core 미존재는 맞으나 미사용 호출은 아님
인공 지능 Beta,FE→BE없음,프론트 호출,(없음),/auth-user/api/aichat/rooms/{roomId}/rag-docs,GET,arms/js/aiChat.js,1400,,백엔드 미존재,게이트웨이 변환 결과 내부경로 /aichat/rooms/{roomId}/rag-docs 에 대응하는 Backend-Core 매핑 없음 / 대응 basePath 자체가 카탈로그에 없음 / 변수 세그먼트 포함 — 세그먼트 수·자리 기준 비교 / 같은 외부 경로를 Middle-Proxy 가 직접 처리: /auth-user/api/aichat (Java-Service-Tree-Framework-Middle-Proxy/src/main/java/com/arms/api/aichat/controller/AiChatController.java) — Backend-Core 미존재는 맞으나 미사용 호출은 아님
인공 지능 Beta,FE→BE없음,프론트 호출,(없음),/auth-user/api/aichat/rooms/{roomId}/rag-docs,POST,arms/js/aiChat.js,1436,,백엔드 미존재,게이트웨이 변환 결과 내부경로 /aichat/rooms/{roomId}/rag-docs 에 대응하는 Backend-Core 매핑 없음 / 대응 basePath 자체가 카탈로그에 없음 / 변수 세그먼트 포함 — 세그먼트 수·자리 기준 비교 / 같은 외부 경로를 Middle-Proxy 가 직접 처리: /auth-user/api/aichat (Java-Service-Tree-Framework-Middle-Proxy/src/main/java/com/arms/api/aichat/controller/AiChatController.java) — Backend-Core 미존재는 맞으나 미사용 호출은 아님
자원 분석 - Resource;공통 모듈,BE→호출없음,자체 선언,/admin/arms/analysis/resource/findAssigneeRequirementInvolvementData,(호출 없음),GET,,,ResourceController,프론트 호출 없음,Frontend-Web 에서 호출하는 곳 없음 / 같은 basePath(/admin/arms/analysis/resource) 를 호출하는 프론트 메뉴 2개 (호출 건수 순)
자원 분석 - Resource;공통 모듈,BE→호출없음,자체 선언,/admin/arms/analysis/resource/findAssigneeRequirementInvolvementDataDownload,(호출 없음),GET,,,ResourceController,프론트 호출 없음,Frontend-Web 에서 호출하는 곳 없음 / 같은 basePath(/admin/arms/analysis/resource) 를 호출하는 프론트 메뉴 2개 (호출 건수 순)
자원 분석 - Resource;공통 모듈,BE→호출없음,자체 선언,/admin/arms/analysis/resource/top-contributors/pie-expand,(호출 없음),GET,,,ResourceController,프론트 호출 없음,Frontend-Web 에서 호출하는 곳 없음 / 같은 basePath(/admin/arms/analysis/resource) 를 호출하는 프론트 메뉴 2개 (호출 건수 순)
제품 관리,FE→BE없음,프론트 호출,/arms/pdServiceDetail/uploadFileToNode.do,/auth-user/api/arms/pdServiceDetail/uploadFileToNode.do,GET,arms/js/pdService.js,482,PdServiceDetailController,메서드 불일치,"경로는 일치(exact), HTTP 메서드만 다름 — 백엔드 POST / 프론트 GET"
제품 관리;Dashboard (detail_total_pdservice),BE→호출없음,상속(TreeAbstractController),/arms/pdServiceDetail/addNode.do,(호출 없음),POST,,,PdServiceDetailController,프론트 호출 없음,Frontend-Web 에서 호출하는 곳 없음 / 같은 basePath(/arms/pdServiceDetail) 를 호출하는 프론트 메뉴 2개 (호출 건수 순) / 상속 전개 엔드포인트(inherited(TreeAbstractController))
제품 관리;Dashboard (detail_total_pdservice),BE→호출없음,상속(TreeAbstractController),/arms/pdServiceDetail/alterNode.do,(호출 없음),PUT,,,PdServiceDetailController,프론트 호출 없음,Frontend-Web 에서 호출하는 곳 없음 / 같은 basePath(/arms/pdServiceDetail) 를 호출하는 프론트 메뉴 2개 (호출 건수 순) / 상속 전개 엔드포인트(inherited(TreeAbstractController))
제품 관리;Dashboard (detail_total_pdservice),BE→호출없음,상속(TreeAbstractController),/arms/pdServiceDetail/alterNodeType.do,(호출 없음),PUT,,,PdServiceDetailController,프론트 호출 없음,Frontend-Web 에서 호출하는 곳 없음 / 같은 basePath(/arms/pdServiceDetail) 를 호출하는 프론트 메뉴 2개 (호출 건수 순) / 상속 전개 엔드포인트(inherited(TreeAbstractController))
제품 관리;Dashboard (detail_total_pdservice),BE→호출없음,상속(TreeAbstractController),/arms/pdServiceDetail/analyzeNode.do,(호출 없음),GET,,,PdServiceDetailController,프론트 호출 없음,Frontend-Web 에서 호출하는 곳 없음 / 같은 basePath(/arms/pdServiceDetail) 를 호출하는 프론트 메뉴 2개 (호출 건수 순) / 상속 전개 엔드포인트(inherited(TreeAbstractController))
제품 관리;Dashboard (detail_total_pdservice),BE→호출없음,자체 선언,/arms/pdServiceDetail/deleteFileNode.do/{fileId},(호출 없음),POST,,,PdServiceDetailController,프론트 호출 없음,Frontend-Web 에서 호출하는 곳 없음 / 같은 basePath(/arms/pdServiceDetail) 를 호출하는 프론트 메뉴 2개 (호출 건수 순) / 경로 변수 포함
제품 관리;Dashboard (detail_total_pdservice),BE→호출없음,상속(TreeAbstractController),/arms/pdServiceDetail/getChildNode.do,(호출 없음),GET,,,PdServiceDetailController,프론트 호출 없음,Frontend-Web 에서 호출하는 곳 없음 / 같은 basePath(/arms/pdServiceDetail) 를 호출하는 프론트 메뉴 2개 (호출 건수 순) / 상속 전개 엔드포인트(inherited(TreeAbstractController))
제품 관리;Dashboard (detail_total_pdservice),BE→호출없음,상속(TreeAbstractController),/arms/pdServiceDetail/getMonitor.do,(호출 없음),GET,,,PdServiceDetailController,프론트 호출 없음,Frontend-Web 에서 호출하는 곳 없음 / 같은 basePath(/arms/pdServiceDetail) 를 호출하는 프론트 메뉴 2개 (호출 건수 순) / 상속 전개 엔드포인트(inherited(TreeAbstractController))
제품 관리;Dashboard (detail_total_pdservice),BE→호출없음,상속(TreeAbstractController),/arms/pdServiceDetail/getNodesWithoutRoot.do,(호출 없음),GET,,,PdServiceDetailController,프론트 호출 없음,Frontend-Web 에서 호출하는 곳 없음 / 같은 basePath(/arms/pdServiceDetail) 를 호출하는 프론트 메뉴 2개 (호출 건수 순) / 상속 전개 엔드포인트(inherited(TreeAbstractController))
제품 관리;Dashboard (detail_total_pdservice),BE→호출없음,상속(TreeAbstractController),/arms/pdServiceDetail/getPaginatedChildNode.do,(호출 없음),GET,,,PdServiceDetailController,프론트 호출 없음,Frontend-Web 에서 호출하는 곳 없음 / 같은 basePath(/arms/pdServiceDetail) 를 호출하는 프론트 메뉴 2개 (호출 건수 순) / 상속 전개 엔드포인트(inherited(TreeAbstractController))
제품 관리;Dashboard (detail_total_pdservice),BE→호출없음,상속(TreeAbstractController),/arms/pdServiceDetail/moveNode.do,(호출 없음),POST,,,PdServiceDetailController,프론트 호출 없음,Frontend-Web 에서 호출하는 곳 없음 / 같은 basePath(/arms/pdServiceDetail) 를 호출하는 프론트 메뉴 2개 (호출 건수 순) / 상속 전개 엔드포인트(inherited(TreeAbstractController))
제품 관리;Dashboard (detail_total_pdservice),BE→호출없음,상속(TreeAbstractController),/arms/pdServiceDetail/removeNode.do,(호출 없음),DELETE,,,PdServiceDetailController,프론트 호출 없음,Frontend-Web 에서 호출하는 곳 없음 / 같은 basePath(/arms/pdServiceDetail) 를 호출하는 프론트 메뉴 2개 (호출 건수 순) / 상속 전개 엔드포인트(inherited(TreeAbstractController))
제품 관리;Dashboard (detail_total_pdservice),BE→호출없음,상속(TreeAbstractController),/arms/pdServiceDetail/searchNode.do,(호출 없음),GET,,,PdServiceDetailController,프론트 호출 없음,Frontend-Web 에서 호출하는 곳 없음 / 같은 basePath(/arms/pdServiceDetail) 를 호출하는 프론트 메뉴 2개 (호출 건수 순) / 상속 전개 엔드포인트(inherited(TreeAbstractController))
제품 관리;Dashboard (detail_total_pdservice),BE→호출없음,상속(TreeAbstractController),/arms/pdServiceDetail/send-message,(호출 없음),GET,,,PdServiceDetailController,프론트 호출 없음,Frontend-Web 에서 호출하는 곳 없음 / 같은 basePath(/arms/pdServiceDetail) 를 호출하는 프론트 메뉴 2개 (호출 건수 순) / 상속 전개 엔드포인트(inherited(TreeAbstractController))
제품 관리;Dashboard (detail_total_pdservice),BE→호출없음,자체 선언,/arms/pdServiceDetail/uploadFileToNode.do,(호출 없음),POST,,,PdServiceDetailController,프론트 호출 없음,Frontend-Web 에서 호출하는 곳 없음 / 같은 basePath(/arms/pdServiceDetail) 를 호출하는 프론트 메뉴 2개 (호출 건수 순)
"제품 관리;요구 관리 - Excel Upload;System Info;문서 관리;인공 지능 Beta;ARMS AI;비용 분석 - Cost;자원 분석 - Resource;범위 분석 - Scope;일정 분석 - Time;공통 모듈;Time, Scope, Resource;개인성과지표;KPI Dashboard;Dashboard (detail_total_pdservice);연결 관리;Dashboard (kpi);버전 관리;요구사항 등록;KPI > Personal Performance Indicators;Project Track Report;Performance Report;Req Trace Manage;SWOT Report;Report > Weekly;요구 관리;간트 차트 - Gantt;칸반 보드 - Kanban;현황 관리 - List;현황 관리 - Calendar",BE→호출없음,상속(TreeAbstractController),/arms/pdServicePure/addNode.do,(호출 없음),POST,,,PdServicePureController,프론트 호출 없음,Frontend-Web 에서 호출하는 곳 없음 / 같은 basePath(/arms/pdServicePure) 를 호출하는 프론트 메뉴 30개 (호출 건수 순) / 상속 전개 엔드포인트(inherited(TreeAbstractController))
"제품 관리;요구 관리 - Excel Upload;System Info;문서 관리;인공 지능 Beta;ARMS AI;비용 분석 - Cost;자원 분석 - Resource;범위 분석 - Scope;일정 분석 - Time;공통 모듈;Time, Scope, Resource;개인성과지표;KPI Dashboard;Dashboard (detail_total_pdservice);연결 관리;Dashboard (kpi);버전 관리;요구사항 등록;KPI > Personal Performance Indicators;Project Track Report;Performance Report;Req Trace Manage;SWOT Report;Report > Weekly;요구 관리;간트 차트 - Gantt;칸반 보드 - Kanban;현황 관리 - List;현황 관리 - Calendar",BE→호출없음,상속(TreeAbstractController),/arms/pdServicePure/alterNode.do,(호출 없음),PUT,,,PdServicePureController,프론트 호출 없음,Frontend-Web 에서 호출하는 곳 없음 / 같은 basePath(/arms/pdServicePure) 를 호출하는 프론트 메뉴 30개 (호출 건수 순) / 상속 전개 엔드포인트(inherited(TreeAbstractController))
"제품 관리;요구 관리 - Excel Upload;System Info;문서 관리;인공 지능 Beta;ARMS AI;비용 분석 - Cost;자원 분석 - Resource;범위 분석 - Scope;일정 분석 - Time;공통 모듈;Time, Scope, Resource;개인성과지표;KPI Dashboard;Dashboard (detail_total_pdservice);연결 관리;Dashboard (kpi);버전 관리;요구사항 등록;KPI > Personal Performance Indicators;Project Track Report;Performance Report;Req Trace Manage;SWOT Report;Report > Weekly;요구 관리;간트 차트 - Gantt;칸반 보드 - Kanban;현황 관리 - List;현황 관리 - Calendar",BE→호출없음,상속(TreeAbstractController),/arms/pdServicePure/alterNodeType.do,(호출 없음),PUT,,,PdServicePureController,프론트 호출 없음,Frontend-Web 에서 호출하는 곳 없음 / 같은 basePath(/arms/pdServicePure) 를 호출하는 프론트 메뉴 30개 (호출 건수 순) / 상속 전개 엔드포인트(inherited(TreeAbstractController))
"제품 관리;요구 관리 - Excel Upload;System Info;문서 관리;인공 지능 Beta;ARMS AI;비용 분석 - Cost;자원 분석 - Resource;범위 분석 - Scope;일정 분석 - Time;공통 모듈;Time, Scope, Resource;개인성과지표;KPI Dashboard;Dashboard (detail_total_pdservice);연결 관리;Dashboard (kpi);버전 관리;요구사항 등록;KPI > Personal Performance Indicators;Project Track Report;Performance Report;Req Trace Manage;SWOT Report;Report > Weekly;요구 관리;간트 차트 - Gantt;칸반 보드 - Kanban;현황 관리 - List;현황 관리 - Calendar",BE→호출없음,상속(TreeAbstractController),/arms/pdServicePure/analyzeNode.do,(호출 없음),GET,,,PdServicePureController,프론트 호출 없음,Frontend-Web 에서 호출하는 곳 없음 / 같은 basePath(/arms/pdServicePure) 를 호출하는 프론트 메뉴 30개 (호출 건수 순) / 상속 전개 엔드포인트(inherited(TreeAbstractController))
"제품 관리;요구 관리 - Excel Upload;System Info;문서 관리;인공 지능 Beta;ARMS AI;비용 분석 - Cost;자원 분석 - Resource;범위 분석 - Scope;일정 분석 - Time;공통 모듈;Time, Scope, Resource;개인성과지표;KPI Dashboard;Dashboard (detail_total_pdservice);연결 관리;Dashboard (kpi);버전 관리;요구사항 등록;KPI > Personal Performance Indicators;Project Track Report;Performance Report;Req Trace Manage;SWOT Report;Report > Weekly;요구 관리;간트 차트 - Gantt;칸반 보드 - Kanban;현황 관리 - List;현황 관리 - Calendar",BE→호출없음,자체 선언,/arms/pdServicePure/get-test-a,(호출 없음),GET,,,PdServicePureController,프론트 호출 없음,Frontend-Web 에서 호출하는 곳 없음 / 같은 basePath(/arms/pdServicePure) 를 호출하는 프론트 메뉴 30개 (호출 건수 순)
"제품 관리;요구 관리 - Excel Upload;System Info;문서 관리;인공 지능 Beta;ARMS AI;비용 분석 - Cost;자원 분석 - Resource;범위 분석 - Scope;일정 분석 - Time;공통 모듈;Time, Scope, Resource;개인성과지표;KPI Dashboard;Dashboard (detail_total_pdservice);연결 관리;Dashboard (kpi);버전 관리;요구사항 등록;KPI > Personal Performance Indicators;Project Track Report;Performance Report;Req Trace Manage;SWOT Report;Report > Weekly;요구 관리;간트 차트 - Gantt;칸반 보드 - Kanban;현황 관리 - List;현황 관리 - Calendar",BE→호출없음,상속(TreeAbstractController),/arms/pdServicePure/getChildNode.do,(호출 없음),GET,,,PdServicePureController,프론트 호출 없음,Frontend-Web 에서 호출하는 곳 없음 / 같은 basePath(/arms/pdServicePure) 를 호출하는 프론트 메뉴 30개 (호출 건수 순) / 상속 전개 엔드포인트(inherited(TreeAbstractController))
"제품 관리;요구 관리 - Excel Upload;System Info;문서 관리;인공 지능 Beta;ARMS AI;비용 분석 - Cost;자원 분석 - Resource;범위 분석 - Scope;일정 분석 - Time;공통 모듈;Time, Scope, Resource;개인성과지표;KPI Dashboard;Dashboard (detail_total_pdservice);연결 관리;Dashboard (kpi);버전 관리;요구사항 등록;KPI > Personal Performance Indicators;Project Track Report;Performance Report;Req Trace Manage;SWOT Report;Report > Weekly;요구 관리;간트 차트 - Gantt;칸반 보드 - Kanban;현황 관리 - List;현황 관리 - Calendar",BE→호출없음,상속(TreeAbstractController),/arms/pdServicePure/getMonitor.do,(호출 없음),GET,,,PdServicePureController,프론트 호출 없음,Frontend-Web 에서 호출하는 곳 없음 / 같은 basePath(/arms/pdServicePure) 를 호출하는 프론트 메뉴 30개 (호출 건수 순) / 상속 전개 엔드포인트(inherited(TreeAbstractController))
"제품 관리;요구 관리 - Excel Upload;System Info;문서 관리;인공 지능 Beta;ARMS AI;비용 분석 - Cost;자원 분석 - Resource;범위 분석 - Scope;일정 분석 - Time;공통 모듈;Time, Scope, Resource;개인성과지표;KPI Dashboard;Dashboard (detail_total_pdservice);연결 관리;Dashboard (kpi);버전 관리;요구사항 등록;KPI > Personal Performance Indicators;Project Track Report;Performance Report;Req Trace Manage;SWOT Report;Report > Weekly;요구 관리;간트 차트 - Gantt;칸반 보드 - Kanban;현황 관리 - List;현황 관리 - Calendar",BE→호출없음,상속(TreeAbstractController),/arms/pdServicePure/getNodesWithoutRoot.do,(호출 없음),GET,,,PdServicePureController,프론트 호출 없음,Frontend-Web 에서 호출하는 곳 없음 / 같은 basePath(/arms/pdServicePure) 를 호출하는 프론트 메뉴 30개 (호출 건수 순) / 상속 전개 엔드포인트(inherited(TreeAbstractController))
"제품 관리;요구 관리 - Excel Upload;System Info;문서 관리;인공 지능 Beta;ARMS AI;비용 분석 - Cost;자원 분석 - Resource;범위 분석 - Scope;일정 분석 - Time;공통 모듈;Time, Scope, Resource;개인성과지표;KPI Dashboard;Dashboard (detail_total_pdservice);연결 관리;Dashboard (kpi);버전 관리;요구사항 등록;KPI > Personal Performance Indicators;Project Track Report;Performance Report;Req Trace Manage;SWOT Report;Report > Weekly;요구 관리;간트 차트 - Gantt;칸반 보드 - Kanban;현황 관리 - List;현황 관리 - Calendar",BE→호출없음,상속(TreeAbstractController),/arms/pdServicePure/getPaginatedChildNode.do,(호출 없음),GET,,,PdServicePureController,프론트 호출 없음,Frontend-Web 에서 호출하는 곳 없음 / 같은 basePath(/arms/pdServicePure) 를 호출하는 프론트 메뉴 30개 (호출 건수 순) / 상속 전개 엔드포인트(inherited(TreeAbstractController))
"제품 관리;요구 관리 - Excel Upload;System Info;문서 관리;인공 지능 Beta;ARMS AI;비용 분석 - Cost;자원 분석 - Resource;범위 분석 - Scope;일정 분석 - Time;공통 모듈;Time, Scope, Resource;개인성과지표;KPI Dashboard;Dashboard (detail_total_pdservice);연결 관리;Dashboard (kpi);버전 관리;요구사항 등록;KPI > Personal Performance Indicators;Project Track Report;Performance Report;Req Trace Manage;SWOT Report;Report > Weekly;요구 관리;간트 차트 - Gantt;칸반 보드 - Kanban;현황 관리 - List;현황 관리 - Calendar",BE→호출없음,상속(TreeAbstractController),/arms/pdServicePure/moveNode.do,(호출 없음),POST,,,PdServicePureController,프론트 호출 없음,Frontend-Web 에서 호출하는 곳 없음 / 같은 basePath(/arms/pdServicePure) 를 호출하는 프론트 메뉴 30개 (호출 건수 순) / 상속 전개 엔드포인트(inherited(TreeAbstractController))
"제품 관리;요구 관리 - Excel Upload;System Info;문서 관리;인공 지능 Beta;ARMS AI;비용 분석 - Cost;자원 분석 - Resource;범위 분석 - Scope;일정 분석 - Time;공통 모듈;Time, Scope, Resource;개인성과지표;KPI Dashboard;Dashboard (detail_total_pdservice);연결 관리;Dashboard (kpi);버전 관리;요구사항 등록;KPI > Personal Performance Indicators;Project Track Report;Performance Report;Req Trace Manage;SWOT Report;Report > Weekly;요구 관리;간트 차트 - Gantt;칸반 보드 - Kanban;현황 관리 - List;현황 관리 - Calendar",BE→호출없음,자체 선언,/arms/pdServicePure/post-test-a,(호출 없음),POST,,,PdServicePureController,프론트 호출 없음,Frontend-Web 에서 호출하는 곳 없음 / 같은 basePath(/arms/pdServicePure) 를 호출하는 프론트 메뉴 30개 (호출 건수 순)
"제품 관리;요구 관리 - Excel Upload;System Info;문서 관리;인공 지능 Beta;ARMS AI;비용 분석 - Cost;자원 분석 - Resource;범위 분석 - Scope;일정 분석 - Time;공통 모듈;Time, Scope, Resource;개인성과지표;KPI Dashboard;Dashboard (detail_total_pdservice);연결 관리;Dashboard (kpi);버전 관리;요구사항 등록;KPI > Personal Performance Indicators;Project Track Report;Performance Report;Req Trace Manage;SWOT Report;Report > Weekly;요구 관리;간트 차트 - Gantt;칸반 보드 - Kanban;현황 관리 - List;현황 관리 - Calendar",BE→호출없음,상속(TreeAbstractController),/arms/pdServicePure/removeNode.do,(호출 없음),DELETE,,,PdServicePureController,프론트 호출 없음,Frontend-Web 에서 호출하는 곳 없음 / 같은 basePath(/arms/pdServicePure) 를 호출하는 프론트 메뉴 30개 (호출 건수 순) / 상속 전개 엔드포인트(inherited(TreeAbstractController))
"제품 관리;요구 관리 - Excel Upload;System Info;문서 관리;인공 지능 Beta;ARMS AI;비용 분석 - Cost;자원 분석 - Resource;범위 분석 - Scope;일정 분석 - Time;공통 모듈;Time, Scope, Resource;개인성과지표;KPI Dashboard;Dashboard (detail_total_pdservice);연결 관리;Dashboard (kpi);버전 관리;요구사항 등록;KPI > Personal Performance Indicators;Project Track Report;Performance Report;Req Trace Manage;SWOT Report;Report > Weekly;요구 관리;간트 차트 - Gantt;칸반 보드 - Kanban;현황 관리 - List;현황 관리 - Calendar",BE→호출없음,상속(TreeAbstractController),/arms/pdServicePure/searchNode.do,(호출 없음),GET,,,PdServicePureController,프론트 호출 없음,Frontend-Web 에서 호출하는 곳 없음 / 같은 basePath(/arms/pdServicePure) 를 호출하는 프론트 메뉴 30개 (호출 건수 순) / 상속 전개 엔드포인트(inherited(TreeAbstractController))
"제품 관리;요구 관리 - Excel Upload;System Info;문서 관리;인공 지능 Beta;ARMS AI;비용 분석 - Cost;자원 분석 - Resource;범위 분석 - Scope;일정 분석 - Time;공통 모듈;Time, Scope, Resource;개인성과지표;KPI Dashboard;Dashboard (detail_total_pdservice);연결 관리;Dashboard (kpi);버전 관리;요구사항 등록;KPI > Personal Performance Indicators;Project Track Report;Performance Report;Req Trace Manage;SWOT Report;Report > Weekly;요구 관리;간트 차트 - Gantt;칸반 보드 - Kanban;현황 관리 - List;현황 관리 - Calendar",BE→호출없음,상속(TreeAbstractController),/arms/pdServicePure/send-message,(호출 없음),GET,,,PdServicePureController,프론트 호출 없음,Frontend-Web 에서 호출하는 곳 없음 / 같은 basePath(/arms/pdServicePure) 를 호출하는 프론트 메뉴 30개 (호출 건수 순) / 상속 전개 엔드포인트(inherited(TreeAbstractController))
"제품 관리;요구 관리 - Excel Upload;System Info;문서 관리;인공 지능 Beta;ARMS AI;비용 분석 - Cost;자원 분석 - Resource;범위 분석 - Scope;일정 분석 - Time;공통 모듈;Time, Scope, Resource;개인성과지표;KPI Dashboard;Dashboard (detail_total_pdservice);연결 관리;Dashboard (kpi);버전 관리;요구사항 등록;KPI > Personal Performance Indicators;Project Track Report;Performance Report;Req Trace Manage;SWOT Report;Report > Weekly;요구 관리;간트 차트 - Gantt;칸반 보드 - Kanban;현황 관리 - List;현황 관리 - Calendar",BE→호출없음,상속(TreeAbstractController),/arms/pdServicePure/updateNode.do,(호출 없음),PUT,,,PdServicePureController,프론트 호출 없음,Frontend-Web 에서 호출하는 곳 없음 / 같은 basePath(/arms/pdServicePure) 를 호출하는 프론트 메뉴 30개 (호출 건수 순) / 상속 전개 엔드포인트(inherited(TreeAbstractController))
칸반 보드 - Kanban,FE→BE없음,프론트 호출,(없음),/auth-user/api/arms/reqAdd/sync/T_ARMS_REQADD_{selectedPdServiceId}/updateDataBase.do,POST,arms/js/reqKanban.js,359,,백엔드 미존재,게이트웨이 변환 결과 내부경로 /arms/reqAdd/sync/T_ARMS_REQADD_{selectedPdServiceId}/updateDataBase.do 에 대응하는 Backend-Core 매핑 없음 / basePath /arms/reqAdd 는 존재 — 그 하위 경로만 미존재 / 변수 세그먼트 포함 — 세그먼트 수·자리 기준 비교 / 같은 외부 경로를 Middle-Proxy 가 직접 처리: /auth-user/api/arms/reqAdd/sync (Java-Service-Tree-Framework-Middle-Proxy/src/main/java/com/arms/api/kafka/reqadd/controller/ReqAddProxyControllerSync.java) — Backend-Core 미존재는 맞으나 미사용 호출은 아님
현황 관리 - Calendar,BE→호출없음,상속(TreeAbstractController),/arms/jiraProjectPure/addNode.do,(호출 없음),POST,,,JiraProjectPureController,프론트 호출 없음,Frontend-Web 에서 호출하는 곳 없음 / 같은 basePath(/arms/jiraProjectPure) 를 호출하는 프론트 메뉴 1개 (호출 건수 순) / 상속 전개 엔드포인트(inherited(TreeAbstractController))
현황 관리 - Calendar,BE→호출없음,상속(TreeAbstractController),/arms/jiraProjectPure/alterNode.do,(호출 없음),PUT,,,JiraProjectPureController,프론트 호출 없음,Frontend-Web 에서 호출하는 곳 없음 / 같은 basePath(/arms/jiraProjectPure) 를 호출하는 프론트 메뉴 1개 (호출 건수 순) / 상속 전개 엔드포인트(inherited(TreeAbstractController))
현황 관리 - Calendar,BE→호출없음,상속(TreeAbstractController),/arms/jiraProjectPure/alterNodeType.do,(호출 없음),PUT,,,JiraProjectPureController,프론트 호출 없음,Frontend-Web 에서 호출하는 곳 없음 / 같은 basePath(/arms/jiraProjectPure) 를 호출하는 프론트 메뉴 1개 (호출 건수 순) / 상속 전개 엔드포인트(inherited(TreeAbstractController))
현황 관리 - Calendar,BE→호출없음,상속(TreeAbstractController),/arms/jiraProjectPure/analyzeNode.do,(호출 없음),GET,,,JiraProjectPureController,프론트 호출 없음,Frontend-Web 에서 호출하는 곳 없음 / 같은 basePath(/arms/jiraProjectPure) 를 호출하는 프론트 메뉴 1개 (호출 건수 순) / 상속 전개 엔드포인트(inherited(TreeAbstractController))
현황 관리 - Calendar,BE→호출없음,상속(TreeAbstractController),/arms/jiraProjectPure/getChildNode.do,(호출 없음),GET,,,JiraProjectPureController,프론트 호출 없음,Frontend-Web 에서 호출하는 곳 없음 / 같은 basePath(/arms/jiraProjectPure) 를 호출하는 프론트 메뉴 1개 (호출 건수 순) / 상속 전개 엔드포인트(inherited(TreeAbstractController))
현황 관리 - Calendar,BE→호출없음,상속(TreeAbstractController),/arms/jiraProjectPure/getMonitor.do,(호출 없음),GET,,,JiraProjectPureController,프론트 호출 없음,Frontend-Web 에서 호출하는 곳 없음 / 같은 basePath(/arms/jiraProjectPure) 를 호출하는 프론트 메뉴 1개 (호출 건수 순) / 상속 전개 엔드포인트(inherited(TreeAbstractController))
현황 관리 - Calendar,BE→호출없음,상속(TreeAbstractController),/arms/jiraProjectPure/getNode.do,(호출 없음),GET,,,JiraProjectPureController,프론트 호출 없음,Frontend-Web 에서 호출하는 곳 없음 / 같은 basePath(/arms/jiraProjectPure) 를 호출하는 프론트 메뉴 1개 (호출 건수 순) / 상속 전개 엔드포인트(inherited(TreeAbstractController))
현황 관리 - Calendar,BE→호출없음,상속(TreeAbstractController),/arms/jiraProjectPure/getNodesWithoutRoot.do,(호출 없음),GET,,,JiraProjectPureController,프론트 호출 없음,Frontend-Web 에서 호출하는 곳 없음 / 같은 basePath(/arms/jiraProjectPure) 를 호출하는 프론트 메뉴 1개 (호출 건수 순) / 상속 전개 엔드포인트(inherited(TreeAbstractController))
현황 관리 - Calendar,BE→호출없음,상속(TreeAbstractController),/arms/jiraProjectPure/getPaginatedChildNode.do,(호출 없음),GET,,,JiraProjectPureController,프론트 호출 없음,Frontend-Web 에서 호출하는 곳 없음 / 같은 basePath(/arms/jiraProjectPure) 를 호출하는 프론트 메뉴 1개 (호출 건수 순) / 상속 전개 엔드포인트(inherited(TreeAbstractController))
현황 관리 - Calendar,BE→호출없음,상속(TreeAbstractController),/arms/jiraProjectPure/moveNode.do,(호출 없음),POST,,,JiraProjectPureController,프론트 호출 없음,Frontend-Web 에서 호출하는 곳 없음 / 같은 basePath(/arms/jiraProjectPure) 를 호출하는 프론트 메뉴 1개 (호출 건수 순) / 상속 전개 엔드포인트(inherited(TreeAbstractController))
현황 관리 - Calendar,BE→호출없음,상속(TreeAbstractController),/arms/jiraProjectPure/removeNode.do,(호출 없음),DELETE,,,JiraProjectPureController,프론트 호출 없음,Frontend-Web 에서 호출하는 곳 없음 / 같은 basePath(/arms/jiraProjectPure) 를 호출하는 프론트 메뉴 1개 (호출 건수 순) / 상속 전개 엔드포인트(inherited(TreeAbstractController))
현황 관리 - Calendar,BE→호출없음,상속(TreeAbstractController),/arms/jiraProjectPure/searchNode.do,(호출 없음),GET,,,JiraProjectPureController,프론트 호출 없음,Frontend-Web 에서 호출하는 곳 없음 / 같은 basePath(/arms/jiraProjectPure) 를 호출하는 프론트 메뉴 1개 (호출 건수 순) / 상속 전개 엔드포인트(inherited(TreeAbstractController))
현황 관리 - Calendar,BE→호출없음,상속(TreeAbstractController),/arms/jiraProjectPure/send-message,(호출 없음),GET,,,JiraProjectPureController,프론트 호출 없음,Frontend-Web 에서 호출하는 곳 없음 / 같은 basePath(/arms/jiraProjectPure) 를 호출하는 프론트 메뉴 1개 (호출 건수 순) / 상속 전개 엔드포인트(inherited(TreeAbstractController))
현황 관리 - Calendar,BE→호출없음,상속(TreeAbstractController),/arms/jiraProjectPure/updateNode.do,(호출 없음),PUT,,,JiraProjectPureController,프론트 호출 없음,Frontend-Web 에서 호출하는 곳 없음 / 같은 basePath(/arms/jiraProjectPure) 를 호출하는 프론트 메뉴 1개 (호출 건수 순) / 상속 전개 엔드포인트(inherited(TreeAbstractController))
현황 관리 - List,BE→호출없음,상속(TreeAbstractController),/arms/reqStatus/addNode.do,(호출 없음),POST,,,ReqStatusController,프론트 호출 없음,Frontend-Web 에서 호출하는 곳 없음 / 같은 basePath(/arms/reqStatus) 를 호출하는 프론트 메뉴 1개 (호출 건수 순) / 상속 전개 엔드포인트(inherited(TreeAbstractController))
현황 관리 - List,BE→호출없음,상속(TreeAbstractController),/arms/reqStatus/alterNode.do,(호출 없음),PUT,,,ReqStatusController,프론트 호출 없음,Frontend-Web 에서 호출하는 곳 없음 / 같은 basePath(/arms/reqStatus) 를 호출하는 프론트 메뉴 1개 (호출 건수 순) / 상속 전개 엔드포인트(inherited(TreeAbstractController))
현황 관리 - List,BE→호출없음,상속(TreeAbstractController),/arms/reqStatus/alterNodeType.do,(호출 없음),PUT,,,ReqStatusController,프론트 호출 없음,Frontend-Web 에서 호출하는 곳 없음 / 같은 basePath(/arms/reqStatus) 를 호출하는 프론트 메뉴 1개 (호출 건수 순) / 상속 전개 엔드포인트(inherited(TreeAbstractController))
현황 관리 - List,BE→호출없음,상속(TreeAbstractController),/arms/reqStatus/analyzeNode.do,(호출 없음),GET,,,ReqStatusController,프론트 호출 없음,Frontend-Web 에서 호출하는 곳 없음 / 같은 basePath(/arms/reqStatus) 를 호출하는 프론트 메뉴 1개 (호출 건수 순) / 상속 전개 엔드포인트(inherited(TreeAbstractController))
현황 관리 - List,BE→호출없음,상속(TreeAbstractController),/arms/reqStatus/getChildNode.do,(호출 없음),GET,,,ReqStatusController,프론트 호출 없음,Frontend-Web 에서 호출하는 곳 없음 / 같은 basePath(/arms/reqStatus) 를 호출하는 프론트 메뉴 1개 (호출 건수 순) / 상속 전개 엔드포인트(inherited(TreeAbstractController))
현황 관리 - List,BE→호출없음,상속(TreeAbstractController),/arms/reqStatus/getMonitor.do,(호출 없음),GET,,,ReqStatusController,프론트 호출 없음,Frontend-Web 에서 호출하는 곳 없음 / 같은 basePath(/arms/reqStatus) 를 호출하는 프론트 메뉴 1개 (호출 건수 순) / 상속 전개 엔드포인트(inherited(TreeAbstractController))
현황 관리 - List,BE→호출없음,상속(TreeAbstractController),/arms/reqStatus/getNode.do,(호출 없음),GET,,,ReqStatusController,프론트 호출 없음,Frontend-Web 에서 호출하는 곳 없음 / 같은 basePath(/arms/reqStatus) 를 호출하는 프론트 메뉴 1개 (호출 건수 순) / 상속 전개 엔드포인트(inherited(TreeAbstractController))
현황 관리 - List,BE→호출없음,상속(TreeAbstractController),/arms/reqStatus/getNodesWithoutRoot.do,(호출 없음),GET,,,ReqStatusController,프론트 호출 없음,Frontend-Web 에서 호출하는 곳 없음 / 같은 basePath(/arms/reqStatus) 를 호출하는 프론트 메뉴 1개 (호출 건수 순) / 상속 전개 엔드포인트(inherited(TreeAbstractController))
현황 관리 - List,BE→호출없음,상속(TreeAbstractController),/arms/reqStatus/getPaginatedChildNode.do,(호출 없음),GET,,,ReqStatusController,프론트 호출 없음,Frontend-Web 에서 호출하는 곳 없음 / 같은 basePath(/arms/reqStatus) 를 호출하는 프론트 메뉴 1개 (호출 건수 순) / 상속 전개 엔드포인트(inherited(TreeAbstractController))
현황 관리 - List,BE→호출없음,자체 선언,/arms/reqStatus/issue-list-by-updated-2nd,(호출 없음),GET,,,ReqStatusController,프론트 호출 없음,Frontend-Web 에서 호출하는 곳 없음 / 같은 basePath(/arms/reqStatus) 를 호출하는 프론트 메뉴 1개 (호출 건수 순)
현황 관리 - List,BE→호출없음,상속(TreeAbstractController),/arms/reqStatus/moveNode.do,(호출 없음),POST,,,ReqStatusController,프론트 호출 없음,Frontend-Web 에서 호출하는 곳 없음 / 같은 basePath(/arms/reqStatus) 를 호출하는 프론트 메뉴 1개 (호출 건수 순) / 상속 전개 엔드포인트(inherited(TreeAbstractController))
현황 관리 - List,BE→호출없음,상속(TreeAbstractController),/arms/reqStatus/removeNode.do,(호출 없음),DELETE,,,ReqStatusController,프론트 호출 없음,Frontend-Web 에서 호출하는 곳 없음 / 같은 basePath(/arms/reqStatus) 를 호출하는 프론트 메뉴 1개 (호출 건수 순) / 상속 전개 엔드포인트(inherited(TreeAbstractController))
현황 관리 - List,BE→호출없음,상속(TreeAbstractController),/arms/reqStatus/searchNode.do,(호출 없음),GET,,,ReqStatusController,프론트 호출 없음,Frontend-Web 에서 호출하는 곳 없음 / 같은 basePath(/arms/reqStatus) 를 호출하는 프론트 메뉴 1개 (호출 건수 순) / 상속 전개 엔드포인트(inherited(TreeAbstractController))
현황 관리 - List,BE→호출없음,상속(TreeAbstractController),/arms/reqStatus/send-message,(호출 없음),GET,,,ReqStatusController,프론트 호출 없음,Frontend-Web 에서 호출하는 곳 없음 / 같은 basePath(/arms/reqStatus) 를 호출하는 프론트 메뉴 1개 (호출 건수 순) / 상속 전개 엔드포인트(inherited(TreeAbstractController))
현황 관리 - List,BE→호출없음,상속(TreeAbstractController),/arms/reqStatus/updateNode.do,(호출 없음),PUT,,,ReqStatusController,프론트 호출 없음,Frontend-Web 에서 호출하는 곳 없음 / 같은 basePath(/arms/reqStatus) 를 호출하는 프론트 메뉴 1개 (호출 건수 순) / 상속 전개 엔드포인트(inherited(TreeAbstractController))
현황 관리 - List,BE→호출없음,자체 선언,/arms/reqStatus/{changeReqTableName}/addStatusNode.do,(호출 없음),POST,,,ReqStatusController,프론트 호출 없음,Frontend-Web 에서 호출하는 곳 없음 / 같은 basePath(/arms/reqStatus) 를 호출하는 프론트 메뉴 1개 (호출 건수 순) / 경로 변수 포함
현황 관리 - List,BE→호출없음,자체 선언,/arms/reqStatus/{changeReqTableName}/getPdRelatedReqStats.do,(호출 없음),GET,,,ReqStatusController,프론트 호출 없음,Frontend-Web 에서 호출하는 곳 없음 / 같은 basePath(/arms/reqStatus) 를 호출하는 프론트 메뉴 1개 (호출 건수 순) / 경로 변수 포함
현황 관리 - List,BE→호출없음,자체 선언,/arms/reqStatus/{changeReqTableName}/getPdReqStats.do,(호출 없음),GET,,,ReqStatusController,프론트 호출 없음,Frontend-Web 에서 호출하는 곳 없음 / 같은 basePath(/arms/reqStatus) 를 호출하는 프론트 메뉴 1개 (호출 건수 순) / 경로 변수 포함
현황 관리 - List,BE→호출없음,자체 선언,/arms/reqStatus/{changeReqTableName}/getReqStatusListByCReqLink.do,(호출 없음),GET,,,ReqStatusController,프론트 호출 없음,Frontend-Web 에서 호출하는 곳 없음 / 같은 basePath(/arms/reqStatus) 를 호출하는 프론트 메뉴 1개 (호출 건수 순) / 경로 변수 포함
현황 관리 - List,BE→호출없음,자체 선언,/arms/reqStatus/{changeReqTableName}/getStatusMonitor.do,(호출 없음),GET,,,ReqStatusController,프론트 호출 없음,Frontend-Web 에서 호출하는 곳 없음 / 같은 basePath(/arms/reqStatus) 를 호출하는 프론트 메뉴 1개 (호출 건수 순) / 경로 변수 포함
현황 관리 - List,BE→호출없음,자체 선언,/arms/reqStatus/{changeReqTableName}/getStatusNode.do,(호출 없음),GET,,,ReqStatusController,프론트 호출 없음,Frontend-Web 에서 호출하는 곳 없음 / 같은 basePath(/arms/reqStatus) 를 호출하는 프론트 메뉴 1개 (호출 건수 순) / 경로 변수 포함
현황 관리 - List,BE→호출없음,자체 선언,/arms/reqStatus/{changeReqTableName}/removeNode.do,(호출 없음),DELETE,,,ReqStatusController,프론트 호출 없음,Frontend-Web 에서 호출하는 곳 없음 / 같은 basePath(/arms/reqStatus) 를 호출하는 프론트 메뉴 1개 (호출 건수 순) / 경로 변수 포함
현황 관리 - List,BE→호출없음,자체 선언,/arms/reqStatus/{changeReqTableName}/reqStatusCheckAfterAlmProcess.do,(호출 없음),POST,,,ReqStatusController,프론트 호출 없음,Frontend-Web 에서 호출하는 곳 없음 / 같은 basePath(/arms/reqStatus) 를 호출하는 프론트 메뉴 1개 (호출 건수 순) / 경로 변수 포함
현황 관리 - List,BE→호출없음,자체 선언,/arms/reqStatus/{changeReqTableName}/updateStatusNode.do,(호출 없음),PUT,,,ReqStatusController,프론트 호출 없음,Frontend-Web 에서 호출하는 곳 없음 / 같은 basePath(/arms/reqStatus) 를 호출하는 프론트 메뉴 1개 (호출 건수 순) / 경로 변수 포함
