no,kind,provider,controllerClass,package,endpoint,httpMethod,path,basePath,javaMethod,sourceFile,line,inheritedByCount,inheritedBy,note
1,own,자체 선언,AdminPatchController,com.arms.api.patchnote.controller,POST /arms/patchnote/addPatchnote.do,POST,/arms/patchnote/addPatchnote.do,/arms/patchnote,addPatchnote,com/arms/api/patchnote/controller/AdminPatchController.java,30,,,
2,own,자체 선언,AdminPatchController,com.arms.api.patchnote.controller,PUT /arms/patchnote/updatePatchnote.do,PUT,/arms/patchnote/updatePatchnote.do,/arms/patchnote,updatePatchnote,com/arms/api/patchnote/controller/AdminPatchController.java,36,,,
3,own,자체 선언,AlarmController,com.arms.api.dwralarm.controller,POST /arms/alarm/excel-upload-complete,POST,/arms/alarm/excel-upload-complete,/arms/alarm,excelUploadComplete,com/arms/api/dwralarm/controller/AlarmController.java,59,,,
4,own,자체 선언,AlarmController,com.arms.api.dwralarm.controller,POST /arms/alarm/gantt-excel-upload-refresh,POST,/arms/alarm/gantt-excel-upload-refresh,/arms/alarm,ganttExcelUploadRefresh,com/arms/api/dwralarm/controller/AlarmController.java,53,,,
5,own,자체 선언,AlarmController,com.arms.api.dwralarm.controller,POST /arms/alarm/req-def-row-status,POST,/arms/alarm/req-def-row-status,/arms/alarm,reqDefRowStatus,com/arms/api/dwralarm/controller/AlarmController.java,65,,,
6,own,자체 선언,AlarmController,com.arms.api.dwralarm.controller,POST /arms/alarm/send-message,POST,/arms/alarm/send-message,/arms/alarm,sendMessage,com/arms/api/dwralarm/controller/AlarmController.java,37,,,
7,own,자체 선언,AlarmController,com.arms.api.dwralarm.controller,POST /arms/alarm/send-message/server,POST,/arms/alarm/send-message/server,/arms/alarm,sendMessageByServer,com/arms/api/dwralarm/controller/AlarmController.java,47,,,
8,own,자체 선언,AlarmController,com.arms.api.dwralarm.controller,POST /arms/alarm/wbs-row-status,POST,/arms/alarm/wbs-row-status,/arms/alarm,wbsRowStatus,com/arms/api/dwralarm/controller/AlarmController.java,74,,,
9,own,자체 선언,BlogController,com.arms.api.blog.controller,POST /anonymous/arms/blog/addBlog.do,POST,/anonymous/arms/blog/addBlog.do,/anonymous/arms/blog,addBlog,com/arms/api/blog/controller/BlogController.java,50,,,
10,own,자체 선언,BlogController,com.arms.api.blog.controller,GET /anonymous/arms/blog/getBlog.do,GET,/anonymous/arms/blog/getBlog.do,/anonymous/arms/blog,getBlog,com/arms/api/blog/controller/BlogController.java,45,,,
11,own,자체 선언,BlogController,com.arms.api.blog.controller,GET /anonymous/arms/blog/getPaginatedBlogList.do,GET,/anonymous/arms/blog/getPaginatedBlogList.do,/anonymous/arms/blog,getPaginatedBlogList,com/arms/api/blog/controller/BlogController.java,80,,,
12,own,자체 선언,BlogController,com.arms.api.blog.controller,GET /anonymous/arms/blog/hot/getKeywordList.do,GET,/anonymous/arms/blog/hot/getKeywordList.do,/anonymous/arms/blog,getHotKeywordList,com/arms/api/blog/controller/BlogController.java,87,,,
13,own,자체 선언,BlogController,com.arms.api.blog.controller,GET /anonymous/arms/blog/latest/getBlogList.do,GET,/anonymous/arms/blog/latest/getBlogList.do,/anonymous/arms/blog,getLatestBlogList,com/arms/api/blog/controller/BlogController.java,65,,,
14,own,자체 선언,BlogController,com.arms.api.blog.controller,GET /anonymous/arms/blog/popular/getBlogList.do,GET,/anonymous/arms/blog/popular/getBlogList.do,/anonymous/arms/blog,getPopularBlogList,com/arms/api/blog/controller/BlogController.java,70,,,
15,own,자체 선언,BlogController,com.arms.api.blog.controller,GET /anonymous/arms/blog/recommended/getBlogList.do,GET,/anonymous/arms/blog/recommended/getBlogList.do,/anonymous/arms/blog,getRecommendedBlogList,com/arms/api/blog/controller/BlogController.java,75,,,
16,own,자체 선언,BlogController,com.arms.api.blog.controller,DELETE /anonymous/arms/blog/removeBlog.do,DELETE,/anonymous/arms/blog/removeBlog.do,/anonymous/arms/blog,removeBlog,com/arms/api/blog/controller/BlogController.java,60,,,
17,own,자체 선언,BlogController,com.arms.api.blog.controller,GET /anonymous/arms/blog/searchBlogList.do,GET,/anonymous/arms/blog/searchBlogList.do,/anonymous/arms/blog,searchBlogList,com/arms/api/blog/controller/BlogController.java,101,,,
18,own,자체 선언,BlogController,com.arms.api.blog.controller,PUT /anonymous/arms/blog/updateBlog.do,PUT,/anonymous/arms/blog/updateBlog.do,/anonymous/arms/blog,updateBlog,com/arms/api/blog/controller/BlogController.java,55,,,
19,own,자체 선언,CostController,com.arms.api.analysis.cost.controller,POST /admin/arms/analysis/cost/assignee-calculation,POST,/admin/arms/analysis/cost/assignee-calculation,/admin/arms/analysis/cost,calculateAssigneeCost,com/arms/api/analysis/cost/controller/CostController.java,92,,,
20,own,자체 선언,CostController,com.arms.api.analysis.cost.controller,POST /admin/arms/analysis/cost/calculation,POST,/admin/arms/analysis/cost/calculation,/admin/arms/analysis/cost,calculateCost,com/arms/api/analysis/cost/controller/CostController.java,77,,,
21,own,자체 선언,CostController,com.arms.api.analysis.cost.controller,POST /admin/arms/analysis/cost/personal-estimated-period-cost,POST,/admin/arms/analysis/cost/personal-estimated-period-cost,/admin/arms/analysis/cost,getEstimatedPeriodCostByAccountId,com/arms/api/analysis/cost/controller/CostController.java,71,,,
22,own,자체 선언,CostController,com.arms.api.analysis.cost.controller,POST /admin/arms/analysis/cost/product-accumulate-cost-by-month,POST,/admin/arms/analysis/cost/product-accumulate-cost-by-month,/admin/arms/analysis/cost,candleStickChartAPI,com/arms/api/analysis/cost/controller/CostController.java,63,,,
23,own,자체 선언,CostController,com.arms.api.analysis.cost.controller,POST /admin/arms/analysis/cost/req-linked-issue,POST,/admin/arms/analysis/cost/req-linked-issue,/admin/arms/analysis/cost,getLinkedJiraIssuesByVersionAndRequirement,com/arms/api/analysis/cost/controller/CostController.java,34,,,
24,own,자체 선언,CostController,com.arms.api.analysis.cost.controller,POST /admin/arms/analysis/cost/requirement-calculation,POST,/admin/arms/analysis/cost/requirement-calculation,/admin/arms/analysis/cost,calculateRequirementCost,com/arms/api/analysis/cost/controller/CostController.java,87,,,
25,own,자체 선언,CostController,com.arms.api.analysis.cost.controller,POST /admin/arms/analysis/cost/to-be/calculation,POST,/admin/arms/analysis/cost/to-be/calculation,/admin/arms/analysis/cost,toBeCalculateCost,com/arms/api/analysis/cost/controller/CostController.java,97,,,
26,own,자체 선언,CostController,com.arms.api.analysis.cost.controller,POST /admin/arms/analysis/cost/version-calculation,POST,/admin/arms/analysis/cost/version-calculation,/admin/arms/analysis/cost,calculateVersionCost,com/arms/api/analysis/cost/controller/CostController.java,82,,,
27,own,자체 선언,CostController,com.arms.api.analysis.cost.controller,POST /admin/arms/analysis/cost/version-req-assignees,POST,/admin/arms/analysis/cost/version-req-assignees,/admin/arms/analysis/cost,getAssigneeList,com/arms/api/analysis/cost/controller/CostController.java,26,,,
28,own,자체 선언,CostController,com.arms.api.analysis.cost.controller,POST /admin/arms/analysis/cost/{changeReqTableName}/req-difficulty-priority-list,POST,/admin/arms/analysis/cost/{changeReqTableName}/req-difficulty-priority-list,/admin/arms/analysis/cost,getRequirementListStats,com/arms/api/analysis/cost/controller/CostController.java,49,,,
29,own,자체 선언,DashboardController,com.arms.api.dashboard.controller,GET /arms/dashboard/aggregate-weekly-req-issue-status,GET,/arms/dashboard/aggregate-weekly-req-issue-status,/arms/dashboard,requirementsJiraIssueStatuses,com/arms/api/dashboard/controller/DashboardController.java,37,,,
30,own,자체 선언,DashboardController,com.arms.api.dashboard.controller,GET /arms/dashboard/assignees-requirements-involvements-v3,GET,/arms/dashboard/assignees-requirements-involvements-v3,/arms/dashboard,findTreeMapChartDataV3,com/arms/api/dashboard/controller/DashboardController.java,56,,,
31,own,자체 선언,DashboardController,com.arms.api.dashboard.controller,GET /arms/dashboard/global/config/test,GET,/arms/dashboard/global/config/test,/arms/dashboard,getConfigTest,com/arms/api/dashboard/controller/DashboardController.java,86,,,
32,own,자체 선언,DashboardController,com.arms.api.dashboard.controller,GET /arms/dashboard/top-req-assignee,GET,/arms/dashboard/top-req-assignee,/arms/dashboard,findTopNReqAssignee,com/arms/api/dashboard/controller/DashboardController.java,64,,,
33,own,자체 선언,DashboardController,com.arms.api.dashboard.controller,GET /arms/dashboard/top-req-state-info/{changeReqTableName}/getReqAddListByFilter,GET,/arms/dashboard/top-req-state-info/{changeReqTableName}/getReqAddListByFilter,/arms/dashboard,findTopNAssigneeReqStateInfo,com/arms/api/dashboard/controller/DashboardController.java,77,,,
34,own,자체 선언,DashboardController,com.arms.api.dashboard.controller,GET /arms/dashboard/version-assignee-summary,GET,/arms/dashboard/version-assignee-summary,/arms/dashboard,versionAssigneeIssueSummary,com/arms/api/dashboard/controller/DashboardController.java,45,,,
35,own,자체 선언,DetailDashboardController,com.arms.api.detail_dashboard.controller,POST /arms/detail-dashboard/contribution,POST,/arms/detail-dashboard/contribution,/arms/detail-dashboard,contribution,com/arms/api/detail_dashboard/controller/DetailDashboardController.java,56,,,
36,own,자체 선언,DetailDashboardController,com.arms.api.detail_dashboard.controller,POST /arms/detail-dashboard/{changeReqTableName}/project-status,POST,/arms/detail-dashboard/{changeReqTableName}/project-status,/arms/detail-dashboard,projectStatus,com/arms/api/detail_dashboard/controller/DetailDashboardController.java,27,,,
37,own,자체 선언,DetailDashboardController,com.arms.api.detail_dashboard.controller,POST /arms/detail-dashboard/{changeReqTableName}/quality,POST,/arms/detail-dashboard/{changeReqTableName}/quality,/arms/detail-dashboard,quality,com/arms/api/detail_dashboard/controller/DetailDashboardController.java,41,,,
38,own,자체 선언,DetailDashboardController,com.arms.api.detail_dashboard.controller,POST /arms/detail-dashboard/{changeReqTableName}/requirement-overview,POST,/arms/detail-dashboard/{changeReqTableName}/requirement-overview,/arms/detail-dashboard,requirementOverview,com/arms/api/detail_dashboard/controller/DetailDashboardController.java,48,,,
39,own,자체 선언,DetailDashboardController,com.arms.api.detail_dashboard.controller,POST /arms/detail-dashboard/{changeReqTableName}/time-compliance,POST,/arms/detail-dashboard/{changeReqTableName}/time-compliance,/arms/detail-dashboard,timeCompliance,com/arms/api/detail_dashboard/controller/DetailDashboardController.java,34,,,
40,own,자체 선언,DynamicDBMakerController,com.arms.api.util.dynamicdbmaker.controller,GET /arms/dynamicDBMaker/createSchema,GET,/arms/dynamicDBMaker/createSchema,/arms/dynamicDBMaker,createSchema,com/arms/api/util/dynamicdbmaker/controller/DynamicDBMakerController.java,48,,,
41,own,자체 선언,EsIndexConfigController,com.arms.api.backoffice.config.esindex.controller,GET /arms/backoffice/es-index/index-status/histories,GET,/arms/backoffice/es-index/index-status/histories,/arms/backoffice/es-index,indexJobHistories,com/arms/api/backoffice/config/esindex/controller/EsIndexConfigController.java,29,,,
42,own,자체 선언,EsIndexConfigController,com.arms.api.backoffice.config.esindex.controller,GET /arms/backoffice/es-index/sum-list,GET,/arms/backoffice/es-index/sum-list,/arms/backoffice/es-index,esIndexSumList,com/arms/api/backoffice/config/esindex/controller/EsIndexConfigController.java,24,,,
43,own,자체 선언,FileRepositoryController,com.arms.api.util.filerepository.controller,POST /arms/fileRepository/deleteFileByNode/{fileId},POST,/arms/fileRepository/deleteFileByNode/{fileId},/arms/fileRepository,deleteFileByNode,com/arms/api/util/filerepository/controller/FileRepositoryController.java,78,,,
44,own,자체 선언,FileRepositoryController,com.arms.api.util.filerepository.controller,GET /arms/fileRepository/downloadFileByNode/{fileId},GET,/arms/fileRepository/downloadFileByNode/{fileId},/arms/fileRepository,downloadFile,com/arms/api/util/filerepository/controller/FileRepositoryController.java,93,,,
45,own,자체 선언,FileRepositoryController,com.arms.api.util.filerepository.controller,GET /arms/fileRepository/getFilesByNode.do,GET,/arms/fileRepository/getFilesByNode.do,/arms/fileRepository,getFilesByNode,com/arms/api/util/filerepository/controller/FileRepositoryController.java,63,,,
46,own,자체 선언,FullDataController,com.arms.api.report.fulldata.controller,GET /arms/report/full-data/assignee-list,GET,/arms/report/full-data/assignee-list,/arms/report/full-data,getAssignees,com/arms/api/report/fulldata/controller/FullDataController.java,30,,,
47,own,자체 선언,FullDataController,com.arms.api.report.fulldata.controller,GET /arms/report/full-data/excel-data-down-v2,GET,/arms/report/full-data/excel-data-down-v2,/arms/report/full-data,getExcelDataDownV2,com/arms/api/report/fulldata/controller/FullDataController.java,45,,,
48,own,자체 선언,FullDataController,com.arms.api.report.fulldata.controller,GET /arms/report/full-data/excel-data-v2,GET,/arms/report/full-data/excel-data-v2,/arms/report/full-data,getExcelDataV2,com/arms/api/report/fulldata/controller/FullDataController.java,37,,,
49,own,자체 선언,GenerateChartImageController,com.arms.api.report.mail.controller,GET /html/mail/chart.html,GET,/html/mail/chart.html,/html/mail,getChartPage,com/arms/api/report/mail/controller/GenerateChartImageController.java,21,,,
50,own,자체 선언,GenerateChartImageController,com.arms.api.report.mail.controller,POST /html/mail/save-chart,POST,/html/mail/save-chart,/html/mail,saveChart,com/arms/api/report/mail/controller/GenerateChartImageController.java,37,,,
51,own,자체 선언,GlobalTreeMapController,com.arms.api.globaltreemap.controller,GET /arms/globaltreemap/getConnectInfo/pdService/pdServiceVersion/jiraProject.do,GET,/arms/globaltreemap/getConnectInfo/pdService/pdServiceVersion/jiraProject.do,/arms/globaltreemap,getConnectInfo_pdService_pdServiceVersion_jiraProject,com/arms/api/globaltreemap/controller/GlobalTreeMapController.java,30,,,
52,own,자체 선언,GlobalTreeMapController,com.arms.api.globaltreemap.controller,POST /arms/globaltreemap/setConnectInfo/pdService/pdServiceVersion/jiraProject.do,POST,/arms/globaltreemap/setConnectInfo/pdService/pdServiceVersion/jiraProject.do,/arms/globaltreemap,setConnectInfo_pdService_pdServiceVersion_jiraProject,com/arms/api/globaltreemap/controller/GlobalTreeMapController.java,50,,,
53,own,자체 선언,HolidayController,com.arms.api.backoffice.information.timeoff.controller,POST /arms/backoffice/holiday/addHoliday.do,POST,/arms/backoffice/holiday/addHoliday.do,/arms/backoffice/holiday,addHoliday,com/arms/api/backoffice/information/timeoff/controller/HolidayController.java,34,,,
54,own,자체 선언,HolidayController,com.arms.api.backoffice.information.timeoff.controller,DELETE /arms/backoffice/holiday/removeHoliday.do,DELETE,/arms/backoffice/holiday/removeHoliday.do,/arms/backoffice/holiday,removeHoliday,com/arms/api/backoffice/information/timeoff/controller/HolidayController.java,44,,,
55,own,자체 선언,HolidayController,com.arms.api.backoffice.information.timeoff.controller,POST /arms/backoffice/holiday/syncPublicHoliday.do,POST,/arms/backoffice/holiday/syncPublicHoliday.do,/arms/backoffice/holiday,syncPublicHoliday,com/arms/api/backoffice/information/timeoff/controller/HolidayController.java,29,,,
56,own,자체 선언,HolidayController,com.arms.api.backoffice.information.timeoff.controller,PUT /arms/backoffice/holiday/updateHoliday.do,PUT,/arms/backoffice/holiday/updateHoliday.do,/arms/backoffice/holiday,updateHoliday,com/arms/api/backoffice/information/timeoff/controller/HolidayController.java,39,,,
57,own,자체 선언,JiraIssueTypeController,com.arms.api.jira.jiraissuetype.controller,GET /arms/jiraIssueType/getIssueStatusList,GET,/arms/jiraIssueType/getIssueStatusList,/arms/jiraIssueType,getIssueStatusList,com/arms/api/jira/jiraissuetype/controller/JiraIssueTypeController.java,48,,,
58,own,자체 선언,JiraProjectController,com.arms.api.jira.jiraproject.controller,GET /arms/jiraProject/getProjectIssueType.do,GET,/arms/jiraProject/getProjectIssueType.do,/arms/jiraProject,getProjectIssueTypeList,com/arms/api/jira/jiraproject/controller/JiraProjectController.java,48,,,
59,own,자체 선언,JiraProjectController,com.arms.api.jira.jiraproject.controller,PUT /arms/jiraProject/{defaultTarget}/makeDefault.do,PUT,/arms/jiraProject/{defaultTarget}/makeDefault.do,/arms/jiraProject,클라우드서버_지라프로젝트_항목별_기본값_설정,com/arms/api/jira/jiraproject/controller/JiraProjectController.java,69,,,
60,own,자체 선언,JiraProjectPureController,com.arms.api.jira.jiraproject_pure.controller,GET /arms/jiraProjectPure/getJiraProjects.do,GET,/arms/jiraProjectPure/getJiraProjects.do,/arms/jiraProjectPure,getJiraProjectPures,com/arms/api/jira/jiraproject_pure/controller/JiraProjectPureController.java,49,,,
61,own,자체 선언,JiraServerController,com.arms.api.jira.jiraserver.controller,POST /arms/jiraServer/addJiraServerNode.do,POST,/arms/jiraServer/addJiraServerNode.do,/arms/jiraServer,addJiraServerNode,com/arms/api/jira/jiraserver/controller/JiraServerController.java,58,,,
62,own,자체 선언,JiraServerController,com.arms.api.jira.jiraserver.controller,GET /arms/jiraServer/getIssueStatusList,GET,/arms/jiraServer/getIssueStatusList,/arms/jiraServer,getIssueStatusList,com/arms/api/jira/jiraserver/controller/JiraServerController.java,161,,,
63,own,자체 선언,JiraServerController,com.arms.api.jira.jiraserver.controller,GET /arms/jiraServer/getJiraIssuePriority.do,GET,/arms/jiraServer/getJiraIssuePriority.do,/arms/jiraServer,getJiraIssuePriorityList,com/arms/api/jira/jiraserver/controller/JiraServerController.java,181,,,
64,own,자체 선언,JiraServerController,com.arms.api.jira.jiraserver.controller,GET /arms/jiraServer/getJiraIssueResolution.do,GET,/arms/jiraServer/getJiraIssueResolution.do,/arms/jiraServer,getJiraIssueResolutionList,com/arms/api/jira/jiraserver/controller/JiraServerController.java,201,,,
65,own,자체 선언,JiraServerController,com.arms.api.jira.jiraserver.controller,GET /arms/jiraServer/getJiraIssueType.do,GET,/arms/jiraServer/getJiraIssueType.do,/arms/jiraServer,getJiraIssueTypeList,com/arms/api/jira/jiraserver/controller/JiraServerController.java,141,,,
66,own,자체 선언,JiraServerController,com.arms.api.jira.jiraserver.controller,GET /arms/jiraServer/getJiraProjectPure.do,GET,/arms/jiraServer/getJiraProjectPure.do,/arms/jiraServer,getJiraProjectPure,com/arms/api/jira/jiraserver/controller/JiraServerController.java,121,,,
67,own,자체 선언,JiraServerController,com.arms.api.jira.jiraserver.controller,GET /arms/jiraServer/getNodeWithEncryption.do,GET,/arms/jiraServer/getNodeWithEncryption.do,/arms/jiraServer,getNodeWithEncryption,com/arms/api/jira/jiraserver/controller/JiraServerController.java,83,,,
68,own,자체 선언,JiraServerController,com.arms.api.jira.jiraserver.controller,GET /arms/jiraServer/getRuleSet.do,GET,/arms/jiraServer/getRuleSet.do,/arms/jiraServer,getStatusRuleSet,com/arms/api/jira/jiraserver/controller/JiraServerController.java,283,,,
69,own,자체 선언,JiraServerController,com.arms.api.jira.jiraserver.controller,POST /arms/jiraServer/preSetIssueStatusMapping.do,POST,/arms/jiraServer/preSetIssueStatusMapping.do,/arms/jiraServer,preSetIssueStatusMapping,com/arms/api/jira/jiraserver/controller/JiraServerController.java,303,,,
70,own,자체 선언,JiraServerController,com.arms.api.jira.jiraserver.controller,PUT /arms/jiraServer/refresh.do,PUT,/arms/jiraServer/refresh.do,/arms/jiraServer,refreshALMServer,com/arms/api/jira/jiraserver/controller/JiraServerController.java,260,,,
71,own,자체 선언,JiraServerController,com.arms.api.jira.jiraserver.controller,PUT /arms/jiraServer/updateNodeAndEngineServerInfoUpdate.do,PUT,/arms/jiraServer/updateNodeAndEngineServerInfoUpdate.do,/arms/jiraServer,updateArmsAndEngineServerData,com/arms/api/jira/jiraserver/controller/JiraServerController.java,247,,,
72,own,자체 선언,JiraServerController,com.arms.api.jira.jiraserver.controller,PUT /arms/jiraServer/{defaultTarget}/makeDefault.do,PUT,/arms/jiraServer/{defaultTarget}/makeDefault.do,/arms/jiraServer,setDefaultValueForTarget,com/arms/api/jira/jiraserver/controller/JiraServerController.java,221,,,
73,own,자체 선언,JiraServerController,com.arms.api.jira.jiraserver.controller,PUT /arms/jiraServer/{refreshTarget}/renewNode.do,PUT,/arms/jiraServer/{refreshTarget}/renewNode.do,/arms/jiraServer,refreshALMServerByTarget,com/arms/api/jira/jiraserver/controller/JiraServerController.java,99,,,
74,own,자체 선언,JiraServerProjectPureController,com.arms.api.jira.jiraserver_project_pure.controller,GET /arms/jiraServerProjectPure/getALMServerProjectPureListWithSoftDelete.do,GET,/arms/jiraServerProjectPure/getALMServerProjectPureListWithSoftDelete.do,/arms/jiraServerProjectPure,getALMServerProjectPureListWithSoftDelete,com/arms/api/jira/jiraserver_project_pure/controller/JiraServerProjectPureController.java,68,,,
75,own,자체 선언,JiraServerProjectPureController,com.arms.api.jira.jiraserver_project_pure.controller,GET /arms/jiraServerProjectPure/getJiraProjectList.do,GET,/arms/jiraServerProjectPure/getJiraProjectList.do,/arms/jiraServerProjectPure,getJiraProjectList,com/arms/api/jira/jiraserver_project_pure/controller/JiraServerProjectPureController.java,79,,,
76,own,자체 선언,JiraServerProjectPureController,com.arms.api.jira.jiraserver_project_pure.controller,GET /arms/jiraServerProjectPure/getNodeWithoutSoftDelete.do,GET,/arms/jiraServerProjectPure/getNodeWithoutSoftDelete.do,/arms/jiraServerProjectPure,getNodeWithoutSoftDelete,com/arms/api/jira/jiraserver_project_pure/controller/JiraServerProjectPureController.java,49,,,
77,own,자체 선언,JiraServerPureController,com.arms.api.jira.jiraserver_pure.controller,GET /arms/jiraServerPure/getJiraServerMonitor.do,GET,/arms/jiraServerPure/getJiraServerMonitor.do,/arms/jiraServerPure,getJiraServerMonitor,com/arms/api/jira/jiraserver_pure/controller/JiraServerPureController.java,142,,,
78,own,자체 선언,JiraServerPureController,com.arms.api.jira.jiraserver_pure.controller,GET /arms/jiraServerPure/getNodeExceptPW.do,GET,/arms/jiraServerPure/getNodeExceptPW.do,/arms/jiraServerPure,getNodeWithoutPW,com/arms/api/jira/jiraserver_pure/controller/JiraServerPureController.java,62,,,
79,own,자체 선언,JiraServerPureController,com.arms.api.jira.jiraserver_pure.controller,GET /arms/jiraServerPure/getNodeWithDecryption.do,GET,/arms/jiraServerPure/getNodeWithDecryption.do,/arms/jiraServerPure,getNodeWithDecryption,com/arms/api/jira/jiraserver_pure/controller/JiraServerPureController.java,118,,,
80,own,자체 선언,JiraServerPureController,com.arms.api.jira.jiraserver_pure.controller,GET /arms/jiraServerPure/makeEncryption.do,GET,/arms/jiraServerPure/makeEncryption.do,/arms/jiraServerPure,makeEncryption,com/arms/api/jira/jiraserver_pure/controller/JiraServerPureController.java,165,,,
81,own,자체 선언,JiraServerPureController,com.arms.api.jira.jiraserver_pure.controller,GET /arms/jiraServerPure/serverTypeMap.do,GET,/arms/jiraServerPure/serverTypeMap.do,/arms/jiraServerPure,getServerTypeMap,com/arms/api/jira/jiraserver_pure/controller/JiraServerPureController.java,154,,,
82,own,자체 선언,JiraServerPureController,com.arms.api.jira.jiraserver_pure.controller,POST /arms/jiraServerPure/verifyAccount.do,POST,/arms/jiraServerPure/verifyAccount.do,/arms/jiraServerPure,verifyALMAccount,com/arms/api/jira/jiraserver_pure/controller/JiraServerPureController.java,79,,,
83,own,자체 선언,JiraServerPureController,com.arms.api.jira.jiraserver_pure.controller,POST /arms/jiraServerPure/verifyNewAccount.do,POST,/arms/jiraServerPure/verifyNewAccount.do,/arms/jiraServerPure,verifyNewALMAccount,com/arms/api/jira/jiraserver_pure/controller/JiraServerPureController.java,94,,,
84,own,자체 선언,KafkaMonitorController,com.arms.api.requirement.reqadd.kafka.controller,GET /kafka/health,GET,/kafka/health,/kafka,health,com/arms/api/requirement/reqadd/kafka/controller/KafkaMonitorController.java,121,,,
85,own,자체 선언,KafkaMonitorController,com.arms.api.requirement.reqadd.kafka.controller,GET /kafka/lag/reqadd,GET,/kafka/lag/reqadd,/kafka,getReqAddLag,com/arms/api/requirement/reqadd/kafka/controller/KafkaMonitorController.java,109,,,
86,own,자체 선언,KafkaMonitorController,com.arms.api.requirement.reqadd.kafka.controller,GET /kafka/lag/{topic},GET,/kafka/lag/{topic},/kafka,getTopicLag,com/arms/api/requirement/reqadd/kafka/controller/KafkaMonitorController.java,46,,,
87,own,자체 선언,KafkaMonitorController,com.arms.api.requirement.reqadd.kafka.controller,GET /kafka/lag/{topic}/detail,GET,/kafka/lag/{topic}/detail,/kafka,getDetailedTopicLag,com/arms/api/requirement/reqadd/kafka/controller/KafkaMonitorController.java,68,,,
88,own,자체 선언,KafkaMonitorController,com.arms.api.requirement.reqadd.kafka.controller,GET /kafka/status/{topic},GET,/kafka/status/{topic},/kafka,getConsumerStatus,com/arms/api/requirement/reqadd/kafka/controller/KafkaMonitorController.java,93,,,
89,own,자체 선언,KafkaMonitorController,com.arms.api.requirement.reqadd.kafka.controller,GET /kafka/{topic}/list,GET,/kafka/{topic}/list,/kafka,getTopicMessageList,com/arms/api/requirement/reqadd/kafka/controller/KafkaMonitorController.java,131,,,
90,own,자체 선언,MailController,com.arms.api.report.mail.controller,GET /arms/mail/fetch-html-test,GET,/arms/mail/fetch-html-test,/arms/mail,fetchHtmlData,com/arms/api/report/mail/controller/MailController.java,44,,,
91,own,자체 선언,MailController,com.arms.api.report.mail.controller,GET /arms/mail/save-chart-image,GET,/arms/mail/save-chart-image,/arms/mail,saveChartImage,com/arms/api/report/mail/controller/MailController.java,75,,,
92,own,자체 선언,MailController,com.arms.api.report.mail.controller,POST /arms/mail/send-all-test,POST,/arms/mail/send-all-test,/arms/mail,sendAllEmailTest,com/arms/api/report/mail/controller/MailController.java,24,,,
93,own,자체 선언,MailController,com.arms.api.report.mail.controller,POST /arms/mail/send-test,POST,/arms/mail/send-test,/arms/mail,sendTestEmail,com/arms/api/report/mail/controller/MailController.java,34,,,
94,own,자체 선언,MailController,com.arms.api.report.mail.controller,GET /arms/mail/send-to-registered-users,GET,/arms/mail/send-to-registered-users,/arms/mail,sendEmailsToAllUsers,com/arms/api/report/mail/controller/MailController.java,65,,,
95,own,자체 선언,MailController,com.arms.api.report.mail.controller,POST /arms/mail/validate,POST,/arms/mail/validate,/arms/mail,validateSmtpConfig,com/arms/api/report/mail/controller/MailController.java,55,,,
96,own,자체 선언,MailReportController,com.arms.api.report.mail.controller,GET /arms/mail/report/top-menu/resource,GET,/arms/mail/report/top-menu/resource,/arms/mail/report,getTopMenuResource,com/arms/api/report/mail/controller/MailReportController.java,45,,,
97,own,자체 선언,MailReportController,com.arms.api.report.mail.controller,GET /arms/mail/report/top-menu/scope,GET,/arms/mail/report/top-menu/scope,/arms/mail/report,getTopMenuScope,com/arms/api/report/mail/controller/MailReportController.java,35,,,
98,own,자체 선언,MailReportController,com.arms.api.report.mail.controller,GET /arms/mail/report/top-menu/time,GET,/arms/mail/report/top-menu/time,/arms/mail/report,getTopMenuTime,com/arms/api/report/mail/controller/MailReportController.java,25,,,
99,own,자체 선언,NewsletterController,com.arms.api.newsletter.controller,POST /anonymous/cover/newsletter/addNewsletter,POST,/anonymous/cover/newsletter/addNewsletter,/anonymous/cover/newsletter,addNewsletter,com/arms/api/newsletter/controller/NewsletterController.java,33,,,
100,own,자체 선언,NewsletterController,com.arms.api.newsletter.controller,GET /anonymous/cover/newsletter/countNewsletters,GET,/anonymous/cover/newsletter/countNewsletters,/anonymous/cover/newsletter,countNewsletters,com/arms/api/newsletter/controller/NewsletterController.java,85,,,
101,own,자체 선언,NewsletterController,com.arms.api.newsletter.controller,GET /anonymous/cover/newsletter/getNewsletter/{newsletterId},GET,/anonymous/cover/newsletter/getNewsletter/{newsletterId},/anonymous/cover/newsletter,getNewsletter,com/arms/api/newsletter/controller/NewsletterController.java,41,,,
102,own,자체 선언,NewsletterController,com.arms.api.newsletter.controller,GET /anonymous/cover/newsletter/getNewsletters,GET,/anonymous/cover/newsletter/getNewsletters,/anonymous/cover/newsletter,getNewsletters,com/arms/api/newsletter/controller/NewsletterController.java,63,,,
103,own,자체 선언,NewsletterController,com.arms.api.newsletter.controller,GET /anonymous/cover/newsletter/getPopularNewsletters,GET,/anonymous/cover/newsletter/getPopularNewsletters,/anonymous/cover/newsletter,getPopularNewsletters,com/arms/api/newsletter/controller/NewsletterController.java,74,,,
104,own,자체 선언,NewsletterController,com.arms.api.newsletter.controller,DELETE /anonymous/cover/newsletter/removeNewsletter/{newsletterId},DELETE,/anonymous/cover/newsletter/removeNewsletter/{newsletterId},/anonymous/cover/newsletter,removeNewsletter,com/arms/api/newsletter/controller/NewsletterController.java,56,,,
105,own,자체 선언,NewsletterController,com.arms.api.newsletter.controller,PUT /anonymous/cover/newsletter/updateNewsletter,PUT,/anonymous/cover/newsletter/updateNewsletter,/anonymous/cover/newsletter,updateNewsletter,com/arms/api/newsletter/controller/NewsletterController.java,48,,,
106,own,자체 선언,PatchnoteController,com.arms.api.patchnote.controller,GET /anonymous/arms/patchnote/getPatchnoteList.do,GET,/anonymous/arms/patchnote/getPatchnoteList.do,/anonymous/arms/patchnote,getPatchnoteList,com/arms/api/patchnote/controller/PatchnoteController.java,38,,,
107,own,자체 선언,PdServiceController,com.arms.api.product_service.pdservice.controller,POST /arms/pdService/addPdServiceNode.do,POST,/arms/pdService/addPdServiceNode.do,/arms/pdService,addPdServiceNode,com/arms/api/product_service/pdservice/controller/PdServiceController.java,62,,,
108,own,자체 선언,PdServiceController,com.arms.api.product_service.pdservice.controller,POST /arms/pdService/addVersionToNode.do,POST,/arms/pdService/addVersionToNode.do,/arms/pdService,addVersionToNode,com/arms/api/product_service/pdservice/controller/PdServiceController.java,73,,,
109,own,자체 선언,PdServiceController,com.arms.api.product_service.pdservice.controller,GET /arms/pdService/getD3ChartData.do,GET,/arms/pdService/getD3ChartData.do,/arms/pdService,getD3ChartData,com/arms/api/product_service/pdservice/controller/PdServiceController.java,175,,,
110,own,자체 선언,PdServiceController,com.arms.api.product_service.pdservice.controller,GET /arms/pdService/getNodeWithVersionOrderByCidDesc,GET,/arms/pdService/getNodeWithVersionOrderByCidDesc,/arms/pdService,getNodeWithVersionOrderByCidDesc,com/arms/api/product_service/pdservice/controller/PdServiceController.java,53,,,
111,own,자체 선언,PdServiceController,com.arms.api.product_service.pdservice.controller,GET /arms/pdService/getPdServiceAndVersionByCid,GET,/arms/pdService/getPdServiceAndVersionByCid,/arms/pdService,getPdServiceAndVersionByCid,com/arms/api/product_service/pdservice/controller/PdServiceController.java,149,,,
112,own,자체 선언,PdServiceController,com.arms.api.product_service.pdservice.controller,GET /arms/pdService/getPdServiceEntityAndVersionList,GET,/arms/pdService/getPdServiceEntityAndVersionList,/arms/pdService,getPdServiceEntityAndVersionList,com/arms/api/product_service/pdservice/controller/PdServiceController.java,138,,,
113,own,자체 선언,PdServiceController,com.arms.api.product_service.pdservice.controller,GET /arms/pdService/getVersionList,GET,/arms/pdService/getVersionList,/arms/pdService,getVersionList,com/arms/api/product_service/pdservice/controller/PdServiceController.java,118,,,
114,own,자체 선언,PdServiceController,com.arms.api.product_service.pdservice.controller,POST /arms/pdService/removeAll.do/{pdServiceId},POST,/arms/pdService/removeAll.do/{pdServiceId},/arms/pdService,removeAll,com/arms/api/product_service/pdservice/controller/PdServiceController.java,181,,,
115,own,자체 선언,PdServiceController,com.arms.api.product_service.pdservice.controller,DELETE /arms/pdService/removeVersion.do,DELETE,/arms/pdService/removeVersion.do,/arms/pdService,removeVersion,com/arms/api/product_service/pdservice/controller/PdServiceController.java,159,,,
116,own,자체 선언,PdServiceController,com.arms.api.product_service.pdservice.controller,PUT /arms/pdService/updateVersionToNode.do,PUT,/arms/pdService/updateVersionToNode.do,/arms/pdService,updateVersionNode,com/arms/api/product_service/pdservice/controller/PdServiceController.java,85,,,
117,own,자체 선언,PdServiceController,com.arms.api.product_service.pdservice.controller,POST /arms/pdService/uploadFileToNode.do,POST,/arms/pdService/uploadFileToNode.do,/arms/pdService,uploadFileToNode,com/arms/api/product_service/pdservice/controller/PdServiceController.java,103,,,
118,own,자체 선언,PdServiceController,com.arms.api.product_service.pdservice.controller,GET /arms/pdService/versions-with-date,GET,/arms/pdService/versions-with-date,/arms/pdService,getVersionListWithDate,com/arms/api/product_service/pdservice/controller/PdServiceController.java,128,,,
119,own,자체 선언,PdServiceDetailController,com.arms.api.product_service.pdservice_detail.controller,POST /arms/pdServiceDetail/addNode.do/{pdServiceId},POST,/arms/pdServiceDetail/addNode.do/{pdServiceId},/arms/pdServiceDetail,addNodeByPdService,com/arms/api/product_service/pdservice_detail/controller/PdServiceDetailController.java,69,,,
120,own,자체 선언,PdServiceDetailController,com.arms.api.product_service.pdservice_detail.controller,POST /arms/pdServiceDetail/deleteFileNode.do/{fileId},POST,/arms/pdServiceDetail/deleteFileNode.do/{fileId},/arms/pdServiceDetail,deleteFileNode,com/arms/api/product_service/pdservice_detail/controller/PdServiceDetailController.java,127,,,
121,own,자체 선언,PdServiceDetailController,com.arms.api.product_service.pdservice_detail.controller,POST /arms/pdServiceDetail/deleteNode.do/{pdServiceDetailId},POST,/arms/pdServiceDetail/deleteNode.do/{pdServiceDetailId},/arms/pdServiceDetail,deleteNode,com/arms/api/product_service/pdservice_detail/controller/PdServiceDetailController.java,113,,,
122,own,자체 선언,PdServiceDetailController,com.arms.api.product_service.pdservice_detail.controller,GET /arms/pdServiceDetail/getFilesByNode.do,GET,/arms/pdServiceDetail/getFilesByNode.do,/arms/pdServiceDetail,getFilesByNode,com/arms/api/product_service/pdservice_detail/controller/PdServiceDetailController.java,98,,,
123,own,자체 선언,PdServiceDetailController,com.arms.api.product_service.pdservice_detail.controller,GET /arms/pdServiceDetail/getNodes.do/{pdServiceId},GET,/arms/pdServiceDetail/getNodes.do/{pdServiceId},/arms/pdServiceDetail,getNodesByPdService,com/arms/api/product_service/pdservice_detail/controller/PdServiceDetailController.java,56,,,
124,own,자체 선언,PdServiceDetailController,com.arms.api.product_service.pdservice_detail.controller,POST /arms/pdServiceDetail/uploadFileToNode.do,POST,/arms/pdServiceDetail/uploadFileToNode.do,/arms/pdServiceDetail,uploadFileToNode,com/arms/api/product_service/pdservice_detail/controller/PdServiceDetailController.java,81,,,
125,own,자체 선언,PdServicePureController,com.arms.api.product_service.pdservice_pure.controller,GET /arms/pdServicePure,GET,/arms/pdServicePure,/arms/pdServicePure,findAll,com/arms/api/product_service/pdservice_pure/controller/PdServicePureController.java,58,,,
126,own,자체 선언,PdServicePureController,com.arms.api.product_service.pdservice_pure.controller,GET /arms/pdServicePure/get-test-a,GET,/arms/pdServicePure/get-test-a,/arms/pdServicePure,GetTestA,com/arms/api/product_service/pdservice_pure/controller/PdServicePureController.java,75,,,
127,own,자체 선언,PdServicePureController,com.arms.api.product_service.pdservice_pure.controller,GET /arms/pdServicePure/getPdServiceMonitor.do,GET,/arms/pdServicePure/getPdServiceMonitor.do,/arms/pdServicePure,getPdServiceMonitor,com/arms/api/product_service/pdservice_pure/controller/PdServicePureController.java,48,,,
128,own,자체 선언,PdServicePureController,com.arms.api.product_service.pdservice_pure.controller,GET /arms/pdServicePure/getPdServiceWithDetail.do,GET,/arms/pdServicePure/getPdServiceWithDetail.do,/arms/pdServicePure,getPdServiceWithDetail,com/arms/api/product_service/pdservice_pure/controller/PdServicePureController.java,87,,,
129,own,자체 선언,PdServicePureController,com.arms.api.product_service.pdservice_pure.controller,POST /arms/pdServicePure/post-test-a,POST,/arms/pdServicePure/post-test-a,/arms/pdServicePure,PostTestA,com/arms/api/product_service/pdservice_pure/controller/PdServicePureController.java,81,,,
130,own,자체 선언,PdServiceVersionController,com.arms.api.product_service.pdserviceversion.controller,GET /arms/pdServiceVersion,GET,/arms/pdServiceVersion,/arms/pdServiceVersion,getVersion,com/arms/api/product_service/pdserviceversion/controller/PdServiceVersionController.java,52,,,
131,own,자체 선언,PdServiceVersionController,com.arms.api.product_service.pdserviceversion.controller,GET /arms/pdServiceVersion/pure,GET,/arms/pdServiceVersion/pure,/arms/pdServiceVersion,findAll,com/arms/api/product_service/pdserviceversion/controller/PdServiceVersionController.java,59,,,
132,own,자체 선언,PerformanceReportController,com.arms.api.report.performance.controller,POST /arms/report/deadline-stats/{changeReqTableName}/getNodesWhereInIds.do,POST,/arms/report/deadline-stats/{changeReqTableName}/getNodesWhereInIds.do,/arms/report,selectDeadlineStats,com/arms/api/report/performance/controller/PerformanceReportController.java,111,,,
133,own,자체 선언,PerformanceReportController,com.arms.api.report.performance.controller,GET /arms/report/dwr-test,GET,/arms/report/dwr-test,/arms/report,dwrTest,com/arms/api/report/performance/controller/PerformanceReportController.java,88,,,
134,own,자체 선언,PerformanceReportController,com.arms.api.report.performance.controller,POST /arms/report/pdService-name-info/{changeReqTableName},POST,/arms/report/pdService-name-info/{changeReqTableName},/arms/report,getPdServiceAndVersionNameList,com/arms/api/report/performance/controller/PerformanceReportController.java,103,,,
135,own,자체 선언,PerformanceReportController,com.arms.api.report.performance.controller,POST /arms/report/personal-performance,POST,/arms/report/personal-performance,/arms/report,getPerformanceData,com/arms/api/report/performance/controller/PerformanceReportController.java,83,,,
136,own,자체 선언,PerformanceReportController,com.arms.api.report.performance.controller,POST /arms/report/personal/export/performance-audio-v2,POST,/arms/report/personal/export/performance-audio-v2,/arms/report,exportPerformanceReportWithAudioV2,com/arms/api/report/performance/controller/PerformanceReportController.java,58,,,
137,own,자체 선언,PerformanceReportController,com.arms.api.report.performance.controller,POST /arms/report/personal/export/performance-audio-v2/mock,POST,/arms/report/personal/export/performance-audio-v2/mock,/arms/report,exportPerformanceReportWithAudioV2Mock,com/arms/api/report/performance/controller/PerformanceReportController.java,72,,,
138,own,자체 선언,PerformanceReportController,com.arms.api.report.performance.controller,POST /arms/report/personal/export/performance-v2,POST,/arms/report/personal/export/performance-v2,/arms/report,exportPerformanceReportV2,com/arms/api/report/performance/controller/PerformanceReportController.java,29,,,
139,own,자체 선언,PerformanceReportController,com.arms.api.report.performance.controller,POST /arms/report/personal/export/performance-v2/mock,POST,/arms/report/personal/export/performance-v2/mock,/arms/report,exportPerformanceReportV2Mock,com/arms/api/report/performance/controller/PerformanceReportController.java,43,,,
140,own,자체 선언,PerformanceReportController,com.arms.api.report.performance.controller,POST /arms/report/req-status/{changeReqTableName}/getNodesWhereInIds.do,POST,/arms/report/req-status/{changeReqTableName}/getNodesWhereInIds.do,/arms/report,getReqStatusListByCReqLinkIds,com/arms/api/report/performance/controller/PerformanceReportController.java,116,,,
141,own,자체 선언,PerformanceReportController,com.arms.api.report.performance.controller,POST /arms/report/{changeReqTableName}/getNodesWhereInIds.do,POST,/arms/report/{changeReqTableName}/getNodesWhereInIds.do,/arms/report,getNodesByCIds,com/arms/api/report/performance/controller/PerformanceReportController.java,93,,,
142,own,자체 선언,PocController,com.arms.api.poc.controller,POST /anonymous/arms/poc/addPoc.do,POST,/anonymous/arms/poc/addPoc.do,/anonymous/arms/poc,addPoc,com/arms/api/poc/controller/PocController.java,24,,,
143,own,자체 선언,PocController,com.arms.api.poc.controller,GET /anonymous/arms/poc/getPoc.do/{pocId},GET,/anonymous/arms/poc/getPoc.do/{pocId},/anonymous/arms/poc,getPoc,com/arms/api/poc/controller/PocController.java,29,,,
144,own,자체 선언,PocController,com.arms.api.poc.controller,GET /anonymous/arms/poc/getPocList.do,GET,/anonymous/arms/poc/getPocList.do,/anonymous/arms/poc,getPocList,com/arms/api/poc/controller/PocController.java,34,,,
145,own,자체 선언,PocController,com.arms.api.poc.controller,DELETE /anonymous/arms/poc/removePoc.do/{pocId},DELETE,/anonymous/arms/poc/removePoc.do/{pocId},/anonymous/arms/poc,removePoc,com/arms/api/poc/controller/PocController.java,44,,,
146,own,자체 선언,PocController,com.arms.api.poc.controller,PUT /anonymous/arms/poc/updatePoc.do,PUT,/anonymous/arms/poc/updatePoc.do,/anonymous/arms/poc,updatePoc,com/arms/api/poc/controller/PocController.java,39,,,
147,own,자체 선언,PocReqRegisterController,com.arms.api.pocreq.controller,GET /arms/poc/req-register,GET,/arms/poc/req-register,/arms/poc/req-register,getReqRegisterList,com/arms/api/pocreq/controller/PocReqRegisterController.java,47,,,
148,own,자체 선언,PocReqRegisterController,com.arms.api.pocreq.controller,POST /arms/poc/req-register,POST,/arms/poc/req-register,/arms/poc/req-register,registerRequest,com/arms/api/pocreq/controller/PocReqRegisterController.java,40,,,
149,own,자체 선언,PocReqRegisterController,com.arms.api.pocreq.controller,GET /arms/poc/req-register/alm-list,GET,/arms/poc/req-register/alm-list,/arms/poc/req-register,getAlmList,com/arms/api/pocreq/controller/PocReqRegisterController.java,25,,,
150,own,자체 선언,PocReqRegisterController,com.arms.api.pocreq.controller,GET /arms/poc/req-register/issue-list,GET,/arms/poc/req-register/issue-list,/arms/poc/req-register,getIssueList,com/arms/api/pocreq/controller/PocReqRegisterController.java,32,,,
151,own,자체 선언,PortfolioTrackRecordController,com.arms.api.report.ptr.controller,POST /arms/report/portfolio-track-record/version-progress-card,POST,/arms/report/portfolio-track-record/version-progress-card,/arms/report/portfolio-track-record,버전별_개발_진척현황,com/arms/api/report/ptr/controller/PortfolioTrackRecordController.java,33,,,
152,own,자체 선언,PortfolioTrackRecordController,com.arms.api.report.ptr.controller,POST /arms/report/portfolio-track-record/version-progress-card/detail,POST,/arms/report/portfolio-track-record/version-progress-card/detail,/arms/report/portfolio-track-record,버전별_개발_진척현황_상세,com/arms/api/report/ptr/controller/PortfolioTrackRecordController.java,38,,,
153,own,자체 선언,PortfolioTrackRecordController,com.arms.api.report.ptr.controller,POST /arms/report/portfolio-track-record/weekly-version-table,POST,/arms/report/portfolio-track-record/weekly-version-table,/arms/report/portfolio-track-record,주차별_개발_진척표,com/arms/api/report/ptr/controller/PortfolioTrackRecordController.java,28,,,
154,own,자체 선언,PortfolioTrackRecordController,com.arms.api.report.ptr.controller,GET /arms/report/portfolio-track-record/{changeReqTableName}/project-progress,GET,/arms/report/portfolio-track-record/{changeReqTableName}/project-progress,/arms/report/portfolio-track-record,프로젝트_진척율,com/arms/api/report/ptr/controller/PortfolioTrackRecordController.java,22,,,
155,own,자체 선언,ReportExportController,com.arms.api.report.export_service.controller,POST /arms/export/reports/export/ppt,POST,/arms/export/reports/export/ppt,/arms/export/reports,exportToPpt,com/arms/api/report/export_service/controller/ReportExportController.java,84,,,
156,own,자체 선언,ReportExportController,com.arms.api.report.export_service.controller,POST /arms/export/reports/export/ppt/metadata,POST,/arms/export/reports/export/ppt/metadata,/arms/export/reports,exportPptMetadata,com/arms/api/report/export_service/controller/ReportExportController.java,101,,,
157,own,자체 선언,ReportExportController,com.arms.api.report.export_service.controller,GET /arms/export/reports/health,GET,/arms/export/reports/health,/arms/export/reports,healthCheck,com/arms/api/report/export_service/controller/ReportExportController.java,70,,,
158,own,자체 선언,ReportExportController,com.arms.api.report.export_service.controller,POST /arms/export/reports/simple-report,POST,/arms/export/reports/simple-report,/arms/export/reports,createSimpleReport,com/arms/api/report/export_service/controller/ReportExportController.java,133,,,
159,own,자체 선언,ReportExportController,com.arms.api.report.export_service.controller,POST /arms/export/reports/simple-report-v2,POST,/arms/export/reports/simple-report-v2,/arms/export/reports,createSimpleReportV2,com/arms/api/report/export_service/controller/ReportExportController.java,194,,,
160,own,자체 선언,ReportExportController,com.arms.api.report.export_service.controller,POST /arms/export/reports/weekly-report,POST,/arms/export/reports/weekly-report,/arms/export/reports,createWeeklyReport,com/arms/api/report/export_service/controller/ReportExportController.java,314,,,
161,own,자체 선언,ReqAddController,com.arms.api.requirement.reqadd.controller,GET /arms/reqAdd/excel-upload/req-def/pd-service-id/{pdServiceId},GET,/arms/reqAdd/excel-upload/req-def/pd-service-id/{pdServiceId},/arms/reqAdd,getUploadReqDefData,com/arms/api/requirement/reqadd/controller/ReqAddController.java,567,,,
162,own,자체 선언,ReqAddController,com.arms.api.requirement.reqadd.controller,POST /arms/reqAdd/excel-upload/req-def/pd-service-id/{pdServiceId},POST,/arms/reqAdd/excel-upload/req-def/pd-service-id/{pdServiceId},/arms/reqAdd,uploadReqDefData,com/arms/api/requirement/reqadd/controller/ReqAddController.java,540,,,
163,own,자체 선언,ReqAddController,com.arms.api.requirement.reqadd.controller,GET /arms/reqAdd/excel-upload/req-def/pd-service-id/{pdServiceId}/download,GET,/arms/reqAdd/excel-upload/req-def/pd-service-id/{pdServiceId}/download,/arms/reqAdd,downloadReqDefExcelFile,com/arms/api/requirement/reqadd/controller/ReqAddController.java,575,,,
164,own,자체 선언,ReqAddController,com.arms.api.requirement.reqadd.controller,GET /arms/reqAdd/excel-upload/server-data/pd-service-id/{pdServiceId},GET,/arms/reqAdd/excel-upload/server-data/pd-service-id/{pdServiceId},/arms/reqAdd,getUploadServerData,com/arms/api/requirement/reqadd/controller/ReqAddController.java,501,,,
165,own,자체 선언,ReqAddController,com.arms.api.requirement.reqadd.controller,POST /arms/reqAdd/excel-upload/server-data/pd-service-id/{pdServiceId},POST,/arms/reqAdd/excel-upload/server-data/pd-service-id/{pdServiceId},/arms/reqAdd,uploadServerData,com/arms/api/requirement/reqadd/controller/ReqAddController.java,474,,,
166,own,자체 선언,ReqAddController,com.arms.api.requirement.reqadd.controller,GET /arms/reqAdd/excel-upload/server-data/pd-service-id/{pdServiceId}/download,GET,/arms/reqAdd/excel-upload/server-data/pd-service-id/{pdServiceId}/download,/arms/reqAdd,downloadExcelFile,com/arms/api/requirement/reqadd/controller/ReqAddController.java,512,,,
167,own,자체 선언,ReqAddController,com.arms.api.requirement.reqadd.controller,GET /arms/reqAdd/getFilesByNode.do,GET,/arms/reqAdd/getFilesByNode.do,/arms/reqAdd,getFilesByNode,com/arms/api/requirement/reqadd/controller/ReqAddController.java,447,,,
168,own,자체 선언,ReqAddController,com.arms.api.requirement.reqadd.controller,POST /arms/reqAdd/getRequirementAssignee,POST,/arms/reqAdd/getRequirementAssignee,/arms/reqAdd,getRequirementAssignee,com/arms/api/requirement/reqadd/controller/ReqAddController.java,688,,,
169,own,자체 선언,ReqAddController,com.arms.api.requirement.reqadd.controller,POST /arms/reqAdd/sample/excel-to-list,POST,/arms/reqAdd/sample/excel-to-list,/arms/reqAdd,excelUpload,com/arms/api/requirement/reqadd/controller/ReqAddController.java,460,,,
170,own,자체 선언,ReqAddController,com.arms.api.requirement.reqadd.controller,POST /arms/reqAdd/uploadFileToNode.do,POST,/arms/reqAdd/uploadFileToNode.do,/arms/reqAdd,uploadFileToNode,com/arms/api/requirement/reqadd/controller/ReqAddController.java,430,,,
171,own,자체 선언,ReqAddController,com.arms.api.requirement.reqadd.controller,POST /arms/reqAdd/{changeReqTableName}/addNodeAndThenSkipToCreateAlmIssueFromKafka.do,POST,/arms/reqAdd/{changeReqTableName}/addNodeAndThenSkipToCreateAlmIssueFromKafka.do,/arms/reqAdd,addNodeAndThenSkipToCreateAlmIssueFromKafka,com/arms/api/requirement/reqadd/controller/ReqAddController.java,725,,,
172,own,자체 선언,ReqAddController,com.arms.api.requirement.reqadd.controller,POST /arms/reqAdd/{changeReqTableName}/addNodeFromKafka.do,POST,/arms/reqAdd/{changeReqTableName}/addNodeFromKafka.do,/arms/reqAdd,addNodeFromKafka,com/arms/api/requirement/reqadd/controller/ReqAddController.java,697,,,
173,own,자체 선언,ReqAddController,com.arms.api.requirement.reqadd.controller,GET /arms/reqAdd/{changeReqTableName}/getChildNode.do,GET,/arms/reqAdd/{changeReqTableName}/getChildNode.do,/arms/reqAdd,getSwitchDBChildNode,com/arms/api/requirement/reqadd/controller/ReqAddController.java,257,,,
174,own,자체 선언,ReqAddController,com.arms.api.requirement.reqadd.controller,GET /arms/reqAdd/{changeReqTableName}/getChildNodeWithParent.do,GET,/arms/reqAdd/{changeReqTableName}/getChildNodeWithParent.do,/arms/reqAdd,getSwitchDBChildNodeWithParent,com/arms/api/requirement/reqadd/controller/ReqAddController.java,284,,,
175,own,자체 선언,ReqAddController,com.arms.api.requirement.reqadd.controller,GET /arms/reqAdd/{changeReqTableName}/getDetail.do,GET,/arms/reqAdd/{changeReqTableName}/getDetail.do,/arms/reqAdd,followReqLink,com/arms/api/requirement/reqadd/controller/ReqAddController.java,603,,,
176,own,자체 선언,ReqAddController,com.arms.api.requirement.reqadd.controller,GET /arms/reqAdd/{changeReqTableName}/getMonitor.do,GET,/arms/reqAdd/{changeReqTableName}/getMonitor.do,/arms/reqAdd,getMonitor,com/arms/api/requirement/reqadd/controller/ReqAddController.java,153,,,
177,own,자체 선언,ReqAddController,com.arms.api.requirement.reqadd.controller,GET /arms/reqAdd/{changeReqTableName}/getNode.do,GET,/arms/reqAdd/{changeReqTableName}/getNode.do,/arms/reqAdd,getSwitchDBNode,com/arms/api/requirement/reqadd/controller/ReqAddController.java,315,,,
178,own,자체 선언,ReqAddController,com.arms.api.requirement.reqadd.controller,GET /arms/reqAdd/{changeReqTableName}/getNodeDetail.do,GET,/arms/reqAdd/{changeReqTableName}/getNodeDetail.do,/arms/reqAdd,loadReqNode,com/arms/api/requirement/reqadd/controller/ReqAddController.java,611,,,
179,own,자체 선언,ReqAddController,com.arms.api.requirement.reqadd.controller,GET /arms/reqAdd/{changeReqTableName}/getNodesWhereInIds.do,GET,/arms/reqAdd/{changeReqTableName}/getNodesWhereInIds.do,/arms/reqAdd,getNodesWhereInIds,com/arms/api/requirement/reqadd/controller/ReqAddController.java,650,,,
180,own,자체 선언,ReqAddController,com.arms.api.requirement.reqadd.controller,GET /arms/reqAdd/{changeReqTableName}/getNodesWithoutRoot.do,GET,/arms/reqAdd/{changeReqTableName}/getNodesWithoutRoot.do,/arms/reqAdd,getNodesWithoutRoot,com/arms/api/requirement/reqadd/controller/ReqAddController.java,175,,,
181,own,자체 선언,ReqAddController,com.arms.api.requirement.reqadd.controller,GET /arms/reqAdd/{changeReqTableName}/getReqAddByParentAndTitle.do,GET,/arms/reqAdd/{changeReqTableName}/getReqAddByParentAndTitle.do,/arms/reqAdd,getReqAddByParentAndTitle,com/arms/api/requirement/reqadd/controller/ReqAddController.java,406,,,
182,own,자체 선언,ReqAddController,com.arms.api.requirement.reqadd.controller,GET /arms/reqAdd/{changeReqTableName}/getReqAddByReqDefId.do,GET,/arms/reqAdd/{changeReqTableName}/getReqAddByReqDefId.do,/arms/reqAdd,getReqAddByReqDefId,com/arms/api/requirement/reqadd/controller/ReqAddController.java,419,,,
183,own,자체 선언,ReqAddController,com.arms.api.requirement.reqadd.controller,GET /arms/reqAdd/{changeReqTableName}/getReqAddListByFilter,GET,/arms/reqAdd/{changeReqTableName}/getReqAddListByFilter,/arms/reqAdd,getReqAddListByFilter,com/arms/api/requirement/reqadd/controller/ReqAddController.java,341,,,
184,own,자체 선언,ReqAddController,com.arms.api.requirement.reqadd.controller,GET /arms/reqAdd/{changeReqTableName}/getReqNodesWithoutRoot.do,GET,/arms/reqAdd/{changeReqTableName}/getReqNodesWithoutRoot.do,/arms/reqAdd,getReqNodesWithoutRoot,com/arms/api/requirement/reqadd/controller/ReqAddController.java,210,,,
185,own,자체 선언,ReqAddController,com.arms.api.requirement.reqadd.controller,GET /arms/reqAdd/{changeReqTableName}/getSwotReqNodesWithoutRoot.do,GET,/arms/reqAdd/{changeReqTableName}/getSwotReqNodesWithoutRoot.do,/arms/reqAdd,getSwotReqNodesWithoutRoot,com/arms/api/requirement/reqadd/controller/ReqAddController.java,233,,,
186,own,자체 선언,ReqAddController,com.arms.api.requirement.reqadd.controller,PUT /arms/reqAdd/{changeReqTableName}/moveNodeFromKafka.do,PUT,/arms/reqAdd/{changeReqTableName}/moveNodeFromKafka.do,/arms/reqAdd,moveNodeFromKafka,com/arms/api/requirement/reqadd/controller/ReqAddController.java,915,,,
187,own,자체 선언,ReqAddController,com.arms.api.requirement.reqadd.controller,POST /arms/reqAdd/{changeReqTableName}/pruneEmptyFoldersFromUpload.do,POST,/arms/reqAdd/{changeReqTableName}/pruneEmptyFoldersFromUpload.do,/arms/reqAdd,pruneEmptyFoldersFromUpload,com/arms/api/requirement/reqadd/controller/ReqAddController.java,386,,,
188,own,자체 선언,ReqAddController,com.arms.api.requirement.reqadd.controller,DELETE /arms/reqAdd/{changeReqTableName}/removeNodeFromKafka.do,DELETE,/arms/reqAdd/{changeReqTableName}/removeNodeFromKafka.do,/arms/reqAdd,removeNodeFromKafka,com/arms/api/requirement/reqadd/controller/ReqAddController.java,880,,,
189,own,자체 선언,ReqAddController,com.arms.api.requirement.reqadd.controller,PUT /arms/reqAdd/{changeReqTableName}/updateAllReqAddStateFromKafka.do,PUT,/arms/reqAdd/{changeReqTableName}/updateAllReqAddStateFromKafka.do,/arms/reqAdd,updateAllReqAddStateFromKafka,com/arms/api/requirement/reqadd/controller/ReqAddController.java,1094,,,
190,own,자체 선언,ReqAddController,com.arms.api.requirement.reqadd.controller,PUT /arms/reqAdd/{changeReqTableName}/updateDataBaseFromKafka.do,PUT,/arms/reqAdd/{changeReqTableName}/updateDataBaseFromKafka.do,/arms/reqAdd,updateDataBaseFromKafka,com/arms/api/requirement/reqadd/controller/ReqAddController.java,947,,,
191,own,자체 선언,ReqAddController,com.arms.api.requirement.reqadd.controller,PUT /arms/reqAdd/{changeReqTableName}/updateDateFromKafka.do,PUT,/arms/reqAdd/{changeReqTableName}/updateDateFromKafka.do,/arms/reqAdd,updateDateFromKafka,com/arms/api/requirement/reqadd/controller/ReqAddController.java,999,,,
192,own,자체 선언,ReqAddController,com.arms.api.requirement.reqadd.controller,PUT /arms/reqAdd/{changeReqTableName}/updateNodeFromKafka.do,PUT,/arms/reqAdd/{changeReqTableName}/updateNodeFromKafka.do,/arms/reqAdd,updateNodeFromKafka,com/arms/api/requirement/reqadd/controller/ReqAddController.java,753,,,
193,own,자체 선언,ReqAddController,com.arms.api.requirement.reqadd.controller,PUT /arms/reqAdd/{changeReqTableName}/updateReqAddTitleFromKafka.do,PUT,/arms/reqAdd/{changeReqTableName}/updateReqAddTitleFromKafka.do,/arms/reqAdd,updateReqAddTitleFromKafka,com/arms/api/requirement/reqadd/controller/ReqAddController.java,1046,,,
194,own,자체 선언,ReqAddPureController,com.arms.api.requirement.reqadd_pure.controller,GET /arms/reqAddPure/getFilesByNode.do,GET,/arms/reqAddPure/getFilesByNode.do,/arms/reqAddPure,getFilesByNode,com/arms/api/requirement/reqadd_pure/controller/ReqAddPureController.java,292,,,
195,own,자체 선언,ReqAddPureController,com.arms.api.requirement.reqadd_pure.controller,POST /arms/reqAddPure/sample/excel-to-list,POST,/arms/reqAddPure/sample/excel-to-list,/arms/reqAddPure,excelUpload,com/arms/api/requirement/reqadd_pure/controller/ReqAddPureController.java,305,,,
196,own,자체 선언,ReqAddPureController,com.arms.api.requirement.reqadd_pure.controller,POST /arms/reqAddPure/uploadFileToNode.do,POST,/arms/reqAddPure/uploadFileToNode.do,/arms/reqAddPure,uploadFileToNode,com/arms/api/requirement/reqadd_pure/controller/ReqAddPureController.java,275,,,
197,own,자체 선언,ReqAddPureController,com.arms.api.requirement.reqadd_pure.controller,GET /arms/reqAddPure/{changeReqTableName}/getChildNode.do,GET,/arms/reqAddPure/{changeReqTableName}/getChildNode.do,/arms/reqAddPure,getSwitchDBChildNode,com/arms/api/requirement/reqadd_pure/controller/ReqAddPureController.java,94,,,
198,own,자체 선언,ReqAddPureController,com.arms.api.requirement.reqadd_pure.controller,GET /arms/reqAddPure/{changeReqTableName}/getChildNodeWithParent.do,GET,/arms/reqAddPure/{changeReqTableName}/getChildNodeWithParent.do,/arms/reqAddPure,getSwitchDBChildNodeWithParent,com/arms/api/requirement/reqadd_pure/controller/ReqAddPureController.java,124,,,
199,own,자체 선언,ReqAddPureController,com.arms.api.requirement.reqadd_pure.controller,GET /arms/reqAddPure/{changeReqTableName}/getMonitor.do,GET,/arms/reqAddPure/{changeReqTableName}/getMonitor.do,/arms/reqAddPure,getMonitor,com/arms/api/requirement/reqadd_pure/controller/ReqAddPureController.java,70,,,
200,own,자체 선언,ReqAddPureController,com.arms.api.requirement.reqadd_pure.controller,GET /arms/reqAddPure/{changeReqTableName}/getNode.do,GET,/arms/reqAddPure/{changeReqTableName}/getNode.do,/arms/reqAddPure,getSwitchDBNode,com/arms/api/requirement/reqadd_pure/controller/ReqAddPureController.java,159,,,
201,own,자체 선언,ReqAddPureController,com.arms.api.requirement.reqadd_pure.controller,GET /arms/reqAddPure/{changeReqTableName}/getReqAddListByFilter,GET,/arms/reqAddPure/{changeReqTableName}/getReqAddListByFilter,/arms/reqAddPure,getReqAddListByFilter,com/arms/api/requirement/reqadd_pure/controller/ReqAddPureController.java,189,,,
202,own,자체 선언,ReqAddPureController,com.arms.api.requirement.reqadd_pure.controller,POST /arms/reqAddPure/{changeReqTableName}/moveNode.do,POST,/arms/reqAddPure/{changeReqTableName}/moveNode.do,/arms/reqAddPure,moveReqNode,com/arms/api/requirement/reqadd_pure/controller/ReqAddPureController.java,251,,,
203,own,자체 선언,ReqAddPureController,com.arms.api.requirement.reqadd_pure.controller,POST /arms/reqAddPure/{changeReqTableName}/removeNode.do,POST,/arms/reqAddPure/{changeReqTableName}/removeNode.do,/arms/reqAddPure,removeReqNode,com/arms/api/requirement/reqadd_pure/controller/ReqAddPureController.java,227,,,
204,own,자체 선언,ReqAddPureController,com.arms.api.requirement.reqadd_pure.controller,PUT /arms/reqAddPure/{changeReqTableName}/updateDrawDBContents.do,PUT,/arms/reqAddPure/{changeReqTableName}/updateDrawDBContents.do,/arms/reqAddPure,updateDrawDBContents,com/arms/api/requirement/reqadd_pure/controller/ReqAddPureController.java,342,,,
205,own,자체 선언,ReqAddPureController,com.arms.api.requirement.reqadd_pure.controller,POST /arms/reqAddPure/{changeReqTableName}/updateDrawIOContents.do,POST,/arms/reqAddPure/{changeReqTableName}/updateDrawIOContents.do,/arms/reqAddPure,updateDrawIOContents,com/arms/api/requirement/reqadd_pure/controller/ReqAddPureController.java,319,,,
206,own,자체 선언,ReqAddStatePureController,com.arms.api.requirement.reqadd_state_pure.controller,GET /arms/reqAddStatePure/{changeReqTableName}/assigneeTrace,GET,/arms/reqAddStatePure/{changeReqTableName}/assigneeTrace,/arms/reqAddStatePure,assigneeTrace,com/arms/api/requirement/reqadd_state_pure/controller/ReqAddStatePureController.java,189,,,
207,own,자체 선언,ReqAddStatePureController,com.arms.api.requirement.reqadd_state_pure.controller,GET /arms/reqAddStatePure/{changeReqTableName}/calculateProgress.do,GET,/arms/reqAddStatePure/{changeReqTableName}/calculateProgress.do,/arms/reqAddStatePure,calculateProgress,com/arms/api/requirement/reqadd_state_pure/controller/ReqAddStatePureController.java,73,,,
208,own,자체 선언,ReqAddStatePureController,com.arms.api.requirement.reqadd_state_pure.controller,GET /arms/reqAddStatePure/{changeReqTableName}/monthlyProgressRate,GET,/arms/reqAddStatePure/{changeReqTableName}/monthlyProgressRate,/arms/reqAddStatePure,monthlyProgressRate,com/arms/api/requirement/reqadd_state_pure/controller/ReqAddStatePureController.java,149,,,
209,own,자체 선언,ReqAddStatePureController,com.arms.api.requirement.reqadd_state_pure.controller,GET /arms/reqAddStatePure/{changeReqTableName}/monthlyWorkload,GET,/arms/reqAddStatePure/{changeReqTableName}/monthlyWorkload,/arms/reqAddStatePure,monthlyWorkload,com/arms/api/requirement/reqadd_state_pure/controller/ReqAddStatePureController.java,129,,,
210,own,자체 선언,ReqAddStatePureController,com.arms.api.requirement.reqadd_state_pure.controller,GET /arms/reqAddStatePure/{changeReqTableName}/progressDataByAssignee,GET,/arms/reqAddStatePure/{changeReqTableName}/progressDataByAssignee,/arms/reqAddStatePure,progressDataByAssignee,com/arms/api/requirement/reqadd_state_pure/controller/ReqAddStatePureController.java,179,,,
211,own,자체 선언,ReqAddStatePureController,com.arms.api.requirement.reqadd_state_pure.controller,GET /arms/reqAddStatePure/{changeReqTableName}/reportReqStatus,GET,/arms/reqAddStatePure/{changeReqTableName}/reportReqStatus,/arms/reqAddStatePure,reportReqStatus,com/arms/api/requirement/reqadd_state_pure/controller/ReqAddStatePureController.java,91,,,
212,own,자체 선언,ReqAddStatePureController,com.arms.api.requirement.reqadd_state_pure.controller,GET /arms/reqAddStatePure/{changeReqTableName}/reqProgress.do,GET,/arms/reqAddStatePure/{changeReqTableName}/reqProgress.do,/arms/reqAddStatePure,reqProgress,com/arms/api/requirement/reqadd_state_pure/controller/ReqAddStatePureController.java,52,,,
213,own,자체 선언,ReqAddStatePureController,com.arms.api.requirement.reqadd_state_pure.controller,GET /arms/reqAddStatePure/{changeReqTableName}/weeklyProgressRate,GET,/arms/reqAddStatePure/{changeReqTableName}/weeklyProgressRate,/arms/reqAddStatePure,weeklyProgressRate,com/arms/api/requirement/reqadd_state_pure/controller/ReqAddStatePureController.java,159,,,
214,own,자체 선언,ReqAddStatePureController,com.arms.api.requirement.reqadd_state_pure.controller,GET /arms/reqAddStatePure/{changeReqTableName}/weeklyReportReqStatus,GET,/arms/reqAddStatePure/{changeReqTableName}/weeklyReportReqStatus,/arms/reqAddStatePure,weeklyReportReqStatus,com/arms/api/requirement/reqadd_state_pure/controller/ReqAddStatePureController.java,109,,,
215,own,자체 선언,ReqAddStatePureController,com.arms.api.requirement.reqadd_state_pure.controller,GET /arms/reqAddStatePure/{changeReqTableName}/weeklyWorkload,GET,/arms/reqAddStatePure/{changeReqTableName}/weeklyWorkload,/arms/reqAddStatePure,weeklyWorkload,com/arms/api/requirement/reqadd_state_pure/controller/ReqAddStatePureController.java,139,,,
216,own,자체 선언,ReqAddStatePureController,com.arms.api.requirement.reqadd_state_pure.controller,GET /arms/reqAddStatePure/{changeReqTableName}/workloadByAssignee,GET,/arms/reqAddStatePure/{changeReqTableName}/workloadByAssignee,/arms/reqAddStatePure,workloadByAssignee,com/arms/api/requirement/reqadd_state_pure/controller/ReqAddStatePureController.java,169,,,
217,own,자체 선언,ReqCommentController,com.arms.api.requirement.reqcomment.controller,POST /arms/reqComment/addReqComment.do,POST,/arms/reqComment/addReqComment.do,/arms/reqComment,addReqComment,com/arms/api/requirement/reqcomment/controller/ReqCommentController.java,183,,,
218,own,자체 선언,ReqCommentController,com.arms.api.requirement.reqcomment.controller,GET /arms/reqComment/getReqCommentChildNode.do,GET,/arms/reqComment/getReqCommentChildNode.do,/arms/reqComment,getReqCommentChildNode,com/arms/api/requirement/reqcomment/controller/ReqCommentController.java,106,,,
219,own,자체 선언,ReqCommentController,com.arms.api.requirement.reqcomment.controller,GET /arms/reqComment/getReqCommentList.do,GET,/arms/reqComment/getReqCommentList.do,/arms/reqComment,getReqCommentList,com/arms/api/requirement/reqcomment/controller/ReqCommentController.java,67,,,
220,own,자체 선언,ReqCommentController,com.arms.api.requirement.reqcomment.controller,GET /arms/reqComment/getReqCommentPagingByPdService.do,GET,/arms/reqComment/getReqCommentPagingByPdService.do,/arms/reqComment,getReqCommentPagingByPdService,com/arms/api/requirement/reqcomment/controller/ReqCommentController.java,129,,,
221,own,자체 선언,ReqCommentController,com.arms.api.requirement.reqcomment.controller,GET /arms/reqComment/getTotalCountReqComment.do,GET,/arms/reqComment/getTotalCountReqComment.do,/arms/reqComment,getTotalCountReqComment,com/arms/api/requirement/reqcomment/controller/ReqCommentController.java,158,,,
222,own,자체 선언,ReqCommentController,com.arms.api.requirement.reqcomment.controller,GET /arms/reqComment/getUserReqCommentList.do,GET,/arms/reqComment/getUserReqCommentList.do,/arms/reqComment,getUserReqCommentList,com/arms/api/requirement/reqcomment/controller/ReqCommentController.java,87,,,
223,own,자체 선언,ReqStateCategoryController,com.arms.api.requirement.reqstate_category.controller,GET /arms/reqStateCategory/getClosedCategory.do,GET,/arms/reqStateCategory/getClosedCategory.do,/arms/reqStateCategory,완료상태_카테고리_조회,com/arms/api/requirement/reqstate_category/controller/ReqStateCategoryController.java,57,,,
224,own,자체 선언,ReqStateCategoryController,com.arms.api.requirement.reqstate_category.controller,DELETE /arms/reqStateCategory/removeNode.do,DELETE,/arms/reqStateCategory/removeNode.do,/arms/reqStateCategory,removeNode,com/arms/api/requirement/reqstate_category/controller/ReqStateCategoryController.java,78,,,
225,own,자체 선언,ReqStateController,com.arms.api.requirement.reqstate.controller,POST /arms/reqState/addStateNode.do,POST,/arms/reqState/addStateNode.do,/arms/reqState,addStateNode,com/arms/api/requirement/reqstate/controller/ReqStateController.java,68,,,
226,own,자체 선언,ReqStateController,com.arms.api.requirement.reqstate.controller,GET /arms/reqState/complete-keyword,GET,/arms/reqState/complete-keyword,/arms/reqState,요구사항_완료_키워드조회,com/arms/api/requirement/reqstate/controller/ReqStateController.java,141,,,
227,own,자체 선언,ReqStateController,com.arms.api.requirement.reqstate.controller,PUT /arms/reqState/defaultSetting.do,PUT,/arms/reqState/defaultSetting.do,/arms/reqState,기본_상태_설정,com/arms/api/requirement/reqstate/controller/ReqStateController.java,183,,,
228,own,자체 선언,ReqStateController,com.arms.api.requirement.reqstate.controller,GET /arms/reqState/getReqStateListFilter.do,GET,/arms/reqState/getReqStateListFilter.do,/arms/reqState,카테고리_매핑된_상태목록_조회,com/arms/api/requirement/reqstate/controller/ReqStateController.java,159,,,
229,own,자체 선언,ReqStateController,com.arms.api.requirement.reqstate.controller,DELETE /arms/reqState/removeNodeAndChangeState.do,DELETE,/arms/reqState/removeNodeAndChangeState.do,/arms/reqState,removeNodeAndChangeState,com/arms/api/requirement/reqstate/controller/ReqStateController.java,118,,,
230,own,자체 선언,ReqStateController,com.arms.api.requirement.reqstate.controller,PUT /arms/reqState/updateNode.do,PUT,/arms/reqState/updateNode.do,/arms/reqState,updateNode,com/arms/api/requirement/reqstate/controller/ReqStateController.java,95,,,
231,own,자체 선언,ReqStatusCalendarController,com.arms.api.requirement.reqstatus_calendar.controller,GET /arms/reqStatus/calendar,GET,/arms/reqStatus/calendar,/arms/reqStatus/calendar,getCalendarData,com/arms/api/requirement/reqstatus_calendar/controller/ReqStatusCalendarController.java,26,,,
232,own,자체 선언,ReqStatusController,com.arms.api.requirement.reqstatus.controller,PUT /arms/reqStatus/deleteWithdrawal.do,PUT,/arms/reqStatus/deleteWithdrawal.do,/arms/reqStatus,이슈삭제_철회,com/arms/api/requirement/reqstatus/controller/ReqStatusController.java,141,,,
233,own,자체 선언,ReqStatusController,com.arms.api.requirement.reqstatus.controller,GET /arms/reqStatus/issue-list-by-updated-2nd,GET,/arms/reqStatus/issue-list-by-updated-2nd,/arms/reqStatus,issueListByUpdated2ndTab,com/arms/api/requirement/reqstatus/controller/ReqStatusController.java,421,,,
234,own,자체 선언,ReqStatusController,com.arms.api.requirement.reqstatus.controller,GET /arms/reqStatus/issueListByOverallUpdatedDate,GET,/arms/reqStatus/issueListByOverallUpdatedDate,/arms/reqStatus,issueListByOverallUpdatedDate,com/arms/api/requirement/reqstatus/controller/ReqStatusController.java,444,,,
235,own,자체 선언,ReqStatusController,com.arms.api.requirement.reqstatus.controller,POST /arms/reqStatus/subtasks-and-linked-issues,POST,/arms/reqStatus/subtasks-and-linked-issues,/arms/reqStatus,subtasksAndLinkedIssues,com/arms/api/requirement/reqstatus/controller/ReqStatusController.java,438,,,
236,own,자체 선언,ReqStatusController,com.arms.api.requirement.reqstatus.controller,POST /arms/reqStatus/{changeReqTableName}/addStatusNode.do,POST,/arms/reqStatus/{changeReqTableName}/addStatusNode.do,/arms/reqStatus,요구사항_상태_정보_저장하기,com/arms/api/requirement/reqstatus/controller/ReqStatusController.java,81,,,
237,own,자체 선언,ReqStatusController,com.arms.api.requirement.reqstatus.controller,GET /arms/reqStatus/{changeReqTableName}/deletedIssueList,GET,/arms/reqStatus/{changeReqTableName}/deletedIssueList,/arms/reqStatus,getDeletedIssueList,com/arms/api/requirement/reqstatus/controller/ReqStatusController.java,128,,,
238,own,자체 선언,ReqStatusController,com.arms.api.requirement.reqstatus.controller,GET /arms/reqStatus/{changeReqTableName}/getPdRelatedReqStats.do,GET,/arms/reqStatus/{changeReqTableName}/getPdRelatedReqStats.do,/arms/reqStatus,getPdRelatedReqStats,com/arms/api/requirement/reqstatus/controller/ReqStatusController.java,284,,,
239,own,자체 선언,ReqStatusController,com.arms.api.requirement.reqstatus.controller,GET /arms/reqStatus/{changeReqTableName}/getPdReqStats.do,GET,/arms/reqStatus/{changeReqTableName}/getPdReqStats.do,/arms/reqStatus,getPdReqStats,com/arms/api/requirement/reqstatus/controller/ReqStatusController.java,266,,,
240,own,자체 선언,ReqStatusController,com.arms.api.requirement.reqstatus.controller,GET /arms/reqStatus/{changeReqTableName}/getReqStatusListByCReqLink.do,GET,/arms/reqStatus/{changeReqTableName}/getReqStatusListByCReqLink.do,/arms/reqStatus,getReqStatusListByCReqLink,com/arms/api/requirement/reqstatus/controller/ReqStatusController.java,326,,,
241,own,자체 선언,ReqStatusController,com.arms.api.requirement.reqstatus.controller,GET /arms/reqStatus/{changeReqTableName}/getStatistics.do,GET,/arms/reqStatus/{changeReqTableName}/getStatistics.do,/arms/reqStatus,getStatistics,com/arms/api/requirement/reqstatus/controller/ReqStatusController.java,174,,,
242,own,자체 선언,ReqStatusController,com.arms.api.requirement.reqstatus.controller,GET /arms/reqStatus/{changeReqTableName}/getStatusMonitor.do,GET,/arms/reqStatus/{changeReqTableName}/getStatusMonitor.do,/arms/reqStatus,getStatusMonitor,com/arms/api/requirement/reqstatus/controller/ReqStatusController.java,104,,,
243,own,자체 선언,ReqStatusController,com.arms.api.requirement.reqstatus.controller,GET /arms/reqStatus/{changeReqTableName}/getStatusNode.do,GET,/arms/reqStatus/{changeReqTableName}/getStatusNode.do,/arms/reqStatus,getStatusNode,com/arms/api/requirement/reqstatus/controller/ReqStatusController.java,351,,,
244,own,자체 선언,ReqStatusController,com.arms.api.requirement.reqstatus.controller,GET /arms/reqStatus/{changeReqTableName}/issue-list-by-updated,GET,/arms/reqStatus/{changeReqTableName}/issue-list-by-updated,/arms/reqStatus,issueListByUpdated,com/arms/api/requirement/reqstatus/controller/ReqStatusController.java,427,,,
245,own,자체 선언,ReqStatusController,com.arms.api.requirement.reqstatus.controller,DELETE /arms/reqStatus/{changeReqTableName}/removeNode.do,DELETE,/arms/reqStatus/{changeReqTableName}/removeNode.do,/arms/reqStatus,removeReqStatusNode,com/arms/api/requirement/reqstatus/controller/ReqStatusController.java,400,,,
246,own,자체 선언,ReqStatusController,com.arms.api.requirement.reqstatus.controller,GET /arms/reqStatus/{changeReqTableName}/req-status-dashboard,GET,/arms/reqStatus/{changeReqTableName}/req-status-dashboard,/arms/reqStatus,getReqStatusDashboard,com/arms/api/requirement/reqstatus/controller/ReqStatusController.java,450,,,
247,own,자체 선언,ReqStatusController,com.arms.api.requirement.reqstatus.controller,GET /arms/reqStatus/{changeReqTableName}/reqIssues-created-together.do,GET,/arms/reqStatus/{changeReqTableName}/reqIssues-created-together.do,/arms/reqStatus,요구사항_이슈_묶음_조회,com/arms/api/requirement/reqstatus/controller/ReqStatusController.java,233,,,
248,own,자체 선언,ReqStatusController,com.arms.api.requirement.reqstatus.controller,POST /arms/reqStatus/{changeReqTableName}/reqStatusCheckAfterAlmProcess.do,POST,/arms/reqStatus/{changeReqTableName}/reqStatusCheckAfterAlmProcess.do,/arms/reqStatus,요구사항_상태_확인후_ALM처리_및_REQSTATUS_업데이트,com/arms/api/requirement/reqstatus/controller/ReqStatusController.java,376,,,
249,own,자체 선언,ReqStatusController,com.arms.api.requirement.reqstatus.controller,PUT /arms/reqStatus/{changeReqTableName}/updateStatusNode.do,PUT,/arms/reqStatus/{changeReqTableName}/updateStatusNode.do,/arms/reqStatus,요구사항_상황_수정하기,com/arms/api/requirement/reqstatus/controller/ReqStatusController.java,153,,,
250,own,자체 선언,ReqStatusSyncController,com.arms.api.util.dynamicscheduler.controller,POST /arms/reqStatusSync/es-to-db,POST,/arms/reqStatusSync/es-to-db,/arms/reqStatusSync,엔진수집결과_동기화,com/arms/api/util/dynamicscheduler/controller/ReqStatusSyncController.java,21,,,
251,own,자체 선언,ReqTraceController,com.arms.api.report.reqtrace.controller,GET /arms/report/reqTrace/{changeReqTableName}/getReqTraceList.do,GET,/arms/report/reqTrace/{changeReqTableName}/getReqTraceList.do,/arms/report/reqTrace,getReqTrace,com/arms/api/report/reqtrace/controller/ReqTraceController.java,21,,,
252,own,자체 선언,ResourceController,com.arms.api.analysis.resource.controller,GET /admin/arms/analysis/resource/assignees-info,GET,/admin/arms/analysis/resource/assignees-info,/admin/arms/analysis/resource,findAssigneesInfoData,com/arms/api/analysis/resource/controller/ResourceController.java,58,,,
253,own,자체 선언,ResourceController,com.arms.api.analysis.resource.controller,GET /admin/arms/analysis/resource/assignees-requirements-involvements-v3,GET,/admin/arms/analysis/resource/assignees-requirements-involvements-v3,/admin/arms/analysis/resource,findTreeMapChartDataV3,com/arms/api/analysis/resource/controller/ResourceController.java,105,,,
254,own,자체 선언,ResourceController,com.arms.api.analysis.resource.controller,GET /admin/arms/analysis/resource/findAssigneeRequirementInvolvementData,GET,/admin/arms/analysis/resource/findAssigneeRequirementInvolvementData,/admin/arms/analysis/resource,assigneeRequirementInvolvementDetailData,com/arms/api/analysis/resource/controller/ResourceController.java,111,,,
255,own,자체 선언,ResourceController,com.arms.api.analysis.resource.controller,GET /admin/arms/analysis/resource/findAssigneeRequirementInvolvementDataDownload,GET,/admin/arms/analysis/resource/findAssigneeRequirementInvolvementDataDownload,/admin/arms/analysis/resource,findAssigneeRequirementInvolvementDataDownload,com/arms/api/analysis/resource/controller/ResourceController.java,116,,,
256,own,자체 선언,ResourceController,com.arms.api.analysis.resource.controller,GET /admin/arms/analysis/resource/issue-status-by-assignee,GET,/admin/arms/analysis/resource/issue-status-by-assignee,/admin/arms/analysis/resource,issueStatusDataByAssignee,com/arms/api/analysis/resource/controller/ResourceController.java,37,,,
257,own,자체 선언,ResourceController,com.arms.api.analysis.resource.controller,GET /admin/arms/analysis/resource/issue-status-stacked-bar,GET,/admin/arms/analysis/resource/issue-status-stacked-bar,/admin/arms/analysis/resource,issueStatusStackedBarChartData,com/arms/api/analysis/resource/controller/ResourceController.java,145,,,
258,own,자체 선언,ResourceController,com.arms.api.analysis.resource.controller,POST /admin/arms/analysis/resource/top-contributors/horizontal-bar,POST,/admin/arms/analysis/resource/top-contributors/horizontal-bar,/admin/arms/analysis/resource,findHorizontalBarChartData,com/arms/api/analysis/resource/controller/ResourceController.java,88,,,
259,own,자체 선언,ResourceController,com.arms.api.analysis.resource.controller,POST /admin/arms/analysis/resource/top-contributors/horizontal-bar-at-once,POST,/admin/arms/analysis/resource/top-contributors/horizontal-bar-at-once,/admin/arms/analysis/resource,findHorizontalBarChartDataAtOnce,com/arms/api/analysis/resource/controller/ResourceController.java,96,,,
260,own,자체 선언,ResourceController,com.arms.api.analysis.resource.controller,GET /admin/arms/analysis/resource/top-contributors/pie,GET,/admin/arms/analysis/resource/top-contributors/pie,/admin/arms/analysis/resource,findPieChartData,com/arms/api/analysis/resource/controller/ResourceController.java,79,,,
261,own,자체 선언,ResourceController,com.arms.api.analysis.resource.controller,GET /admin/arms/analysis/resource/top-contributors/pie-expand,GET,/admin/arms/analysis/resource/top-contributors/pie-expand,/admin/arms/analysis/resource,findPieChartDataExpand,com/arms/api/analysis/resource/controller/ResourceController.java,70,,,
262,own,자체 선언,ResourceController,com.arms.api.analysis.resource.controller,GET /admin/arms/analysis/resource/version-assignee-summary,GET,/admin/arms/analysis/resource/version-assignee-summary,/admin/arms/analysis/resource,versionAssigneeIssueSummary,com/arms/api/analysis/resource/controller/ResourceController.java,47,,,
263,own,자체 선언,ResourceController,com.arms.api.analysis.resource.controller,GET /admin/arms/analysis/resource/word-cloud-data,GET,/admin/arms/analysis/resource/word-cloud-data,/admin/arms/analysis/resource,findWordCloudData,com/arms/api/analysis/resource/controller/ResourceController.java,135,,,
264,own,자체 선언,SalaryController,com.arms.api.analysis.cost.controller,PUT /admin/arms/salaries,PUT,/admin/arms/salaries,/admin/arms/salaries,bulkUpdate,com/arms/api/analysis/cost/controller/SalaryController.java,81,,,
265,own,자체 선언,SalaryController,com.arms.api.analysis.cost.controller,POST /admin/arms/salaries/excel-download.do,POST,/admin/arms/salaries/excel-download.do,/admin/arms/salaries,연봉입력_엑셀템플릿_다운로드,com/arms/api/analysis/cost/controller/SalaryController.java,46,,,
266,own,자체 선언,SalaryController,com.arms.api.analysis.cost.controller,POST /admin/arms/salaries/excel-upload.do,POST,/admin/arms/salaries/excel-upload.do,/admin/arms/salaries,uploadSalaryTemplate,com/arms/api/analysis/cost/controller/SalaryController.java,70,,,
267,own,자체 선언,SalaryController,com.arms.api.analysis.cost.controller,GET /admin/arms/salaries/transfer-salary-info,GET,/admin/arms/salaries/transfer-salary-info,/admin/arms/salaries,transferSalaryInfo,com/arms/api/analysis/cost/controller/SalaryController.java,95,,,
268,own,자체 선언,SampleMybatisContoller,com.arms.api.util.samplemybastis.controller,GET /arms/sample/mybatis/getList,GET,/arms/sample/mybatis/getList,/arms/sample/mybatis,getList,com/arms/api/util/samplemybastis/controller/SampleMybatisContoller.java,27,,,
269,own,자체 선언,SchedulerController,com.arms.api.util.dynamicscheduler.controller,GET /arms/scheduler/atlassian/directory-user/sync,GET,/arms/scheduler/atlassian/directory-user/sync,/arms/scheduler,syncAtlassianDirectoryUsers,com/arms/api/util/dynamicscheduler/controller/SchedulerController.java,79,,,
270,own,자체 선언,SchedulerController,com.arms.api.util.dynamicscheduler.controller,PUT /arms/scheduler/cacheStatusMappingData,PUT,/arms/scheduler/cacheStatusMappingData,/arms/scheduler,cacheStatusMappingData,com/arms/api/util/dynamicscheduler/controller/SchedulerController.java,71,,,
271,own,자체 선언,SchedulerController,com.arms.api.util.dynamicscheduler.controller,GET /arms/scheduler/pdservice/reqstatus/executeSequentialSchedules/storeToES,GET,/arms/scheduler/pdservice/reqstatus/executeSequentialSchedules/storeToES,/arms/scheduler,executeSequentialSchedules,com/arms/api/util/dynamicscheduler/controller/SchedulerController.java,29,,,
272,own,자체 선언,SchedulerController,com.arms.api.util.dynamicscheduler.controller,GET /arms/scheduler/pdservice/reqstatus/increment/executeSequentialSchedules/storeToES,GET,/arms/scheduler/pdservice/reqstatus/increment/executeSequentialSchedules/storeToES,/arms/scheduler,executeIncrementalIssueSequentialSchedules,com/arms/api/util/dynamicscheduler/controller/SchedulerController.java,37,,,
273,own,자체 선언,SchedulerController,com.arms.api.util.dynamicscheduler.controller,GET /arms/scheduler/pdservice/reqstatus/increment/executeSequentialSchedules/storeToES/withDateRange,GET,/arms/scheduler/pdservice/reqstatus/increment/executeSequentialSchedules/storeToES/withDateRange,/arms/scheduler,executeIncrementalIssueWithDateRangeSequentialSchedules,com/arms/api/util/dynamicscheduler/controller/SchedulerController.java,46,,,
274,own,자체 선언,SchedulerController,com.arms.api.util.dynamicscheduler.controller,GET /arms/scheduler/pdservice/reqstatus/recreateFailedReqIssue,GET,/arms/scheduler/pdservice/reqstatus/recreateFailedReqIssue,/arms/scheduler,retryFailedReqStatusCreationToElasticsearch,com/arms/api/util/dynamicscheduler/controller/SchedulerController.java,62,,,
275,own,자체 선언,SchedulerController,com.arms.api.util.dynamicscheduler.controller,GET /arms/scheduler/pdservice/reqstatus/updateFromES,GET,/arms/scheduler/pdservice/reqstatus/updateFromES,/arms/scheduler,updateReqStatusFromElasticsearch,com/arms/api/util/dynamicscheduler/controller/SchedulerController.java,54,,,
276,own,자체 선언,ScopeController,com.arms.api.analysis.scope.controller,POST /admin/arms/analysis/scope/getCircularPackingChartData/{changeReqTableName}/getReqAddListByFilter,POST,/admin/arms/analysis/scope/getCircularPackingChartData/{changeReqTableName}/getReqAddListByFilter,/admin/arms/analysis/scope,getCircularPackingChartData,com/arms/api/analysis/scope/controller/ScopeController.java,137,,,
277,own,자체 선언,ScopeController,com.arms.api.analysis.scope.controller,POST /admin/arms/analysis/scope/getNetworkChartExcelData,POST,/admin/arms/analysis/scope/getNetworkChartExcelData,/admin/arms/analysis/scope,getNetworkChartExcelDataVO,com/arms/api/analysis/scope/controller/ScopeController.java,154,,,
278,own,자체 선언,ScopeController,com.arms.api.analysis.scope.controller,GET /admin/arms/analysis/scope/getReqNetworkFilterData/{changeReqTableName}/getReqAddListByFilter,GET,/admin/arms/analysis/scope/getReqNetworkFilterData/{changeReqTableName}/getReqAddListByFilter,/admin/arms/analysis/scope,getReqNetworkFilterData,com/arms/api/analysis/scope/controller/ScopeController.java,61,,,
279,own,자체 선언,ScopeController,com.arms.api.analysis.scope.controller,POST /admin/arms/analysis/scope/getReqNetworkIssueData/{changeReqTableName}/getReqAddListByFilter,POST,/admin/arms/analysis/scope/getReqNetworkIssueData/{changeReqTableName}/getReqAddListByFilter,/admin/arms/analysis/scope,getReqNetworkIssueData,com/arms/api/analysis/scope/controller/ScopeController.java,51,,,
280,own,자체 선언,ScopeController,com.arms.api.analysis.scope.controller,POST /admin/arms/analysis/scope/getReqNetworkVersionData/{changeReqTableName}/getReqAddListByFilter,POST,/admin/arms/analysis/scope/getReqNetworkVersionData/{changeReqTableName}/getReqAddListByFilter,/admin/arms/analysis/scope,getReqNetworkVersionData,com/arms/api/analysis/scope/controller/ScopeController.java,39,,,
281,own,자체 선언,ScopeController,com.arms.api.analysis.scope.controller,POST /admin/arms/analysis/scope/req-per-version/{changeReqTableName}/getReqAddListByFilter,POST,/admin/arms/analysis/scope/req-per-version/{changeReqTableName}/getReqAddListByFilter,/admin/arms/analysis/scope,countByVersionNames,com/arms/api/analysis/scope/controller/ScopeController.java,79,,,
282,own,자체 선언,ScopeController,com.arms.api.analysis.scope.controller,POST /admin/arms/analysis/scope/tree-bar-data,POST,/admin/arms/analysis/scope/tree-bar-data,/admin/arms/analysis/scope,reqTreeBarData,com/arms/api/analysis/scope/controller/ScopeController.java,148,,,
283,own,자체 선언,ScopeController,com.arms.api.analysis.scope.controller,GET /admin/arms/analysis/scope/{changeReqTableName}/getDataTableIssues,GET,/admin/arms/analysis/scope/{changeReqTableName}/getDataTableIssues,/admin/arms/analysis/scope,getDataTableIssues,com/arms/api/analysis/scope/controller/ScopeController.java,110,,,
284,own,자체 선언,ScopeController,com.arms.api.analysis.scope.controller,POST /admin/arms/analysis/scope/{changeReqTableName}/issue-network,POST,/admin/arms/analysis/scope/{changeReqTableName}/issue-network,/admin/arms/analysis/scope,getReqNetworkFullData,com/arms/api/analysis/scope/controller/ScopeController.java,27,,,
285,own,자체 선언,ScopeController,com.arms.api.analysis.scope.controller,GET /admin/arms/analysis/scope/{changeReqTableName}/req-property-list,GET,/admin/arms/analysis/scope/{changeReqTableName}/req-property-list,/admin/arms/analysis/scope,reqAddWithPropertyListPerVersion,com/arms/api/analysis/scope/controller/ScopeController.java,95,,,
286,own,자체 선언,SystemInfoController,com.arms.api.backoffice.system.systeminfo.controller,GET /admin/arms/backoffice/system-info/getSystemInfo/org-link,GET,/admin/arms/backoffice/system-info/getSystemInfo/org-link,/admin/arms/backoffice/system-info,getSystemInfo,com/arms/api/backoffice/system/systeminfo/controller/SystemInfoController.java,18,,,
287,own,자체 선언,TemplateController,com.arms.api.report.export_service.controller,GET /arms/export/templates,GET,/arms/export/templates,/arms/export/templates,listTemplates,com/arms/api/report/export_service/controller/TemplateController.java,89,,,
288,own,자체 선언,TemplateController,com.arms.api.report.export_service.controller,GET /arms/export/templates/analyze,GET,/arms/export/templates/analyze,/arms/export/templates,analyzeTemplatePlaceholders,com/arms/api/report/export_service/controller/TemplateController.java,120,,,
289,own,자체 선언,TemplateController,com.arms.api.report.export_service.controller,GET /arms/export/templates/analyze/styles,GET,/arms/export/templates/analyze/styles,/arms/export/templates,analyzeParagraphStyles,com/arms/api/report/export_service/controller/TemplateController.java,261,,,
290,own,자체 선언,TemplateController,com.arms.api.report.export_service.controller,POST /arms/export/templates/bind,POST,/arms/export/templates/bind,/arms/export/templates,bindTemplate,com/arms/api/report/export_service/controller/TemplateController.java,363,,,
291,own,자체 선언,TemplateController,com.arms.api.report.export_service.controller,GET /arms/export/templates/convert/pdf,GET,/arms/export/templates/convert/pdf,/arms/export/templates,convertTemplateToPdf,com/arms/api/report/export_service/controller/TemplateController.java,412,,,
292,own,자체 선언,TemplateController,com.arms.api.report.export_service.controller,POST /arms/export/templates/convert/pdf,POST,/arms/export/templates/convert/pdf,/arms/export/templates,convertUploadedPptxToPdf,com/arms/api/report/export_service/controller/TemplateController.java,455,,,
293,own,자체 선언,TemplateController,com.arms.api.report.export_service.controller,GET /arms/export/templates/download/weekly-report,GET,/arms/export/templates/download/weekly-report,/arms/export/templates,weeklyReportTemplateDownload,com/arms/api/report/export_service/controller/TemplateController.java,65,,,
294,own,자체 선언,TemplateController,com.arms.api.report.export_service.controller,POST /arms/export/templates/export/editor,POST,/arms/export/templates/export/editor,/arms/export/templates,exportFromEditor,com/arms/api/report/export_service/controller/TemplateController.java,388,,,
295,own,자체 선언,TemplateController,com.arms.api.report.export_service.controller,POST /arms/export/templates/upload,POST,/arms/export/templates/upload,/arms/export/templates,uploadTemplate,com/arms/api/report/export_service/controller/TemplateController.java,303,,,
296,own,자체 선언,TemplateController,com.arms.api.report.export_service.controller,DELETE /arms/export/templates/{templateId},DELETE,/arms/export/templates/{templateId},/arms/export/templates,deleteTemplate,com/arms/api/report/export_service/controller/TemplateController.java,326,,,
297,own,자체 선언,TemplateController,com.arms.api.report.export_service.controller,GET /arms/export/templates/{templateId},GET,/arms/export/templates/{templateId},/arms/export/templates,getTemplate,com/arms/api/report/export_service/controller/TemplateController.java,103,,,
298,own,자체 선언,TemplateFileController,com.arms.api.report.export_service.controller,GET /arms/report-template/resolve,GET,/arms/report-template/resolve,/arms/report-template,resolveTemplate,com/arms/api/report/export_service/controller/TemplateFileController.java,149,,,
299,own,자체 선언,TemplateFileController,com.arms.api.report.export_service.controller,GET /arms/report-template/stream,GET,/arms/report-template/stream,/arms/report-template,getTemplateStream,com/arms/api/report/export_service/controller/TemplateFileController.java,216,,,
300,own,자체 선언,TemplateFileController,com.arms.api.report.export_service.controller,POST /arms/report-template/upload,POST,/arms/report-template/upload,/arms/report-template,uploadTemplate,com/arms/api/report/export_service/controller/TemplateFileController.java,67,,,
301,own,자체 선언,TemplateTestController,com.arms.api.report.export_service.controller,GET /arms/export/templates/test/alt-case,GET,/arms/export/templates/test/alt-case,/arms/export/templates/test,testAltTextBindingCasesGet,com/arms/api/report/export_service/controller/TemplateTestController.java,69,,,
302,own,자체 선언,TemplateTestController,com.arms.api.report.export_service.controller,POST /arms/export/templates/test/alt-case,POST,/arms/export/templates/test/alt-case,/arms/export/templates/test,testAltTextBindingCasesPost,com/arms/api/report/export_service/controller/TemplateTestController.java,101,,,
303,own,자체 선언,TemplateTestController,com.arms.api.report.export_service.controller,GET /arms/export/templates/test/alt-case/analyze,GET,/arms/export/templates/test/alt-case/analyze,/arms/export/templates/test,analyzeAltTextBindingCases,com/arms/api/report/export_service/controller/TemplateTestController.java,159,,,
304,own,자체 선언,TemplateTestController,com.arms.api.report.export_service.controller,GET /arms/export/templates/test/chart-table,GET,/arms/export/templates/test/chart-table,/arms/export/templates/test,testChartTableGet,com/arms/api/report/export_service/controller/TemplateTestController.java,718,,,
305,own,자체 선언,TemplateTestController,com.arms.api.report.export_service.controller,POST /arms/export/templates/test/chart-table,POST,/arms/export/templates/test/chart-table,/arms/export/templates/test,testChartTablePost,com/arms/api/report/export_service/controller/TemplateTestController.java,753,,,
306,own,자체 선언,TemplateTestController,com.arms.api.report.export_service.controller,GET /arms/export/templates/test/master-report,GET,/arms/export/templates/test/master-report,/arms/export/templates/test,testMasterReportGet,com/arms/api/report/export_service/controller/TemplateTestController.java,263,,,
307,own,자체 선언,TemplateTestController,com.arms.api.report.export_service.controller,POST /arms/export/templates/test/master-report,POST,/arms/export/templates/test/master-report,/arms/export/templates/test,testMasterReportPost,com/arms/api/report/export_service/controller/TemplateTestController.java,283,,,
308,own,자체 선언,TemplateTestController,com.arms.api.report.export_service.controller,GET /arms/export/templates/test/master-report/analyze,GET,/arms/export/templates/test/master-report/analyze,/arms/export/templates/test,analyzeMasterReportTemplate,com/arms/api/report/export_service/controller/TemplateTestController.java,296,,,
309,own,자체 선언,TemplateTestController,com.arms.api.report.export_service.controller,GET /arms/export/templates/test/simple-chart,GET,/arms/export/templates/test/simple-chart,/arms/export/templates/test,testSimpleChartGet,com/arms/api/report/export_service/controller/TemplateTestController.java,585,,,
310,own,자체 선언,TemplateTestController,com.arms.api.report.export_service.controller,POST /arms/export/templates/test/simple-chart,POST,/arms/export/templates/test/simple-chart,/arms/export/templates/test,testSimpleChartPost,com/arms/api/report/export_service/controller/TemplateTestController.java,612,,,
311,own,자체 선언,TemplateTestController,com.arms.api.report.export_service.controller,GET /arms/export/templates/test/textarea,GET,/arms/export/templates/test/textarea,/arms/export/templates/test,testTextareaGet,com/arms/api/report/export_service/controller/TemplateTestController.java,879,,,
312,own,자체 선언,TemplateTestController,com.arms.api.report.export_service.controller,POST /arms/export/templates/test/textarea,POST,/arms/export/templates/test/textarea,/arms/export/templates/test,testTextareaPost,com/arms/api/report/export_service/controller/TemplateTestController.java,908,,,
313,own,자체 선언,TemplateTestController,com.arms.api.report.export_service.controller,GET /arms/export/templates/test/textarea/analyze,GET,/arms/export/templates/test/textarea/analyze,/arms/export/templates/test,analyzeTextareaTemplate,com/arms/api/report/export_service/controller/TemplateTestController.java,918,,,
314,own,자체 선언,TimeController,com.arms.api.analysis.time.controller,POST /admin/arms/analysis/time/heatmap-data,POST,/admin/arms/analysis/time/heatmap-data,/admin/arms/analysis/time,getHeatMapDataForYear,com/arms/api/analysis/time/controller/TimeController.java,31,,,
315,own,자체 선언,TimeController,com.arms.api.analysis.time.controller,POST /admin/arms/analysis/time/scatter-data,POST,/admin/arms/analysis/time/scatter-data,/admin/arms/analysis/time,getScatterChartData,com/arms/api/analysis/time/controller/TimeController.java,43,,,
316,own,자체 선언,TimeController,com.arms.api.analysis.time.controller,POST /admin/arms/analysis/time/updated-issue/multi-combination-data,POST,/admin/arms/analysis/time/updated-issue/multi-combination-data,/admin/arms/analysis/time,getMultiCombinationChartData,com/arms/api/analysis/time/controller/TimeController.java,55,,,
317,own,자체 선언,TimeController,com.arms.api.analysis.time.controller,POST /admin/arms/analysis/time/updated-ridgeline,POST,/admin/arms/analysis/time/updated-ridgeline,/admin/arms/analysis/time,getRidgeLineData,com/arms/api/analysis/time/controller/TimeController.java,79,,,
318,own,자체 선언,TimeController,com.arms.api.analysis.time.controller,POST /admin/arms/analysis/time/updated-timeline,POST,/admin/arms/analysis/time/updated-timeline,/admin/arms/analysis/time,getUpdatedPdServiceVersionAlmIssueByDate,com/arms/api/analysis/time/controller/TimeController.java,67,,,
319,own,자체 선언,TopMenuController,com.arms.api.analysis.topmenu.controller,GET /arms/analysis/top-menu/issue/req-and-subtask,GET,/arms/analysis/top-menu/issue/req-and-subtask,/arms/analysis,analysisTopMenuSubTaskStatusSummary,com/arms/api/analysis/topmenu/controller/TopMenuController.java,49,,,
320,own,자체 선언,TopMenuController,com.arms.api.analysis.topmenu.controller,GET /arms/analysis/top-menu/resource-info,GET,/arms/analysis/top-menu/resource-info,/arms/analysis,topMenuResourceInfoWithReqAndSubtask,com/arms/api/analysis/topmenu/controller/TopMenuController.java,57,,,
321,own,자체 선언,TopMenuController,com.arms.api.analysis.topmenu.controller,GET /arms/analysis/top-menu/version/period,GET,/arms/analysis/top-menu/version/period,/arms/analysis,analysisTopMenuVersionPeriod,com/arms/api/analysis/topmenu/controller/TopMenuController.java,67,,,
322,own,자체 선언,TopMenuController,com.arms.api.analysis.topmenu.controller,POST /arms/analysis/top-menu/{changeReqTableName}/comprehensive-data,POST,/arms/analysis/top-menu/{changeReqTableName}/comprehensive-data,/arms/analysis,analysisTopMenuData,com/arms/api/analysis/topmenu/controller/TopMenuController.java,37,,,
323,own,자체 선언,TopMenuController,com.arms.api.analysis.topmenu.controller,POST /arms/analysis/top-menu/{changeReqTableName}/getReqAddListByFilter,POST,/arms/analysis/top-menu/{changeReqTableName}/getReqAddListByFilter,/arms/analysis,analysisTopMenuReqStatusSummary,com/arms/api/analysis/topmenu/controller/TopMenuController.java,23,,,
324,own,자체 선언,UserGroupController,com.arms.api.usergroup.controller,PUT /arms/userGroup/description,PUT,/arms/userGroup/description,/arms/userGroup,updateDescription,com/arms/api/usergroup/controller/UserGroupController.java,86,,,
325,own,자체 선언,UserGroupController,com.arms.api.usergroup.controller,POST /arms/userGroup/group,POST,/arms/userGroup/group,/arms/userGroup,addGroup,com/arms/api/usergroup/controller/UserGroupController.java,61,,,
326,own,자체 선언,UserGroupController,com.arms.api.usergroup.controller,GET /arms/userGroup/group/{groupId},GET,/arms/userGroup/group/{groupId},/arms/userGroup,getGroupEntity,com/arms/api/usergroup/controller/UserGroupController.java,53,,,
327,own,자체 선언,UserGroupController,com.arms.api.usergroup.controller,GET /arms/userGroup/list-by-product/{productServiceId},GET,/arms/userGroup/list-by-product/{productServiceId},/arms/userGroup,getUserGroupListByProductServiceId,com/arms/api/usergroup/controller/UserGroupController.java,35,,,
328,own,자체 선언,UserGroupController,com.arms.api.usergroup.controller,POST /arms/userGroup/members,POST,/arms/userGroup/members,/arms/userGroup,updateMembers,com/arms/api/usergroup/controller/UserGroupController.java,70,,,
329,own,자체 선언,UserGroupController,com.arms.api.usergroup.controller,GET /arms/userGroup/members/{groupId},GET,/arms/userGroup/members/{groupId},/arms/userGroup,getGroupMembers,com/arms/api/usergroup/controller/UserGroupController.java,45,,,
330,own,자체 선언,UserGroupController,com.arms.api.usergroup.controller,PUT /arms/userGroup/softDelete/{cId},PUT,/arms/userGroup/softDelete/{cId},/arms/userGroup,softDelete,com/arms/api/usergroup/controller/UserGroupController.java,78,,,
331,own,자체 선언,WeeklyKpiReportController,com.arms.api.report.collaboratekpi.controller,POST /arms/report/weekly/collaborate-kpi/export,POST,/arms/report/weekly/collaborate-kpi/export,/arms/report,exportWeeklyKpiReport,com/arms/api/report/collaboratekpi/controller/WeeklyKpiReportController.java,34,,,
332,own,자체 선언,WeeklyKpiReportController,com.arms.api.report.collaboratekpi.controller,GET /arms/report/weekly/collaborate-kpi/export/mock,GET,/arms/report/weekly/collaborate-kpi/export/mock,/arms/report,exportMockWeeklyKpiReport,com/arms/api/report/collaboratekpi/controller/WeeklyKpiReportController.java,56,,,
333,own,자체 선언,WeeklyReportController,com.arms.api.report.weekly.controller,GET /arms/report/getAvgIssuePerAssigneeOverallTime,GET,/arms/report/getAvgIssuePerAssigneeOverallTime,/arms/report,getAvgIssuePerAssigneeOverallTime,com/arms/api/report/weekly/controller/WeeklyReportController.java,150,,,
334,own,자체 선언,WeeklyReportController,com.arms.api.report.weekly.controller,POST /arms/report/weekly/business-report,POST,/arms/report/weekly/business-report,/arms/report,fetchWeeklyBusinessReport,com/arms/api/report/weekly/controller/WeeklyReportController.java,39,,,
335,own,자체 선언,WeeklyReportController,com.arms.api.report.weekly.controller,POST /arms/report/weekly/business-report/export,POST,/arms/report/weekly/business-report/export,/arms/report,exportWeeklyBusinessReport,com/arms/api/report/weekly/controller/WeeklyReportController.java,45,,,
336,own,자체 선언,WeeklyReportController,com.arms.api.report.weekly.controller,GET /arms/report/weekly/business-report/export/mock,GET,/arms/report/weekly/business-report/export/mock,/arms/report,exportMockWeeklyBusinessReport,com/arms/api/report/weekly/controller/WeeklyReportController.java,82,,,
337,own,자체 선언,WeeklyReportController,com.arms.api.report.weekly.controller,POST /arms/report/weekly/export,POST,/arms/report/weekly/export,/arms/report,exportWeeklyReport,com/arms/api/report/weekly/controller/WeeklyReportController.java,115,,,
338,own,자체 선언,WeeklyReportController,com.arms.api.report.weekly.controller,POST /arms/report/weekly/export/pdf,POST,/arms/report/weekly/export/pdf,/arms/report,exportWeeklyReportPDF,com/arms/api/report/weekly/controller/WeeklyReportController.java,135,,,
339,own,자체 선언,WeeklyReportController,com.arms.api.report.weekly.controller,POST /arms/report/weekly/resource,POST,/arms/report/weekly/resource,/arms/report,fetchResourceData,com/arms/api/report/weekly/controller/WeeklyReportController.java,110,,,
340,own,자체 선언,WeeklyReportController,com.arms.api.report.weekly.controller,POST /arms/report/weekly/scope,POST,/arms/report/weekly/scope,/arms/report,fetchScopeData,com/arms/api/report/weekly/controller/WeeklyReportController.java,105,,,
341,own,자체 선언,WeeklyReportController,com.arms.api.report.weekly.controller,POST /arms/report/weekly/send-request-dto,POST,/arms/report/weekly/send-request-dto,/arms/report,mapWeeklyReportRequest,com/arms/api/report/weekly/controller/WeeklyReportController.java,144,,,
342,own,자체 선언,WeeklyReportController,com.arms.api.report.weekly.controller,POST /arms/report/weekly/time,POST,/arms/report/weekly/time,/arms/report,fetchTimeData,com/arms/api/report/weekly/controller/WeeklyReportController.java,100,,,
343,own,자체 선언,WikiController,com.arms.api.wiki.controller,PUT /arms/wiki/changeRecent.do,PUT,/arms/wiki/changeRecent.do,/arms/wiki,changeRecent,com/arms/api/wiki/controller/WikiController.java,298,,,
344,own,자체 선언,WikiController,com.arms.api.wiki.controller,POST /arms/wiki/imageUpload.do,POST,/arms/wiki/imageUpload.do,/arms/wiki,imageUpload,com/arms/api/wiki/controller/WikiController.java,389,,,
345,own,자체 선언,WikiController,com.arms.api.wiki.controller,PUT /arms/wiki/updateWiki.do,PUT,/arms/wiki/updateWiki.do,/arms/wiki,updateWiki,com/arms/api/wiki/controller/WikiController.java,285,,,
346,own,자체 선언,WikiController,com.arms.api.wiki.controller,POST /arms/wiki/{changeReqTableName}/addNode.do,POST,/arms/wiki/{changeReqTableName}/addNode.do,/arms/wiki,addNode,com/arms/api/wiki/controller/WikiController.java,213,,,
347,own,자체 선언,WikiController,com.arms.api.wiki.controller,PUT /arms/wiki/{changeReqTableName}/alterNode.do,PUT,/arms/wiki/{changeReqTableName}/alterNode.do,/arms/wiki,alterNode,com/arms/api/wiki/controller/WikiController.java,310,,,
348,own,자체 선언,WikiController,com.arms.api.wiki.controller,PUT /arms/wiki/{changeReqTableName}/alterNodeType.do,PUT,/arms/wiki/{changeReqTableName}/alterNodeType.do,/arms/wiki,alterNodeType,com/arms/api/wiki/controller/WikiController.java,332,,,
349,own,자체 선언,WikiController,com.arms.api.wiki.controller,GET /arms/wiki/{changeReqTableName}/getChildNode.do,GET,/arms/wiki/{changeReqTableName}/getChildNode.do,/arms/wiki,getChildNode,com/arms/api/wiki/controller/WikiController.java,108,,,
350,own,자체 선언,WikiController,com.arms.api.wiki.controller,GET /arms/wiki/{changeReqTableName}/getMonitor.do,GET,/arms/wiki/{changeReqTableName}/getMonitor.do,/arms/wiki,getMonitor,com/arms/api/wiki/controller/WikiController.java,370,,,
351,own,자체 선언,WikiController,com.arms.api.wiki.controller,GET /arms/wiki/{changeReqTableName}/getNode.do,GET,/arms/wiki/{changeReqTableName}/getNode.do,/arms/wiki,getNode,com/arms/api/wiki/controller/WikiController.java,47,,,
352,own,자체 선언,WikiController,com.arms.api.wiki.controller,GET /arms/wiki/{changeReqTableName}/getNodesWithoutRoot.do,GET,/arms/wiki/{changeReqTableName}/getNodesWithoutRoot.do,/arms/wiki,getNodesWithoutRoot,com/arms/api/wiki/controller/WikiController.java,134,,,
353,own,자체 선언,WikiController,com.arms.api.wiki.controller,GET /arms/wiki/{changeReqTableName}/getPaginatedChildNode.do,GET,/arms/wiki/{changeReqTableName}/getPaginatedChildNode.do,/arms/wiki,getPaginatedChildNode,com/arms/api/wiki/controller/WikiController.java,162,,,
354,own,자체 선언,WikiController,com.arms.api.wiki.controller,POST /arms/wiki/{changeReqTableName}/moveNode.do,POST,/arms/wiki/{changeReqTableName}/moveNode.do,/arms/wiki,moveNode,com/arms/api/wiki/controller/WikiController.java,351,,,
355,own,자체 선언,WikiController,com.arms.api.wiki.controller,DELETE /arms/wiki/{changeReqTableName}/removeNode.do,DELETE,/arms/wiki/{changeReqTableName}/removeNode.do,/arms/wiki,removeNode,com/arms/api/wiki/controller/WikiController.java,244,,,
356,own,자체 선언,WikiController,com.arms.api.wiki.controller,GET /arms/wiki/{changeReqTableName}/searchNode.do,GET,/arms/wiki/{changeReqTableName}/searchNode.do,/arms/wiki,searchNode,com/arms/api/wiki/controller/WikiController.java,189,,,
357,own,자체 선언,WikiController,com.arms.api.wiki.controller,PUT /arms/wiki/{changeReqTableName}/updateNode.do,PUT,/arms/wiki/{changeReqTableName}/updateNode.do,/arms/wiki,updateNode,com/arms/api/wiki/controller/WikiController.java,267,,,
358,own,자체 선언,WikiController,com.arms.api.wiki.controller,GET /arms/wiki/{wikiId}/getWiki.do,GET,/arms/wiki/{wikiId}/getWiki.do,/arms/wiki,getWiki,com/arms/api/wiki/controller/WikiController.java,71,,,
359,own,자체 선언,WikiController,com.arms.api.wiki.controller,GET /arms/wiki/{wikiId}/getWikiVersions.do,GET,/arms/wiki/{wikiId}/getWikiVersions.do,/arms/wiki,getWikiVersions,com/arms/api/wiki/controller/WikiController.java,97,,,
360,own,자체 선언,WikiController,com.arms.api.wiki.controller,GET /arms/wiki/{wikiId}/{version}/getWiki.do,GET,/arms/wiki/{wikiId}/{version}/getWiki.do,/arms/wiki,getWiki,com/arms/api/wiki/controller/WikiController.java,84,,,
361,inherited,상속(TreeAbstractController),TreeAbstractController,com.arms.egovframework.javaservice.treeframework.controller,POST {basePath}/addNode.do,POST,{basePath}/addNode.do,,addNode,com/arms/egovframework/javaservice/treeframework/controller/TreeAbstractController.java,176,58,AdminPatchController@/arms/patchnote;BlogController@/anonymous/arms/blog;DynamicDBMakerController@/arms/dynamicDBMaker;FileRepositoryController@/arms/fileRepository;FileRepositoryLogController@/arms/fileRepositoryLog;HolidayController@/arms/backoffice/holiday;JiraIssuePriorityController@/arms/jiraIssuePriority;JiraIssuePriorityLogController@/arms/jiraIssuePriorityLog;JiraIssueResolutionController@/arms/jiraIssueResolution;JiraIssueResolutionLogController@/arms/jiraIssueResolutionLog;JiraIssueStatusCategoryMapController@/arms/jiraIssueStatusCategoryMap;JiraIssueStatusController@/arms/jiraIssueStatus;JiraIssueStatusLogController@/arms/jiraIssueStatusLog;JiraIssueTypeController@/arms/jiraIssueType;JiraIssueTypeLogController@/arms/jiraIssueTypeLog;JiraProjectController@/arms/jiraProject;JiraProjectIssueTypePureController@/arms/jiraProjectIssueTypePure;JiraProjectLogController@/arms/jiraProjectLog;JiraProjectPureController@/arms/jiraProjectPure;JiraServerController@/arms/jiraServer;JiraServerLogController@/arms/jiraServerLog;JiraServerProjectPureController@/arms/jiraServerProjectPure;JiraServerPureController@/arms/jiraServerPure;NewsletterController@/anonymous/cover/newsletter;PatchnoteController@/anonymous/arms/patchnote;PdServiceController@/arms/pdService;PdServiceDetailController@/arms/pdServiceDetail;PdServiceLogController@/arms/pdServiceLog;PdServicePureController@/arms/pdServicePure;PdServiceVersionController@/arms/pdServiceVersion;PdServiceVersionLogController@/arms/pdServiceVersionLog;ReceiverController@/arms/report/mail-receiver;ReceiverLogController@/arms/report/mail-receiver-log;ReqAddController@/arms/reqAdd;ReqAddLogController@/arms/reqAddLog;ReqAddPureController@/arms/reqAddPure;ReqAddStatePureController@/arms/reqAddStatePure;ReqCommentController@/arms/reqComment;ReqCommentLogController@/arms/reqCommentLog;ReqDifficultyController@/arms/reqDifficulty;ReqImportanceController@/arms/reqImportance;ReqPriorityController@/arms/reqPriority;ReqReviewCommentController@/arms/reqReviewComment;ReqReviewCommentLogController@/arms/reqReviewCommentLog;ReqReviewController@/arms/reqReview;ReqReviewLogController@/arms/reqReviewLog;ReqStateCategoryController@/arms/reqStateCategory;ReqStateCategoryLogController@/arms/reqStateCategoryLog;ReqStateController@/arms/reqState;ReqStatusController@/arms/reqStatus;ReqStatusLogController@/arms/reqStatusLog;ReqUrgencyController@/arms/reqUrgency;SalaryController@/admin/arms/salaries;SalaryLogController@/arms/salaryLog;SenderController@/arms/report/mail-sender;SenderLogController@/arms/report/mail-sender-log;UserGroupController@/arms/userGroup;WikiController@/arms/wiki,
362,inherited,상속(TreeAbstractController),TreeAbstractController,com.arms.egovframework.javaservice.treeframework.controller,PUT {basePath}/alterNode.do,PUT,{basePath}/alterNode.do,,alterNode,com/arms/egovframework/javaservice/treeframework/controller/TreeAbstractController.java,230,58,AdminPatchController@/arms/patchnote;BlogController@/anonymous/arms/blog;DynamicDBMakerController@/arms/dynamicDBMaker;FileRepositoryController@/arms/fileRepository;FileRepositoryLogController@/arms/fileRepositoryLog;HolidayController@/arms/backoffice/holiday;JiraIssuePriorityController@/arms/jiraIssuePriority;JiraIssuePriorityLogController@/arms/jiraIssuePriorityLog;JiraIssueResolutionController@/arms/jiraIssueResolution;JiraIssueResolutionLogController@/arms/jiraIssueResolutionLog;JiraIssueStatusCategoryMapController@/arms/jiraIssueStatusCategoryMap;JiraIssueStatusController@/arms/jiraIssueStatus;JiraIssueStatusLogController@/arms/jiraIssueStatusLog;JiraIssueTypeController@/arms/jiraIssueType;JiraIssueTypeLogController@/arms/jiraIssueTypeLog;JiraProjectController@/arms/jiraProject;JiraProjectIssueTypePureController@/arms/jiraProjectIssueTypePure;JiraProjectLogController@/arms/jiraProjectLog;JiraProjectPureController@/arms/jiraProjectPure;JiraServerController@/arms/jiraServer;JiraServerLogController@/arms/jiraServerLog;JiraServerProjectPureController@/arms/jiraServerProjectPure;JiraServerPureController@/arms/jiraServerPure;NewsletterController@/anonymous/cover/newsletter;PatchnoteController@/anonymous/arms/patchnote;PdServiceController@/arms/pdService;PdServiceDetailController@/arms/pdServiceDetail;PdServiceLogController@/arms/pdServiceLog;PdServicePureController@/arms/pdServicePure;PdServiceVersionController@/arms/pdServiceVersion;PdServiceVersionLogController@/arms/pdServiceVersionLog;ReceiverController@/arms/report/mail-receiver;ReceiverLogController@/arms/report/mail-receiver-log;ReqAddController@/arms/reqAdd;ReqAddLogController@/arms/reqAddLog;ReqAddPureController@/arms/reqAddPure;ReqAddStatePureController@/arms/reqAddStatePure;ReqCommentController@/arms/reqComment;ReqCommentLogController@/arms/reqCommentLog;ReqDifficultyController@/arms/reqDifficulty;ReqImportanceController@/arms/reqImportance;ReqPriorityController@/arms/reqPriority;ReqReviewCommentController@/arms/reqReviewComment;ReqReviewCommentLogController@/arms/reqReviewCommentLog;ReqReviewController@/arms/reqReview;ReqReviewLogController@/arms/reqReviewLog;ReqStateCategoryController@/arms/reqStateCategory;ReqStateCategoryLogController@/arms/reqStateCategoryLog;ReqStateController@/arms/reqState;ReqStatusController@/arms/reqStatus;ReqStatusLogController@/arms/reqStatusLog;ReqUrgencyController@/arms/reqUrgency;SalaryController@/admin/arms/salaries;SalaryLogController@/arms/salaryLog;SenderController@/arms/report/mail-sender;SenderLogController@/arms/report/mail-sender-log;UserGroupController@/arms/userGroup;WikiController@/arms/wiki,
363,inherited,상속(TreeAbstractController),TreeAbstractController,com.arms.egovframework.javaservice.treeframework.controller,PUT {basePath}/alterNodeType.do,PUT,{basePath}/alterNodeType.do,,alterNodeType,com/arms/egovframework/javaservice/treeframework/controller/TreeAbstractController.java,249,58,AdminPatchController@/arms/patchnote;BlogController@/anonymous/arms/blog;DynamicDBMakerController@/arms/dynamicDBMaker;FileRepositoryController@/arms/fileRepository;FileRepositoryLogController@/arms/fileRepositoryLog;HolidayController@/arms/backoffice/holiday;JiraIssuePriorityController@/arms/jiraIssuePriority;JiraIssuePriorityLogController@/arms/jiraIssuePriorityLog;JiraIssueResolutionController@/arms/jiraIssueResolution;JiraIssueResolutionLogController@/arms/jiraIssueResolutionLog;JiraIssueStatusCategoryMapController@/arms/jiraIssueStatusCategoryMap;JiraIssueStatusController@/arms/jiraIssueStatus;JiraIssueStatusLogController@/arms/jiraIssueStatusLog;JiraIssueTypeController@/arms/jiraIssueType;JiraIssueTypeLogController@/arms/jiraIssueTypeLog;JiraProjectController@/arms/jiraProject;JiraProjectIssueTypePureController@/arms/jiraProjectIssueTypePure;JiraProjectLogController@/arms/jiraProjectLog;JiraProjectPureController@/arms/jiraProjectPure;JiraServerController@/arms/jiraServer;JiraServerLogController@/arms/jiraServerLog;JiraServerProjectPureController@/arms/jiraServerProjectPure;JiraServerPureController@/arms/jiraServerPure;NewsletterController@/anonymous/cover/newsletter;PatchnoteController@/anonymous/arms/patchnote;PdServiceController@/arms/pdService;PdServiceDetailController@/arms/pdServiceDetail;PdServiceLogController@/arms/pdServiceLog;PdServicePureController@/arms/pdServicePure;PdServiceVersionController@/arms/pdServiceVersion;PdServiceVersionLogController@/arms/pdServiceVersionLog;ReceiverController@/arms/report/mail-receiver;ReceiverLogController@/arms/report/mail-receiver-log;ReqAddController@/arms/reqAdd;ReqAddLogController@/arms/reqAddLog;ReqAddPureController@/arms/reqAddPure;ReqAddStatePureController@/arms/reqAddStatePure;ReqCommentController@/arms/reqComment;ReqCommentLogController@/arms/reqCommentLog;ReqDifficultyController@/arms/reqDifficulty;ReqImportanceController@/arms/reqImportance;ReqPriorityController@/arms/reqPriority;ReqReviewCommentController@/arms/reqReviewComment;ReqReviewCommentLogController@/arms/reqReviewCommentLog;ReqReviewController@/arms/reqReview;ReqReviewLogController@/arms/reqReviewLog;ReqStateCategoryController@/arms/reqStateCategory;ReqStateCategoryLogController@/arms/reqStateCategoryLog;ReqStateController@/arms/reqState;ReqStatusController@/arms/reqStatus;ReqStatusLogController@/arms/reqStatusLog;ReqUrgencyController@/arms/reqUrgency;SalaryController@/admin/arms/salaries;SalaryLogController@/arms/salaryLog;SenderController@/arms/report/mail-sender;SenderLogController@/arms/report/mail-sender-log;UserGroupController@/arms/userGroup;WikiController@/arms/wiki,
364,inherited,상속(TreeAbstractController),TreeAbstractController,com.arms.egovframework.javaservice.treeframework.controller,GET {basePath}/analyzeNode.do,GET,{basePath}/analyzeNode.do,,analyzeNode,com/arms/egovframework/javaservice/treeframework/controller/TreeAbstractController.java,280,58,AdminPatchController@/arms/patchnote;BlogController@/anonymous/arms/blog;DynamicDBMakerController@/arms/dynamicDBMaker;FileRepositoryController@/arms/fileRepository;FileRepositoryLogController@/arms/fileRepositoryLog;HolidayController@/arms/backoffice/holiday;JiraIssuePriorityController@/arms/jiraIssuePriority;JiraIssuePriorityLogController@/arms/jiraIssuePriorityLog;JiraIssueResolutionController@/arms/jiraIssueResolution;JiraIssueResolutionLogController@/arms/jiraIssueResolutionLog;JiraIssueStatusCategoryMapController@/arms/jiraIssueStatusCategoryMap;JiraIssueStatusController@/arms/jiraIssueStatus;JiraIssueStatusLogController@/arms/jiraIssueStatusLog;JiraIssueTypeController@/arms/jiraIssueType;JiraIssueTypeLogController@/arms/jiraIssueTypeLog;JiraProjectController@/arms/jiraProject;JiraProjectIssueTypePureController@/arms/jiraProjectIssueTypePure;JiraProjectLogController@/arms/jiraProjectLog;JiraProjectPureController@/arms/jiraProjectPure;JiraServerController@/arms/jiraServer;JiraServerLogController@/arms/jiraServerLog;JiraServerProjectPureController@/arms/jiraServerProjectPure;JiraServerPureController@/arms/jiraServerPure;NewsletterController@/anonymous/cover/newsletter;PatchnoteController@/anonymous/arms/patchnote;PdServiceController@/arms/pdService;PdServiceDetailController@/arms/pdServiceDetail;PdServiceLogController@/arms/pdServiceLog;PdServicePureController@/arms/pdServicePure;PdServiceVersionController@/arms/pdServiceVersion;PdServiceVersionLogController@/arms/pdServiceVersionLog;ReceiverController@/arms/report/mail-receiver;ReceiverLogController@/arms/report/mail-receiver-log;ReqAddController@/arms/reqAdd;ReqAddLogController@/arms/reqAddLog;ReqAddPureController@/arms/reqAddPure;ReqAddStatePureController@/arms/reqAddStatePure;ReqCommentController@/arms/reqComment;ReqCommentLogController@/arms/reqCommentLog;ReqDifficultyController@/arms/reqDifficulty;ReqImportanceController@/arms/reqImportance;ReqPriorityController@/arms/reqPriority;ReqReviewCommentController@/arms/reqReviewComment;ReqReviewCommentLogController@/arms/reqReviewCommentLog;ReqReviewController@/arms/reqReview;ReqReviewLogController@/arms/reqReviewLog;ReqStateCategoryController@/arms/reqStateCategory;ReqStateCategoryLogController@/arms/reqStateCategoryLog;ReqStateController@/arms/reqState;ReqStatusController@/arms/reqStatus;ReqStatusLogController@/arms/reqStatusLog;ReqUrgencyController@/arms/reqUrgency;SalaryController@/admin/arms/salaries;SalaryLogController@/arms/salaryLog;SenderController@/arms/report/mail-sender;SenderLogController@/arms/report/mail-sender-log;UserGroupController@/arms/userGroup;WikiController@/arms/wiki,
365,inherited,상속(TreeAbstractController),TreeAbstractController,com.arms.egovframework.javaservice.treeframework.controller,GET {basePath}/getChildNode.do,GET,{basePath}/getChildNode.do,,getChildNode,com/arms/egovframework/javaservice/treeframework/controller/TreeAbstractController.java,85,58,AdminPatchController@/arms/patchnote;BlogController@/anonymous/arms/blog;DynamicDBMakerController@/arms/dynamicDBMaker;FileRepositoryController@/arms/fileRepository;FileRepositoryLogController@/arms/fileRepositoryLog;HolidayController@/arms/backoffice/holiday;JiraIssuePriorityController@/arms/jiraIssuePriority;JiraIssuePriorityLogController@/arms/jiraIssuePriorityLog;JiraIssueResolutionController@/arms/jiraIssueResolution;JiraIssueResolutionLogController@/arms/jiraIssueResolutionLog;JiraIssueStatusCategoryMapController@/arms/jiraIssueStatusCategoryMap;JiraIssueStatusController@/arms/jiraIssueStatus;JiraIssueStatusLogController@/arms/jiraIssueStatusLog;JiraIssueTypeController@/arms/jiraIssueType;JiraIssueTypeLogController@/arms/jiraIssueTypeLog;JiraProjectController@/arms/jiraProject;JiraProjectIssueTypePureController@/arms/jiraProjectIssueTypePure;JiraProjectLogController@/arms/jiraProjectLog;JiraProjectPureController@/arms/jiraProjectPure;JiraServerController@/arms/jiraServer;JiraServerLogController@/arms/jiraServerLog;JiraServerProjectPureController@/arms/jiraServerProjectPure;JiraServerPureController@/arms/jiraServerPure;NewsletterController@/anonymous/cover/newsletter;PatchnoteController@/anonymous/arms/patchnote;PdServiceController@/arms/pdService;PdServiceDetailController@/arms/pdServiceDetail;PdServiceLogController@/arms/pdServiceLog;PdServicePureController@/arms/pdServicePure;PdServiceVersionController@/arms/pdServiceVersion;PdServiceVersionLogController@/arms/pdServiceVersionLog;ReceiverController@/arms/report/mail-receiver;ReceiverLogController@/arms/report/mail-receiver-log;ReqAddController@/arms/reqAdd;ReqAddLogController@/arms/reqAddLog;ReqAddPureController@/arms/reqAddPure;ReqAddStatePureController@/arms/reqAddStatePure;ReqCommentController@/arms/reqComment;ReqCommentLogController@/arms/reqCommentLog;ReqDifficultyController@/arms/reqDifficulty;ReqImportanceController@/arms/reqImportance;ReqPriorityController@/arms/reqPriority;ReqReviewCommentController@/arms/reqReviewComment;ReqReviewCommentLogController@/arms/reqReviewCommentLog;ReqReviewController@/arms/reqReview;ReqReviewLogController@/arms/reqReviewLog;ReqStateCategoryController@/arms/reqStateCategory;ReqStateCategoryLogController@/arms/reqStateCategoryLog;ReqStateController@/arms/reqState;ReqStatusController@/arms/reqStatus;ReqStatusLogController@/arms/reqStatusLog;ReqUrgencyController@/arms/reqUrgency;SalaryController@/admin/arms/salaries;SalaryLogController@/arms/salaryLog;SenderController@/arms/report/mail-sender;SenderLogController@/arms/report/mail-sender-log;UserGroupController@/arms/userGroup;WikiController@/arms/wiki,
366,inherited,상속(TreeAbstractController),TreeAbstractController,com.arms.egovframework.javaservice.treeframework.controller,GET {basePath}/getMonitor.do,GET,{basePath}/getMonitor.do,,getMonitor,com/arms/egovframework/javaservice/treeframework/controller/TreeAbstractController.java,293,58,AdminPatchController@/arms/patchnote;BlogController@/anonymous/arms/blog;DynamicDBMakerController@/arms/dynamicDBMaker;FileRepositoryController@/arms/fileRepository;FileRepositoryLogController@/arms/fileRepositoryLog;HolidayController@/arms/backoffice/holiday;JiraIssuePriorityController@/arms/jiraIssuePriority;JiraIssuePriorityLogController@/arms/jiraIssuePriorityLog;JiraIssueResolutionController@/arms/jiraIssueResolution;JiraIssueResolutionLogController@/arms/jiraIssueResolutionLog;JiraIssueStatusCategoryMapController@/arms/jiraIssueStatusCategoryMap;JiraIssueStatusController@/arms/jiraIssueStatus;JiraIssueStatusLogController@/arms/jiraIssueStatusLog;JiraIssueTypeController@/arms/jiraIssueType;JiraIssueTypeLogController@/arms/jiraIssueTypeLog;JiraProjectController@/arms/jiraProject;JiraProjectIssueTypePureController@/arms/jiraProjectIssueTypePure;JiraProjectLogController@/arms/jiraProjectLog;JiraProjectPureController@/arms/jiraProjectPure;JiraServerController@/arms/jiraServer;JiraServerLogController@/arms/jiraServerLog;JiraServerProjectPureController@/arms/jiraServerProjectPure;JiraServerPureController@/arms/jiraServerPure;NewsletterController@/anonymous/cover/newsletter;PatchnoteController@/anonymous/arms/patchnote;PdServiceController@/arms/pdService;PdServiceDetailController@/arms/pdServiceDetail;PdServiceLogController@/arms/pdServiceLog;PdServicePureController@/arms/pdServicePure;PdServiceVersionController@/arms/pdServiceVersion;PdServiceVersionLogController@/arms/pdServiceVersionLog;ReceiverController@/arms/report/mail-receiver;ReceiverLogController@/arms/report/mail-receiver-log;ReqAddController@/arms/reqAdd;ReqAddLogController@/arms/reqAddLog;ReqAddPureController@/arms/reqAddPure;ReqAddStatePureController@/arms/reqAddStatePure;ReqCommentController@/arms/reqComment;ReqCommentLogController@/arms/reqCommentLog;ReqDifficultyController@/arms/reqDifficulty;ReqImportanceController@/arms/reqImportance;ReqPriorityController@/arms/reqPriority;ReqReviewCommentController@/arms/reqReviewComment;ReqReviewCommentLogController@/arms/reqReviewCommentLog;ReqReviewController@/arms/reqReview;ReqReviewLogController@/arms/reqReviewLog;ReqStateCategoryController@/arms/reqStateCategory;ReqStateCategoryLogController@/arms/reqStateCategoryLog;ReqStateController@/arms/reqState;ReqStatusController@/arms/reqStatus;ReqStatusLogController@/arms/reqStatusLog;ReqUrgencyController@/arms/reqUrgency;SalaryController@/admin/arms/salaries;SalaryLogController@/arms/salaryLog;SenderController@/arms/report/mail-sender;SenderLogController@/arms/report/mail-sender-log;UserGroupController@/arms/userGroup;WikiController@/arms/wiki,
367,inherited,상속(TreeAbstractController),TreeAbstractController,com.arms.egovframework.javaservice.treeframework.controller,GET {basePath}/getNode.do,GET,{basePath}/getNode.do,,getNode,com/arms/egovframework/javaservice/treeframework/controller/TreeAbstractController.java,65,58,AdminPatchController@/arms/patchnote;BlogController@/anonymous/arms/blog;DynamicDBMakerController@/arms/dynamicDBMaker;FileRepositoryController@/arms/fileRepository;FileRepositoryLogController@/arms/fileRepositoryLog;HolidayController@/arms/backoffice/holiday;JiraIssuePriorityController@/arms/jiraIssuePriority;JiraIssuePriorityLogController@/arms/jiraIssuePriorityLog;JiraIssueResolutionController@/arms/jiraIssueResolution;JiraIssueResolutionLogController@/arms/jiraIssueResolutionLog;JiraIssueStatusCategoryMapController@/arms/jiraIssueStatusCategoryMap;JiraIssueStatusController@/arms/jiraIssueStatus;JiraIssueStatusLogController@/arms/jiraIssueStatusLog;JiraIssueTypeController@/arms/jiraIssueType;JiraIssueTypeLogController@/arms/jiraIssueTypeLog;JiraProjectController@/arms/jiraProject;JiraProjectIssueTypePureController@/arms/jiraProjectIssueTypePure;JiraProjectLogController@/arms/jiraProjectLog;JiraProjectPureController@/arms/jiraProjectPure;JiraServerController@/arms/jiraServer;JiraServerLogController@/arms/jiraServerLog;JiraServerProjectPureController@/arms/jiraServerProjectPure;JiraServerPureController@/arms/jiraServerPure;NewsletterController@/anonymous/cover/newsletter;PatchnoteController@/anonymous/arms/patchnote;PdServiceController@/arms/pdService;PdServiceDetailController@/arms/pdServiceDetail;PdServiceLogController@/arms/pdServiceLog;PdServicePureController@/arms/pdServicePure;PdServiceVersionController@/arms/pdServiceVersion;PdServiceVersionLogController@/arms/pdServiceVersionLog;ReceiverController@/arms/report/mail-receiver;ReceiverLogController@/arms/report/mail-receiver-log;ReqAddController@/arms/reqAdd;ReqAddLogController@/arms/reqAddLog;ReqAddPureController@/arms/reqAddPure;ReqAddStatePureController@/arms/reqAddStatePure;ReqCommentController@/arms/reqComment;ReqCommentLogController@/arms/reqCommentLog;ReqDifficultyController@/arms/reqDifficulty;ReqImportanceController@/arms/reqImportance;ReqPriorityController@/arms/reqPriority;ReqReviewCommentController@/arms/reqReviewComment;ReqReviewCommentLogController@/arms/reqReviewCommentLog;ReqReviewController@/arms/reqReview;ReqReviewLogController@/arms/reqReviewLog;ReqStateCategoryController@/arms/reqStateCategory;ReqStateCategoryLogController@/arms/reqStateCategoryLog;ReqStateController@/arms/reqState;ReqStatusController@/arms/reqStatus;ReqStatusLogController@/arms/reqStatusLog;ReqUrgencyController@/arms/reqUrgency;SalaryController@/admin/arms/salaries;SalaryLogController@/arms/salaryLog;SenderController@/arms/report/mail-sender;SenderLogController@/arms/report/mail-sender-log;UserGroupController@/arms/userGroup;WikiController@/arms/wiki,
368,inherited,상속(TreeAbstractController),TreeAbstractController,com.arms.egovframework.javaservice.treeframework.controller,GET {basePath}/getNodesWithoutRoot.do,GET,{basePath}/getNodesWithoutRoot.do,,getNodesWithoutRoot,com/arms/egovframework/javaservice/treeframework/controller/TreeAbstractController.java,108,58,AdminPatchController@/arms/patchnote;BlogController@/anonymous/arms/blog;DynamicDBMakerController@/arms/dynamicDBMaker;FileRepositoryController@/arms/fileRepository;FileRepositoryLogController@/arms/fileRepositoryLog;HolidayController@/arms/backoffice/holiday;JiraIssuePriorityController@/arms/jiraIssuePriority;JiraIssuePriorityLogController@/arms/jiraIssuePriorityLog;JiraIssueResolutionController@/arms/jiraIssueResolution;JiraIssueResolutionLogController@/arms/jiraIssueResolutionLog;JiraIssueStatusCategoryMapController@/arms/jiraIssueStatusCategoryMap;JiraIssueStatusController@/arms/jiraIssueStatus;JiraIssueStatusLogController@/arms/jiraIssueStatusLog;JiraIssueTypeController@/arms/jiraIssueType;JiraIssueTypeLogController@/arms/jiraIssueTypeLog;JiraProjectController@/arms/jiraProject;JiraProjectIssueTypePureController@/arms/jiraProjectIssueTypePure;JiraProjectLogController@/arms/jiraProjectLog;JiraProjectPureController@/arms/jiraProjectPure;JiraServerController@/arms/jiraServer;JiraServerLogController@/arms/jiraServerLog;JiraServerProjectPureController@/arms/jiraServerProjectPure;JiraServerPureController@/arms/jiraServerPure;NewsletterController@/anonymous/cover/newsletter;PatchnoteController@/anonymous/arms/patchnote;PdServiceController@/arms/pdService;PdServiceDetailController@/arms/pdServiceDetail;PdServiceLogController@/arms/pdServiceLog;PdServicePureController@/arms/pdServicePure;PdServiceVersionController@/arms/pdServiceVersion;PdServiceVersionLogController@/arms/pdServiceVersionLog;ReceiverController@/arms/report/mail-receiver;ReceiverLogController@/arms/report/mail-receiver-log;ReqAddController@/arms/reqAdd;ReqAddLogController@/arms/reqAddLog;ReqAddPureController@/arms/reqAddPure;ReqAddStatePureController@/arms/reqAddStatePure;ReqCommentController@/arms/reqComment;ReqCommentLogController@/arms/reqCommentLog;ReqDifficultyController@/arms/reqDifficulty;ReqImportanceController@/arms/reqImportance;ReqPriorityController@/arms/reqPriority;ReqReviewCommentController@/arms/reqReviewComment;ReqReviewCommentLogController@/arms/reqReviewCommentLog;ReqReviewController@/arms/reqReview;ReqReviewLogController@/arms/reqReviewLog;ReqStateCategoryController@/arms/reqStateCategory;ReqStateCategoryLogController@/arms/reqStateCategoryLog;ReqStateController@/arms/reqState;ReqStatusController@/arms/reqStatus;ReqStatusLogController@/arms/reqStatusLog;ReqUrgencyController@/arms/reqUrgency;SalaryController@/admin/arms/salaries;SalaryLogController@/arms/salaryLog;SenderController@/arms/report/mail-sender;SenderLogController@/arms/report/mail-sender-log;UserGroupController@/arms/userGroup;WikiController@/arms/wiki,
369,inherited,상속(TreeAbstractController),TreeAbstractController,com.arms.egovframework.javaservice.treeframework.controller,GET {basePath}/getPaginatedChildNode.do,GET,{basePath}/getPaginatedChildNode.do,,getPaginatedChildNode,com/arms/egovframework/javaservice/treeframework/controller/TreeAbstractController.java,131,58,AdminPatchController@/arms/patchnote;BlogController@/anonymous/arms/blog;DynamicDBMakerController@/arms/dynamicDBMaker;FileRepositoryController@/arms/fileRepository;FileRepositoryLogController@/arms/fileRepositoryLog;HolidayController@/arms/backoffice/holiday;JiraIssuePriorityController@/arms/jiraIssuePriority;JiraIssuePriorityLogController@/arms/jiraIssuePriorityLog;JiraIssueResolutionController@/arms/jiraIssueResolution;JiraIssueResolutionLogController@/arms/jiraIssueResolutionLog;JiraIssueStatusCategoryMapController@/arms/jiraIssueStatusCategoryMap;JiraIssueStatusController@/arms/jiraIssueStatus;JiraIssueStatusLogController@/arms/jiraIssueStatusLog;JiraIssueTypeController@/arms/jiraIssueType;JiraIssueTypeLogController@/arms/jiraIssueTypeLog;JiraProjectController@/arms/jiraProject;JiraProjectIssueTypePureController@/arms/jiraProjectIssueTypePure;JiraProjectLogController@/arms/jiraProjectLog;JiraProjectPureController@/arms/jiraProjectPure;JiraServerController@/arms/jiraServer;JiraServerLogController@/arms/jiraServerLog;JiraServerProjectPureController@/arms/jiraServerProjectPure;JiraServerPureController@/arms/jiraServerPure;NewsletterController@/anonymous/cover/newsletter;PatchnoteController@/anonymous/arms/patchnote;PdServiceController@/arms/pdService;PdServiceDetailController@/arms/pdServiceDetail;PdServiceLogController@/arms/pdServiceLog;PdServicePureController@/arms/pdServicePure;PdServiceVersionController@/arms/pdServiceVersion;PdServiceVersionLogController@/arms/pdServiceVersionLog;ReceiverController@/arms/report/mail-receiver;ReceiverLogController@/arms/report/mail-receiver-log;ReqAddController@/arms/reqAdd;ReqAddLogController@/arms/reqAddLog;ReqAddPureController@/arms/reqAddPure;ReqAddStatePureController@/arms/reqAddStatePure;ReqCommentController@/arms/reqComment;ReqCommentLogController@/arms/reqCommentLog;ReqDifficultyController@/arms/reqDifficulty;ReqImportanceController@/arms/reqImportance;ReqPriorityController@/arms/reqPriority;ReqReviewCommentController@/arms/reqReviewComment;ReqReviewCommentLogController@/arms/reqReviewCommentLog;ReqReviewController@/arms/reqReview;ReqReviewLogController@/arms/reqReviewLog;ReqStateCategoryController@/arms/reqStateCategory;ReqStateCategoryLogController@/arms/reqStateCategoryLog;ReqStateController@/arms/reqState;ReqStatusController@/arms/reqStatus;ReqStatusLogController@/arms/reqStatusLog;ReqUrgencyController@/arms/reqUrgency;SalaryController@/admin/arms/salaries;SalaryLogController@/arms/salaryLog;SenderController@/arms/report/mail-sender;SenderLogController@/arms/report/mail-sender-log;UserGroupController@/arms/userGroup;WikiController@/arms/wiki,
370,inherited,상속(TreeAbstractController),TreeAbstractController,com.arms.egovframework.javaservice.treeframework.controller,POST {basePath}/moveNode.do,POST,{basePath}/moveNode.do,,moveNode,com/arms/egovframework/javaservice/treeframework/controller/TreeAbstractController.java,264,58,AdminPatchController@/arms/patchnote;BlogController@/anonymous/arms/blog;DynamicDBMakerController@/arms/dynamicDBMaker;FileRepositoryController@/arms/fileRepository;FileRepositoryLogController@/arms/fileRepositoryLog;HolidayController@/arms/backoffice/holiday;JiraIssuePriorityController@/arms/jiraIssuePriority;JiraIssuePriorityLogController@/arms/jiraIssuePriorityLog;JiraIssueResolutionController@/arms/jiraIssueResolution;JiraIssueResolutionLogController@/arms/jiraIssueResolutionLog;JiraIssueStatusCategoryMapController@/arms/jiraIssueStatusCategoryMap;JiraIssueStatusController@/arms/jiraIssueStatus;JiraIssueStatusLogController@/arms/jiraIssueStatusLog;JiraIssueTypeController@/arms/jiraIssueType;JiraIssueTypeLogController@/arms/jiraIssueTypeLog;JiraProjectController@/arms/jiraProject;JiraProjectIssueTypePureController@/arms/jiraProjectIssueTypePure;JiraProjectLogController@/arms/jiraProjectLog;JiraProjectPureController@/arms/jiraProjectPure;JiraServerController@/arms/jiraServer;JiraServerLogController@/arms/jiraServerLog;JiraServerProjectPureController@/arms/jiraServerProjectPure;JiraServerPureController@/arms/jiraServerPure;NewsletterController@/anonymous/cover/newsletter;PatchnoteController@/anonymous/arms/patchnote;PdServiceController@/arms/pdService;PdServiceDetailController@/arms/pdServiceDetail;PdServiceLogController@/arms/pdServiceLog;PdServicePureController@/arms/pdServicePure;PdServiceVersionController@/arms/pdServiceVersion;PdServiceVersionLogController@/arms/pdServiceVersionLog;ReceiverController@/arms/report/mail-receiver;ReceiverLogController@/arms/report/mail-receiver-log;ReqAddController@/arms/reqAdd;ReqAddLogController@/arms/reqAddLog;ReqAddPureController@/arms/reqAddPure;ReqAddStatePureController@/arms/reqAddStatePure;ReqCommentController@/arms/reqComment;ReqCommentLogController@/arms/reqCommentLog;ReqDifficultyController@/arms/reqDifficulty;ReqImportanceController@/arms/reqImportance;ReqPriorityController@/arms/reqPriority;ReqReviewCommentController@/arms/reqReviewComment;ReqReviewCommentLogController@/arms/reqReviewCommentLog;ReqReviewController@/arms/reqReview;ReqReviewLogController@/arms/reqReviewLog;ReqStateCategoryController@/arms/reqStateCategory;ReqStateCategoryLogController@/arms/reqStateCategoryLog;ReqStateController@/arms/reqState;ReqStatusController@/arms/reqStatus;ReqStatusLogController@/arms/reqStatusLog;ReqUrgencyController@/arms/reqUrgency;SalaryController@/admin/arms/salaries;SalaryLogController@/arms/salaryLog;SenderController@/arms/report/mail-sender;SenderLogController@/arms/report/mail-sender-log;UserGroupController@/arms/userGroup;WikiController@/arms/wiki,
371,inherited,상속(TreeAbstractController),TreeAbstractController,com.arms.egovframework.javaservice.treeframework.controller,DELETE {basePath}/removeNode.do,DELETE,{basePath}/removeNode.do,,removeNode,com/arms/egovframework/javaservice/treeframework/controller/TreeAbstractController.java,191,58,AdminPatchController@/arms/patchnote;BlogController@/anonymous/arms/blog;DynamicDBMakerController@/arms/dynamicDBMaker;FileRepositoryController@/arms/fileRepository;FileRepositoryLogController@/arms/fileRepositoryLog;HolidayController@/arms/backoffice/holiday;JiraIssuePriorityController@/arms/jiraIssuePriority;JiraIssuePriorityLogController@/arms/jiraIssuePriorityLog;JiraIssueResolutionController@/arms/jiraIssueResolution;JiraIssueResolutionLogController@/arms/jiraIssueResolutionLog;JiraIssueStatusCategoryMapController@/arms/jiraIssueStatusCategoryMap;JiraIssueStatusController@/arms/jiraIssueStatus;JiraIssueStatusLogController@/arms/jiraIssueStatusLog;JiraIssueTypeController@/arms/jiraIssueType;JiraIssueTypeLogController@/arms/jiraIssueTypeLog;JiraProjectController@/arms/jiraProject;JiraProjectIssueTypePureController@/arms/jiraProjectIssueTypePure;JiraProjectLogController@/arms/jiraProjectLog;JiraProjectPureController@/arms/jiraProjectPure;JiraServerController@/arms/jiraServer;JiraServerLogController@/arms/jiraServerLog;JiraServerProjectPureController@/arms/jiraServerProjectPure;JiraServerPureController@/arms/jiraServerPure;NewsletterController@/anonymous/cover/newsletter;PatchnoteController@/anonymous/arms/patchnote;PdServiceController@/arms/pdService;PdServiceDetailController@/arms/pdServiceDetail;PdServiceLogController@/arms/pdServiceLog;PdServicePureController@/arms/pdServicePure;PdServiceVersionController@/arms/pdServiceVersion;PdServiceVersionLogController@/arms/pdServiceVersionLog;ReceiverController@/arms/report/mail-receiver;ReceiverLogController@/arms/report/mail-receiver-log;ReqAddController@/arms/reqAdd;ReqAddLogController@/arms/reqAddLog;ReqAddPureController@/arms/reqAddPure;ReqAddStatePureController@/arms/reqAddStatePure;ReqCommentController@/arms/reqComment;ReqCommentLogController@/arms/reqCommentLog;ReqDifficultyController@/arms/reqDifficulty;ReqImportanceController@/arms/reqImportance;ReqPriorityController@/arms/reqPriority;ReqReviewCommentController@/arms/reqReviewComment;ReqReviewCommentLogController@/arms/reqReviewCommentLog;ReqReviewController@/arms/reqReview;ReqReviewLogController@/arms/reqReviewLog;ReqStateCategoryController@/arms/reqStateCategory;ReqStateCategoryLogController@/arms/reqStateCategoryLog;ReqStateController@/arms/reqState;ReqStatusController@/arms/reqStatus;ReqStatusLogController@/arms/reqStatusLog;ReqUrgencyController@/arms/reqUrgency;SalaryController@/admin/arms/salaries;SalaryLogController@/arms/salaryLog;SenderController@/arms/report/mail-sender;SenderLogController@/arms/report/mail-sender-log;UserGroupController@/arms/userGroup;WikiController@/arms/wiki,자체 선언으로 재정의: ReqStateCategoryController
372,inherited,상속(TreeAbstractController),TreeAbstractController,com.arms.egovframework.javaservice.treeframework.controller,GET {basePath}/searchNode.do,GET,{basePath}/searchNode.do,,searchNode,com/arms/egovframework/javaservice/treeframework/controller/TreeAbstractController.java,155,58,AdminPatchController@/arms/patchnote;BlogController@/anonymous/arms/blog;DynamicDBMakerController@/arms/dynamicDBMaker;FileRepositoryController@/arms/fileRepository;FileRepositoryLogController@/arms/fileRepositoryLog;HolidayController@/arms/backoffice/holiday;JiraIssuePriorityController@/arms/jiraIssuePriority;JiraIssuePriorityLogController@/arms/jiraIssuePriorityLog;JiraIssueResolutionController@/arms/jiraIssueResolution;JiraIssueResolutionLogController@/arms/jiraIssueResolutionLog;JiraIssueStatusCategoryMapController@/arms/jiraIssueStatusCategoryMap;JiraIssueStatusController@/arms/jiraIssueStatus;JiraIssueStatusLogController@/arms/jiraIssueStatusLog;JiraIssueTypeController@/arms/jiraIssueType;JiraIssueTypeLogController@/arms/jiraIssueTypeLog;JiraProjectController@/arms/jiraProject;JiraProjectIssueTypePureController@/arms/jiraProjectIssueTypePure;JiraProjectLogController@/arms/jiraProjectLog;JiraProjectPureController@/arms/jiraProjectPure;JiraServerController@/arms/jiraServer;JiraServerLogController@/arms/jiraServerLog;JiraServerProjectPureController@/arms/jiraServerProjectPure;JiraServerPureController@/arms/jiraServerPure;NewsletterController@/anonymous/cover/newsletter;PatchnoteController@/anonymous/arms/patchnote;PdServiceController@/arms/pdService;PdServiceDetailController@/arms/pdServiceDetail;PdServiceLogController@/arms/pdServiceLog;PdServicePureController@/arms/pdServicePure;PdServiceVersionController@/arms/pdServiceVersion;PdServiceVersionLogController@/arms/pdServiceVersionLog;ReceiverController@/arms/report/mail-receiver;ReceiverLogController@/arms/report/mail-receiver-log;ReqAddController@/arms/reqAdd;ReqAddLogController@/arms/reqAddLog;ReqAddPureController@/arms/reqAddPure;ReqAddStatePureController@/arms/reqAddStatePure;ReqCommentController@/arms/reqComment;ReqCommentLogController@/arms/reqCommentLog;ReqDifficultyController@/arms/reqDifficulty;ReqImportanceController@/arms/reqImportance;ReqPriorityController@/arms/reqPriority;ReqReviewCommentController@/arms/reqReviewComment;ReqReviewCommentLogController@/arms/reqReviewCommentLog;ReqReviewController@/arms/reqReview;ReqReviewLogController@/arms/reqReviewLog;ReqStateCategoryController@/arms/reqStateCategory;ReqStateCategoryLogController@/arms/reqStateCategoryLog;ReqStateController@/arms/reqState;ReqStatusController@/arms/reqStatus;ReqStatusLogController@/arms/reqStatusLog;ReqUrgencyController@/arms/reqUrgency;SalaryController@/admin/arms/salaries;SalaryLogController@/arms/salaryLog;SenderController@/arms/report/mail-sender;SenderLogController@/arms/report/mail-sender-log;UserGroupController@/arms/userGroup;WikiController@/arms/wiki,
373,inherited,상속(TreeAbstractController),TreeAbstractController,com.arms.egovframework.javaservice.treeframework.controller,GET {basePath}/send-message,GET,{basePath}/send-message,,sendMessage,com/arms/egovframework/javaservice/treeframework/controller/TreeAbstractController.java,309,58,AdminPatchController@/arms/patchnote;BlogController@/anonymous/arms/blog;DynamicDBMakerController@/arms/dynamicDBMaker;FileRepositoryController@/arms/fileRepository;FileRepositoryLogController@/arms/fileRepositoryLog;HolidayController@/arms/backoffice/holiday;JiraIssuePriorityController@/arms/jiraIssuePriority;JiraIssuePriorityLogController@/arms/jiraIssuePriorityLog;JiraIssueResolutionController@/arms/jiraIssueResolution;JiraIssueResolutionLogController@/arms/jiraIssueResolutionLog;JiraIssueStatusCategoryMapController@/arms/jiraIssueStatusCategoryMap;JiraIssueStatusController@/arms/jiraIssueStatus;JiraIssueStatusLogController@/arms/jiraIssueStatusLog;JiraIssueTypeController@/arms/jiraIssueType;JiraIssueTypeLogController@/arms/jiraIssueTypeLog;JiraProjectController@/arms/jiraProject;JiraProjectIssueTypePureController@/arms/jiraProjectIssueTypePure;JiraProjectLogController@/arms/jiraProjectLog;JiraProjectPureController@/arms/jiraProjectPure;JiraServerController@/arms/jiraServer;JiraServerLogController@/arms/jiraServerLog;JiraServerProjectPureController@/arms/jiraServerProjectPure;JiraServerPureController@/arms/jiraServerPure;NewsletterController@/anonymous/cover/newsletter;PatchnoteController@/anonymous/arms/patchnote;PdServiceController@/arms/pdService;PdServiceDetailController@/arms/pdServiceDetail;PdServiceLogController@/arms/pdServiceLog;PdServicePureController@/arms/pdServicePure;PdServiceVersionController@/arms/pdServiceVersion;PdServiceVersionLogController@/arms/pdServiceVersionLog;ReceiverController@/arms/report/mail-receiver;ReceiverLogController@/arms/report/mail-receiver-log;ReqAddController@/arms/reqAdd;ReqAddLogController@/arms/reqAddLog;ReqAddPureController@/arms/reqAddPure;ReqAddStatePureController@/arms/reqAddStatePure;ReqCommentController@/arms/reqComment;ReqCommentLogController@/arms/reqCommentLog;ReqDifficultyController@/arms/reqDifficulty;ReqImportanceController@/arms/reqImportance;ReqPriorityController@/arms/reqPriority;ReqReviewCommentController@/arms/reqReviewComment;ReqReviewCommentLogController@/arms/reqReviewCommentLog;ReqReviewController@/arms/reqReview;ReqReviewLogController@/arms/reqReviewLog;ReqStateCategoryController@/arms/reqStateCategory;ReqStateCategoryLogController@/arms/reqStateCategoryLog;ReqStateController@/arms/reqState;ReqStatusController@/arms/reqStatus;ReqStatusLogController@/arms/reqStatusLog;ReqUrgencyController@/arms/reqUrgency;SalaryController@/admin/arms/salaries;SalaryLogController@/arms/salaryLog;SenderController@/arms/report/mail-sender;SenderLogController@/arms/report/mail-sender-log;UserGroupController@/arms/userGroup;WikiController@/arms/wiki,
374,inherited,상속(TreeAbstractController),TreeAbstractController,com.arms.egovframework.javaservice.treeframework.controller,PUT {basePath}/updateNode.do,PUT,{basePath}/updateNode.do,,updateNode,com/arms/egovframework/javaservice/treeframework/controller/TreeAbstractController.java,217,58,AdminPatchController@/arms/patchnote;BlogController@/anonymous/arms/blog;DynamicDBMakerController@/arms/dynamicDBMaker;FileRepositoryController@/arms/fileRepository;FileRepositoryLogController@/arms/fileRepositoryLog;HolidayController@/arms/backoffice/holiday;JiraIssuePriorityController@/arms/jiraIssuePriority;JiraIssuePriorityLogController@/arms/jiraIssuePriorityLog;JiraIssueResolutionController@/arms/jiraIssueResolution;JiraIssueResolutionLogController@/arms/jiraIssueResolutionLog;JiraIssueStatusCategoryMapController@/arms/jiraIssueStatusCategoryMap;JiraIssueStatusController@/arms/jiraIssueStatus;JiraIssueStatusLogController@/arms/jiraIssueStatusLog;JiraIssueTypeController@/arms/jiraIssueType;JiraIssueTypeLogController@/arms/jiraIssueTypeLog;JiraProjectController@/arms/jiraProject;JiraProjectIssueTypePureController@/arms/jiraProjectIssueTypePure;JiraProjectLogController@/arms/jiraProjectLog;JiraProjectPureController@/arms/jiraProjectPure;JiraServerController@/arms/jiraServer;JiraServerLogController@/arms/jiraServerLog;JiraServerProjectPureController@/arms/jiraServerProjectPure;JiraServerPureController@/arms/jiraServerPure;NewsletterController@/anonymous/cover/newsletter;PatchnoteController@/anonymous/arms/patchnote;PdServiceController@/arms/pdService;PdServiceDetailController@/arms/pdServiceDetail;PdServiceLogController@/arms/pdServiceLog;PdServicePureController@/arms/pdServicePure;PdServiceVersionController@/arms/pdServiceVersion;PdServiceVersionLogController@/arms/pdServiceVersionLog;ReceiverController@/arms/report/mail-receiver;ReceiverLogController@/arms/report/mail-receiver-log;ReqAddController@/arms/reqAdd;ReqAddLogController@/arms/reqAddLog;ReqAddPureController@/arms/reqAddPure;ReqAddStatePureController@/arms/reqAddStatePure;ReqCommentController@/arms/reqComment;ReqCommentLogController@/arms/reqCommentLog;ReqDifficultyController@/arms/reqDifficulty;ReqImportanceController@/arms/reqImportance;ReqPriorityController@/arms/reqPriority;ReqReviewCommentController@/arms/reqReviewComment;ReqReviewCommentLogController@/arms/reqReviewCommentLog;ReqReviewController@/arms/reqReview;ReqReviewLogController@/arms/reqReviewLog;ReqStateCategoryController@/arms/reqStateCategory;ReqStateCategoryLogController@/arms/reqStateCategoryLog;ReqStateController@/arms/reqState;ReqStatusController@/arms/reqStatus;ReqStatusLogController@/arms/reqStatusLog;ReqUrgencyController@/arms/reqUrgency;SalaryController@/admin/arms/salaries;SalaryLogController@/arms/salaryLog;SenderController@/arms/report/mail-sender;SenderLogController@/arms/report/mail-sender-log;UserGroupController@/arms/userGroup;WikiController@/arms/wiki,자체 선언으로 재정의: ReqStateController
375,inherited,상속(TreeMapAbstractController),TreeMapAbstractController,com.arms.api.globaltreemap.controller,POST {basePath}/addGlobalTreeMap.do,POST,{basePath}/addGlobalTreeMap.do,,addGlobalTreeMap,com/arms/api/globaltreemap/controller/TreeMapAbstractController.java,83,1,GlobalTreeMapController@/arms/globaltreemap,
376,inherited,상속(TreeMapAbstractController),TreeMapAbstractController,com.arms.api.globaltreemap.controller,PUT {basePath}/alterGlobalTreeMap.do,PUT,{basePath}/alterGlobalTreeMap.do,,alterGlobalTreeMap,com/arms/api/globaltreemap/controller/TreeMapAbstractController.java,97,1,GlobalTreeMapController@/arms/globaltreemap,
377,inherited,상속(TreeMapAbstractController),TreeMapAbstractController,com.arms.api.globaltreemap.controller,DELETE {basePath}/delete/{mapKey},DELETE,{basePath}/delete/{mapKey},,deleteMapList,com/arms/api/globaltreemap/controller/TreeMapAbstractController.java,62,1,GlobalTreeMapController@/arms/globaltreemap,
378,inherited,상속(TreeMapAbstractController),TreeMapAbstractController,com.arms.api.globaltreemap.controller,GET {basePath}/find,GET,{basePath}/find,,findMapList,com/arms/api/globaltreemap/controller/TreeMapAbstractController.java,32,1,GlobalTreeMapController@/arms/globaltreemap,
379,inherited,상속(TreeMapAbstractController),TreeMapAbstractController,com.arms.api.globaltreemap.controller,GET {basePath}/findBy,GET,{basePath}/findBy,,findMap,com/arms/api/globaltreemap/controller/TreeMapAbstractController.java,39,1,GlobalTreeMapController@/arms/globaltreemap,
380,inherited,상속(TreeMapAbstractController),TreeMapAbstractController,com.arms.api.globaltreemap.controller,GET {basePath}/getAllGlobalTreeMap.do,GET,{basePath}/getAllGlobalTreeMap.do,,getAllGlobalTreeMap,com/arms/api/globaltreemap/controller/TreeMapAbstractController.java,69,1,GlobalTreeMapController@/arms/globaltreemap,
381,inherited,상속(TreeMapAbstractController),TreeMapAbstractController,com.arms.api.globaltreemap.controller,DELETE {basePath}/removeGlobalTreeMap.do,DELETE,{basePath}/removeGlobalTreeMap.do,,removeGlobalTreeMap,com/arms/api/globaltreemap/controller/TreeMapAbstractController.java,111,1,GlobalTreeMapController@/arms/globaltreemap,
382,inherited,상속(TreeMapAbstractController),TreeMapAbstractController,com.arms.api.globaltreemap.controller,POST {basePath}/save,POST,{basePath}/save,,saveMapList,com/arms/api/globaltreemap/controller/TreeMapAbstractController.java,44,1,GlobalTreeMapController@/arms/globaltreemap,
383,inherited,상속(TreeMapAbstractController),TreeMapAbstractController,com.arms.api.globaltreemap.controller,POST {basePath}/saveOne,POST,{basePath}/saveOne,,saveMapOne,com/arms/api/globaltreemap/controller/TreeMapAbstractController.java,56,1,GlobalTreeMapController@/arms/globaltreemap,
