HTTP,path,controller,javaMethod,출처,선언파일,line
POST,/arms/patchnote/addNode.do,AdminPatchController,addNode,상속(TreeAbstractController),com/arms/egovframework/javaservice/treeframework/controller/TreeAbstractController.java,176
POST,/arms/patchnote/addPatchnote.do,AdminPatchController,addPatchnote,자체,com/arms/api/patchnote/controller/AdminPatchController.java,30
PUT,/arms/patchnote/alterNode.do,AdminPatchController,alterNode,상속(TreeAbstractController),com/arms/egovframework/javaservice/treeframework/controller/TreeAbstractController.java,230
PUT,/arms/patchnote/alterNodeType.do,AdminPatchController,alterNodeType,상속(TreeAbstractController),com/arms/egovframework/javaservice/treeframework/controller/TreeAbstractController.java,249
GET,/arms/patchnote/analyzeNode.do,AdminPatchController,analyzeNode,상속(TreeAbstractController),com/arms/egovframework/javaservice/treeframework/controller/TreeAbstractController.java,280
GET,/arms/patchnote/getChildNode.do,AdminPatchController,getChildNode,상속(TreeAbstractController),com/arms/egovframework/javaservice/treeframework/controller/TreeAbstractController.java,85
GET,/arms/patchnote/getMonitor.do,AdminPatchController,getMonitor,상속(TreeAbstractController),com/arms/egovframework/javaservice/treeframework/controller/TreeAbstractController.java,293
GET,/arms/patchnote/getNode.do,AdminPatchController,getNode,상속(TreeAbstractController),com/arms/egovframework/javaservice/treeframework/controller/TreeAbstractController.java,65
GET,/arms/patchnote/getNodesWithoutRoot.do,AdminPatchController,getNodesWithoutRoot,상속(TreeAbstractController),com/arms/egovframework/javaservice/treeframework/controller/TreeAbstractController.java,108
GET,/arms/patchnote/getPaginatedChildNode.do,AdminPatchController,getPaginatedChildNode,상속(TreeAbstractController),com/arms/egovframework/javaservice/treeframework/controller/TreeAbstractController.java,131
POST,/arms/patchnote/moveNode.do,AdminPatchController,moveNode,상속(TreeAbstractController),com/arms/egovframework/javaservice/treeframework/controller/TreeAbstractController.java,264
DELETE,/arms/patchnote/removeNode.do,AdminPatchController,removeNode,상속(TreeAbstractController),com/arms/egovframework/javaservice/treeframework/controller/TreeAbstractController.java,191
GET,/arms/patchnote/searchNode.do,AdminPatchController,searchNode,상속(TreeAbstractController),com/arms/egovframework/javaservice/treeframework/controller/TreeAbstractController.java,155
GET,/arms/patchnote/send-message,AdminPatchController,sendMessage,상속(TreeAbstractController),com/arms/egovframework/javaservice/treeframework/controller/TreeAbstractController.java,309
PUT,/arms/patchnote/updateNode.do,AdminPatchController,updateNode,상속(TreeAbstractController),com/arms/egovframework/javaservice/treeframework/controller/TreeAbstractController.java,217
PUT,/arms/patchnote/updatePatchnote.do,AdminPatchController,updatePatchnote,자체,com/arms/api/patchnote/controller/AdminPatchController.java,36
POST,/arms/alarm/excel-upload-complete,AlarmController,excelUploadComplete,자체,com/arms/api/dwralarm/controller/AlarmController.java,59
POST,/arms/alarm/gantt-excel-upload-refresh,AlarmController,ganttExcelUploadRefresh,자체,com/arms/api/dwralarm/controller/AlarmController.java,53
POST,/arms/alarm/req-def-row-status,AlarmController,reqDefRowStatus,자체,com/arms/api/dwralarm/controller/AlarmController.java,65
POST,/arms/alarm/send-message,AlarmController,sendMessage,자체,com/arms/api/dwralarm/controller/AlarmController.java,37
POST,/arms/alarm/send-message/server,AlarmController,sendMessageByServer,자체,com/arms/api/dwralarm/controller/AlarmController.java,47
POST,/arms/alarm/wbs-row-status,AlarmController,wbsRowStatus,자체,com/arms/api/dwralarm/controller/AlarmController.java,74
POST,/anonymous/arms/blog/addBlog.do,BlogController,addBlog,자체,com/arms/api/blog/controller/BlogController.java,50
POST,/anonymous/arms/blog/addNode.do,BlogController,addNode,상속(TreeAbstractController),com/arms/egovframework/javaservice/treeframework/controller/TreeAbstractController.java,176
PUT,/anonymous/arms/blog/alterNode.do,BlogController,alterNode,상속(TreeAbstractController),com/arms/egovframework/javaservice/treeframework/controller/TreeAbstractController.java,230
PUT,/anonymous/arms/blog/alterNodeType.do,BlogController,alterNodeType,상속(TreeAbstractController),com/arms/egovframework/javaservice/treeframework/controller/TreeAbstractController.java,249
GET,/anonymous/arms/blog/analyzeNode.do,BlogController,analyzeNode,상속(TreeAbstractController),com/arms/egovframework/javaservice/treeframework/controller/TreeAbstractController.java,280
GET,/anonymous/arms/blog/getBlog.do,BlogController,getBlog,자체,com/arms/api/blog/controller/BlogController.java,45
GET,/anonymous/arms/blog/getChildNode.do,BlogController,getChildNode,상속(TreeAbstractController),com/arms/egovframework/javaservice/treeframework/controller/TreeAbstractController.java,85
GET,/anonymous/arms/blog/getMonitor.do,BlogController,getMonitor,상속(TreeAbstractController),com/arms/egovframework/javaservice/treeframework/controller/TreeAbstractController.java,293
GET,/anonymous/arms/blog/getNode.do,BlogController,getNode,상속(TreeAbstractController),com/arms/egovframework/javaservice/treeframework/controller/TreeAbstractController.java,65
GET,/anonymous/arms/blog/getNodesWithoutRoot.do,BlogController,getNodesWithoutRoot,상속(TreeAbstractController),com/arms/egovframework/javaservice/treeframework/controller/TreeAbstractController.java,108
GET,/anonymous/arms/blog/getPaginatedBlogList.do,BlogController,getPaginatedBlogList,자체,com/arms/api/blog/controller/BlogController.java,80
GET,/anonymous/arms/blog/getPaginatedChildNode.do,BlogController,getPaginatedChildNode,상속(TreeAbstractController),com/arms/egovframework/javaservice/treeframework/controller/TreeAbstractController.java,131
GET,/anonymous/arms/blog/hot/getKeywordList.do,BlogController,getHotKeywordList,자체,com/arms/api/blog/controller/BlogController.java,87
GET,/anonymous/arms/blog/latest/getBlogList.do,BlogController,getLatestBlogList,자체,com/arms/api/blog/controller/BlogController.java,65
POST,/anonymous/arms/blog/moveNode.do,BlogController,moveNode,상속(TreeAbstractController),com/arms/egovframework/javaservice/treeframework/controller/TreeAbstractController.java,264
GET,/anonymous/arms/blog/popular/getBlogList.do,BlogController,getPopularBlogList,자체,com/arms/api/blog/controller/BlogController.java,70
GET,/anonymous/arms/blog/recommended/getBlogList.do,BlogController,getRecommendedBlogList,자체,com/arms/api/blog/controller/BlogController.java,75
DELETE,/anonymous/arms/blog/removeBlog.do,BlogController,removeBlog,자체,com/arms/api/blog/controller/BlogController.java,60
DELETE,/anonymous/arms/blog/removeNode.do,BlogController,removeNode,상속(TreeAbstractController),com/arms/egovframework/javaservice/treeframework/controller/TreeAbstractController.java,191
GET,/anonymous/arms/blog/searchBlogList.do,BlogController,searchBlogList,자체,com/arms/api/blog/controller/BlogController.java,101
GET,/anonymous/arms/blog/searchNode.do,BlogController,searchNode,상속(TreeAbstractController),com/arms/egovframework/javaservice/treeframework/controller/TreeAbstractController.java,155
GET,/anonymous/arms/blog/send-message,BlogController,sendMessage,상속(TreeAbstractController),com/arms/egovframework/javaservice/treeframework/controller/TreeAbstractController.java,309
PUT,/anonymous/arms/blog/updateBlog.do,BlogController,updateBlog,자체,com/arms/api/blog/controller/BlogController.java,55
PUT,/anonymous/arms/blog/updateNode.do,BlogController,updateNode,상속(TreeAbstractController),com/arms/egovframework/javaservice/treeframework/controller/TreeAbstractController.java,217
POST,/admin/arms/analysis/cost/assignee-calculation,CostController,calculateAssigneeCost,자체,com/arms/api/analysis/cost/controller/CostController.java,92
POST,/admin/arms/analysis/cost/calculation,CostController,calculateCost,자체,com/arms/api/analysis/cost/controller/CostController.java,77
POST,/admin/arms/analysis/cost/personal-estimated-period-cost,CostController,getEstimatedPeriodCostByAccountId,자체,com/arms/api/analysis/cost/controller/CostController.java,71
POST,/admin/arms/analysis/cost/product-accumulate-cost-by-month,CostController,candleStickChartAPI,자체,com/arms/api/analysis/cost/controller/CostController.java,63
POST,/admin/arms/analysis/cost/req-linked-issue,CostController,getLinkedJiraIssuesByVersionAndRequirement,자체,com/arms/api/analysis/cost/controller/CostController.java,34
POST,/admin/arms/analysis/cost/requirement-calculation,CostController,calculateRequirementCost,자체,com/arms/api/analysis/cost/controller/CostController.java,87
POST,/admin/arms/analysis/cost/to-be/calculation,CostController,toBeCalculateCost,자체,com/arms/api/analysis/cost/controller/CostController.java,97
POST,/admin/arms/analysis/cost/version-calculation,CostController,calculateVersionCost,자체,com/arms/api/analysis/cost/controller/CostController.java,82
POST,/admin/arms/analysis/cost/version-req-assignees,CostController,getAssigneeList,자체,com/arms/api/analysis/cost/controller/CostController.java,26
POST,/admin/arms/analysis/cost/{changeReqTableName}/req-difficulty-priority-list,CostController,getRequirementListStats,자체,com/arms/api/analysis/cost/controller/CostController.java,49
GET,/arms/dashboard/aggregate-weekly-req-issue-status,DashboardController,requirementsJiraIssueStatuses,자체,com/arms/api/dashboard/controller/DashboardController.java,37
GET,/arms/dashboard/assignees-requirements-involvements-v3,DashboardController,findTreeMapChartDataV3,자체,com/arms/api/dashboard/controller/DashboardController.java,56
GET,/arms/dashboard/global/config/test,DashboardController,getConfigTest,자체,com/arms/api/dashboard/controller/DashboardController.java,86
GET,/arms/dashboard/top-req-assignee,DashboardController,findTopNReqAssignee,자체,com/arms/api/dashboard/controller/DashboardController.java,64
GET,/arms/dashboard/top-req-state-info/{changeReqTableName}/getReqAddListByFilter,DashboardController,findTopNAssigneeReqStateInfo,자체,com/arms/api/dashboard/controller/DashboardController.java,77
GET,/arms/dashboard/version-assignee-summary,DashboardController,versionAssigneeIssueSummary,자체,com/arms/api/dashboard/controller/DashboardController.java,45
POST,/arms/detail-dashboard/contribution,DetailDashboardController,contribution,자체,com/arms/api/detail_dashboard/controller/DetailDashboardController.java,56
POST,/arms/detail-dashboard/{changeReqTableName}/project-status,DetailDashboardController,projectStatus,자체,com/arms/api/detail_dashboard/controller/DetailDashboardController.java,27
POST,/arms/detail-dashboard/{changeReqTableName}/quality,DetailDashboardController,quality,자체,com/arms/api/detail_dashboard/controller/DetailDashboardController.java,41
POST,/arms/detail-dashboard/{changeReqTableName}/requirement-overview,DetailDashboardController,requirementOverview,자체,com/arms/api/detail_dashboard/controller/DetailDashboardController.java,48
POST,/arms/detail-dashboard/{changeReqTableName}/time-compliance,DetailDashboardController,timeCompliance,자체,com/arms/api/detail_dashboard/controller/DetailDashboardController.java,34
POST,/arms/dynamicDBMaker/addNode.do,DynamicDBMakerController,addNode,상속(TreeAbstractController),com/arms/egovframework/javaservice/treeframework/controller/TreeAbstractController.java,176
PUT,/arms/dynamicDBMaker/alterNode.do,DynamicDBMakerController,alterNode,상속(TreeAbstractController),com/arms/egovframework/javaservice/treeframework/controller/TreeAbstractController.java,230
PUT,/arms/dynamicDBMaker/alterNodeType.do,DynamicDBMakerController,alterNodeType,상속(TreeAbstractController),com/arms/egovframework/javaservice/treeframework/controller/TreeAbstractController.java,249
GET,/arms/dynamicDBMaker/analyzeNode.do,DynamicDBMakerController,analyzeNode,상속(TreeAbstractController),com/arms/egovframework/javaservice/treeframework/controller/TreeAbstractController.java,280
GET,/arms/dynamicDBMaker/createSchema,DynamicDBMakerController,createSchema,자체,com/arms/api/util/dynamicdbmaker/controller/DynamicDBMakerController.java,48
GET,/arms/dynamicDBMaker/getChildNode.do,DynamicDBMakerController,getChildNode,상속(TreeAbstractController),com/arms/egovframework/javaservice/treeframework/controller/TreeAbstractController.java,85
GET,/arms/dynamicDBMaker/getMonitor.do,DynamicDBMakerController,getMonitor,상속(TreeAbstractController),com/arms/egovframework/javaservice/treeframework/controller/TreeAbstractController.java,293
GET,/arms/dynamicDBMaker/getNode.do,DynamicDBMakerController,getNode,상속(TreeAbstractController),com/arms/egovframework/javaservice/treeframework/controller/TreeAbstractController.java,65
GET,/arms/dynamicDBMaker/getNodesWithoutRoot.do,DynamicDBMakerController,getNodesWithoutRoot,상속(TreeAbstractController),com/arms/egovframework/javaservice/treeframework/controller/TreeAbstractController.java,108
GET,/arms/dynamicDBMaker/getPaginatedChildNode.do,DynamicDBMakerController,getPaginatedChildNode,상속(TreeAbstractController),com/arms/egovframework/javaservice/treeframework/controller/TreeAbstractController.java,131
POST,/arms/dynamicDBMaker/moveNode.do,DynamicDBMakerController,moveNode,상속(TreeAbstractController),com/arms/egovframework/javaservice/treeframework/controller/TreeAbstractController.java,264
DELETE,/arms/dynamicDBMaker/removeNode.do,DynamicDBMakerController,removeNode,상속(TreeAbstractController),com/arms/egovframework/javaservice/treeframework/controller/TreeAbstractController.java,191
GET,/arms/dynamicDBMaker/searchNode.do,DynamicDBMakerController,searchNode,상속(TreeAbstractController),com/arms/egovframework/javaservice/treeframework/controller/TreeAbstractController.java,155
GET,/arms/dynamicDBMaker/send-message,DynamicDBMakerController,sendMessage,상속(TreeAbstractController),com/arms/egovframework/javaservice/treeframework/controller/TreeAbstractController.java,309
PUT,/arms/dynamicDBMaker/updateNode.do,DynamicDBMakerController,updateNode,상속(TreeAbstractController),com/arms/egovframework/javaservice/treeframework/controller/TreeAbstractController.java,217
GET,/arms/backoffice/es-index/index-status/histories,EsIndexConfigController,indexJobHistories,자체,com/arms/api/backoffice/config/esindex/controller/EsIndexConfigController.java,29
GET,/arms/backoffice/es-index/sum-list,EsIndexConfigController,esIndexSumList,자체,com/arms/api/backoffice/config/esindex/controller/EsIndexConfigController.java,24
POST,/arms/fileRepository/addNode.do,FileRepositoryController,addNode,상속(TreeAbstractController),com/arms/egovframework/javaservice/treeframework/controller/TreeAbstractController.java,176
PUT,/arms/fileRepository/alterNode.do,FileRepositoryController,alterNode,상속(TreeAbstractController),com/arms/egovframework/javaservice/treeframework/controller/TreeAbstractController.java,230
PUT,/arms/fileRepository/alterNodeType.do,FileRepositoryController,alterNodeType,상속(TreeAbstractController),com/arms/egovframework/javaservice/treeframework/controller/TreeAbstractController.java,249
GET,/arms/fileRepository/analyzeNode.do,FileRepositoryController,analyzeNode,상속(TreeAbstractController),com/arms/egovframework/javaservice/treeframework/controller/TreeAbstractController.java,280
POST,/arms/fileRepository/deleteFileByNode/{fileId},FileRepositoryController,deleteFileByNode,자체,com/arms/api/util/filerepository/controller/FileRepositoryController.java,78
GET,/arms/fileRepository/downloadFileByNode/{fileId},FileRepositoryController,downloadFile,자체,com/arms/api/util/filerepository/controller/FileRepositoryController.java,93
GET,/arms/fileRepository/getChildNode.do,FileRepositoryController,getChildNode,상속(TreeAbstractController),com/arms/egovframework/javaservice/treeframework/controller/TreeAbstractController.java,85
GET,/arms/fileRepository/getFilesByNode.do,FileRepositoryController,getFilesByNode,자체,com/arms/api/util/filerepository/controller/FileRepositoryController.java,63
GET,/arms/fileRepository/getMonitor.do,FileRepositoryController,getMonitor,상속(TreeAbstractController),com/arms/egovframework/javaservice/treeframework/controller/TreeAbstractController.java,293
GET,/arms/fileRepository/getNode.do,FileRepositoryController,getNode,상속(TreeAbstractController),com/arms/egovframework/javaservice/treeframework/controller/TreeAbstractController.java,65
GET,/arms/fileRepository/getNodesWithoutRoot.do,FileRepositoryController,getNodesWithoutRoot,상속(TreeAbstractController),com/arms/egovframework/javaservice/treeframework/controller/TreeAbstractController.java,108
GET,/arms/fileRepository/getPaginatedChildNode.do,FileRepositoryController,getPaginatedChildNode,상속(TreeAbstractController),com/arms/egovframework/javaservice/treeframework/controller/TreeAbstractController.java,131
POST,/arms/fileRepository/moveNode.do,FileRepositoryController,moveNode,상속(TreeAbstractController),com/arms/egovframework/javaservice/treeframework/controller/TreeAbstractController.java,264
DELETE,/arms/fileRepository/removeNode.do,FileRepositoryController,removeNode,상속(TreeAbstractController),com/arms/egovframework/javaservice/treeframework/controller/TreeAbstractController.java,191
GET,/arms/fileRepository/searchNode.do,FileRepositoryController,searchNode,상속(TreeAbstractController),com/arms/egovframework/javaservice/treeframework/controller/TreeAbstractController.java,155
GET,/arms/fileRepository/send-message,FileRepositoryController,sendMessage,상속(TreeAbstractController),com/arms/egovframework/javaservice/treeframework/controller/TreeAbstractController.java,309
PUT,/arms/fileRepository/updateNode.do,FileRepositoryController,updateNode,상속(TreeAbstractController),com/arms/egovframework/javaservice/treeframework/controller/TreeAbstractController.java,217
POST,/arms/fileRepositoryLog/addNode.do,FileRepositoryLogController,addNode,상속(TreeAbstractController),com/arms/egovframework/javaservice/treeframework/controller/TreeAbstractController.java,176
PUT,/arms/fileRepositoryLog/alterNode.do,FileRepositoryLogController,alterNode,상속(TreeAbstractController),com/arms/egovframework/javaservice/treeframework/controller/TreeAbstractController.java,230
PUT,/arms/fileRepositoryLog/alterNodeType.do,FileRepositoryLogController,alterNodeType,상속(TreeAbstractController),com/arms/egovframework/javaservice/treeframework/controller/TreeAbstractController.java,249
GET,/arms/fileRepositoryLog/analyzeNode.do,FileRepositoryLogController,analyzeNode,상속(TreeAbstractController),com/arms/egovframework/javaservice/treeframework/controller/TreeAbstractController.java,280
GET,/arms/fileRepositoryLog/getChildNode.do,FileRepositoryLogController,getChildNode,상속(TreeAbstractController),com/arms/egovframework/javaservice/treeframework/controller/TreeAbstractController.java,85
GET,/arms/fileRepositoryLog/getMonitor.do,FileRepositoryLogController,getMonitor,상속(TreeAbstractController),com/arms/egovframework/javaservice/treeframework/controller/TreeAbstractController.java,293
GET,/arms/fileRepositoryLog/getNode.do,FileRepositoryLogController,getNode,상속(TreeAbstractController),com/arms/egovframework/javaservice/treeframework/controller/TreeAbstractController.java,65
GET,/arms/fileRepositoryLog/getNodesWithoutRoot.do,FileRepositoryLogController,getNodesWithoutRoot,상속(TreeAbstractController),com/arms/egovframework/javaservice/treeframework/controller/TreeAbstractController.java,108
GET,/arms/fileRepositoryLog/getPaginatedChildNode.do,FileRepositoryLogController,getPaginatedChildNode,상속(TreeAbstractController),com/arms/egovframework/javaservice/treeframework/controller/TreeAbstractController.java,131
POST,/arms/fileRepositoryLog/moveNode.do,FileRepositoryLogController,moveNode,상속(TreeAbstractController),com/arms/egovframework/javaservice/treeframework/controller/TreeAbstractController.java,264
DELETE,/arms/fileRepositoryLog/removeNode.do,FileRepositoryLogController,removeNode,상속(TreeAbstractController),com/arms/egovframework/javaservice/treeframework/controller/TreeAbstractController.java,191
GET,/arms/fileRepositoryLog/searchNode.do,FileRepositoryLogController,searchNode,상속(TreeAbstractController),com/arms/egovframework/javaservice/treeframework/controller/TreeAbstractController.java,155
GET,/arms/fileRepositoryLog/send-message,FileRepositoryLogController,sendMessage,상속(TreeAbstractController),com/arms/egovframework/javaservice/treeframework/controller/TreeAbstractController.java,309
PUT,/arms/fileRepositoryLog/updateNode.do,FileRepositoryLogController,updateNode,상속(TreeAbstractController),com/arms/egovframework/javaservice/treeframework/controller/TreeAbstractController.java,217
GET,/arms/report/full-data/assignee-list,FullDataController,getAssignees,자체,com/arms/api/report/fulldata/controller/FullDataController.java,30
GET,/arms/report/full-data/excel-data-down-v2,FullDataController,getExcelDataDownV2,자체,com/arms/api/report/fulldata/controller/FullDataController.java,45
GET,/arms/report/full-data/excel-data-v2,FullDataController,getExcelDataV2,자체,com/arms/api/report/fulldata/controller/FullDataController.java,37
GET,/html/mail/chart.html,GenerateChartImageController,getChartPage,자체,com/arms/api/report/mail/controller/GenerateChartImageController.java,21
POST,/html/mail/save-chart,GenerateChartImageController,saveChart,자체,com/arms/api/report/mail/controller/GenerateChartImageController.java,37
POST,/arms/globaltreemap/addGlobalTreeMap.do,GlobalTreeMapController,addGlobalTreeMap,상속(TreeMapAbstractController),com/arms/api/globaltreemap/controller/TreeMapAbstractController.java,83
PUT,/arms/globaltreemap/alterGlobalTreeMap.do,GlobalTreeMapController,alterGlobalTreeMap,상속(TreeMapAbstractController),com/arms/api/globaltreemap/controller/TreeMapAbstractController.java,97
DELETE,/arms/globaltreemap/delete/{mapKey},GlobalTreeMapController,deleteMapList,상속(TreeMapAbstractController),com/arms/api/globaltreemap/controller/TreeMapAbstractController.java,62
GET,/arms/globaltreemap/find,GlobalTreeMapController,findMapList,상속(TreeMapAbstractController),com/arms/api/globaltreemap/controller/TreeMapAbstractController.java,32
GET,/arms/globaltreemap/findBy,GlobalTreeMapController,findMap,상속(TreeMapAbstractController),com/arms/api/globaltreemap/controller/TreeMapAbstractController.java,39
GET,/arms/globaltreemap/getAllGlobalTreeMap.do,GlobalTreeMapController,getAllGlobalTreeMap,상속(TreeMapAbstractController),com/arms/api/globaltreemap/controller/TreeMapAbstractController.java,69
GET,/arms/globaltreemap/getConnectInfo/pdService/pdServiceVersion/jiraProject.do,GlobalTreeMapController,getConnectInfo_pdService_pdServiceVersion_jiraProject,자체,com/arms/api/globaltreemap/controller/GlobalTreeMapController.java,30
DELETE,/arms/globaltreemap/removeGlobalTreeMap.do,GlobalTreeMapController,removeGlobalTreeMap,상속(TreeMapAbstractController),com/arms/api/globaltreemap/controller/TreeMapAbstractController.java,111
POST,/arms/globaltreemap/save,GlobalTreeMapController,saveMapList,상속(TreeMapAbstractController),com/arms/api/globaltreemap/controller/TreeMapAbstractController.java,44
POST,/arms/globaltreemap/saveOne,GlobalTreeMapController,saveMapOne,상속(TreeMapAbstractController),com/arms/api/globaltreemap/controller/TreeMapAbstractController.java,56
POST,/arms/globaltreemap/setConnectInfo/pdService/pdServiceVersion/jiraProject.do,GlobalTreeMapController,setConnectInfo_pdService_pdServiceVersion_jiraProject,자체,com/arms/api/globaltreemap/controller/GlobalTreeMapController.java,50
POST,/arms/backoffice/holiday/addHoliday.do,HolidayController,addHoliday,자체,com/arms/api/backoffice/information/timeoff/controller/HolidayController.java,34
POST,/arms/backoffice/holiday/addNode.do,HolidayController,addNode,상속(TreeAbstractController),com/arms/egovframework/javaservice/treeframework/controller/TreeAbstractController.java,176
PUT,/arms/backoffice/holiday/alterNode.do,HolidayController,alterNode,상속(TreeAbstractController),com/arms/egovframework/javaservice/treeframework/controller/TreeAbstractController.java,230
PUT,/arms/backoffice/holiday/alterNodeType.do,HolidayController,alterNodeType,상속(TreeAbstractController),com/arms/egovframework/javaservice/treeframework/controller/TreeAbstractController.java,249
GET,/arms/backoffice/holiday/analyzeNode.do,HolidayController,analyzeNode,상속(TreeAbstractController),com/arms/egovframework/javaservice/treeframework/controller/TreeAbstractController.java,280
GET,/arms/backoffice/holiday/getChildNode.do,HolidayController,getChildNode,상속(TreeAbstractController),com/arms/egovframework/javaservice/treeframework/controller/TreeAbstractController.java,85
GET,/arms/backoffice/holiday/getMonitor.do,HolidayController,getMonitor,상속(TreeAbstractController),com/arms/egovframework/javaservice/treeframework/controller/TreeAbstractController.java,293
GET,/arms/backoffice/holiday/getNode.do,HolidayController,getNode,상속(TreeAbstractController),com/arms/egovframework/javaservice/treeframework/controller/TreeAbstractController.java,65
GET,/arms/backoffice/holiday/getNodesWithoutRoot.do,HolidayController,getNodesWithoutRoot,상속(TreeAbstractController),com/arms/egovframework/javaservice/treeframework/controller/TreeAbstractController.java,108
GET,/arms/backoffice/holiday/getPaginatedChildNode.do,HolidayController,getPaginatedChildNode,상속(TreeAbstractController),com/arms/egovframework/javaservice/treeframework/controller/TreeAbstractController.java,131
POST,/arms/backoffice/holiday/moveNode.do,HolidayController,moveNode,상속(TreeAbstractController),com/arms/egovframework/javaservice/treeframework/controller/TreeAbstractController.java,264
DELETE,/arms/backoffice/holiday/removeHoliday.do,HolidayController,removeHoliday,자체,com/arms/api/backoffice/information/timeoff/controller/HolidayController.java,44
DELETE,/arms/backoffice/holiday/removeNode.do,HolidayController,removeNode,상속(TreeAbstractController),com/arms/egovframework/javaservice/treeframework/controller/TreeAbstractController.java,191
GET,/arms/backoffice/holiday/searchNode.do,HolidayController,searchNode,상속(TreeAbstractController),com/arms/egovframework/javaservice/treeframework/controller/TreeAbstractController.java,155
GET,/arms/backoffice/holiday/send-message,HolidayController,sendMessage,상속(TreeAbstractController),com/arms/egovframework/javaservice/treeframework/controller/TreeAbstractController.java,309
POST,/arms/backoffice/holiday/syncPublicHoliday.do,HolidayController,syncPublicHoliday,자체,com/arms/api/backoffice/information/timeoff/controller/HolidayController.java,29
PUT,/arms/backoffice/holiday/updateHoliday.do,HolidayController,updateHoliday,자체,com/arms/api/backoffice/information/timeoff/controller/HolidayController.java,39
PUT,/arms/backoffice/holiday/updateNode.do,HolidayController,updateNode,상속(TreeAbstractController),com/arms/egovframework/javaservice/treeframework/controller/TreeAbstractController.java,217
POST,/arms/jiraIssuePriority/addNode.do,JiraIssuePriorityController,addNode,상속(TreeAbstractController),com/arms/egovframework/javaservice/treeframework/controller/TreeAbstractController.java,176
PUT,/arms/jiraIssuePriority/alterNode.do,JiraIssuePriorityController,alterNode,상속(TreeAbstractController),com/arms/egovframework/javaservice/treeframework/controller/TreeAbstractController.java,230
PUT,/arms/jiraIssuePriority/alterNodeType.do,JiraIssuePriorityController,alterNodeType,상속(TreeAbstractController),com/arms/egovframework/javaservice/treeframework/controller/TreeAbstractController.java,249
GET,/arms/jiraIssuePriority/analyzeNode.do,JiraIssuePriorityController,analyzeNode,상속(TreeAbstractController),com/arms/egovframework/javaservice/treeframework/controller/TreeAbstractController.java,280
GET,/arms/jiraIssuePriority/getChildNode.do,JiraIssuePriorityController,getChildNode,상속(TreeAbstractController),com/arms/egovframework/javaservice/treeframework/controller/TreeAbstractController.java,85
GET,/arms/jiraIssuePriority/getMonitor.do,JiraIssuePriorityController,getMonitor,상속(TreeAbstractController),com/arms/egovframework/javaservice/treeframework/controller/TreeAbstractController.java,293
GET,/arms/jiraIssuePriority/getNode.do,JiraIssuePriorityController,getNode,상속(TreeAbstractController),com/arms/egovframework/javaservice/treeframework/controller/TreeAbstractController.java,65
GET,/arms/jiraIssuePriority/getNodesWithoutRoot.do,JiraIssuePriorityController,getNodesWithoutRoot,상속(TreeAbstractController),com/arms/egovframework/javaservice/treeframework/controller/TreeAbstractController.java,108
GET,/arms/jiraIssuePriority/getPaginatedChildNode.do,JiraIssuePriorityController,getPaginatedChildNode,상속(TreeAbstractController),com/arms/egovframework/javaservice/treeframework/controller/TreeAbstractController.java,131
POST,/arms/jiraIssuePriority/moveNode.do,JiraIssuePriorityController,moveNode,상속(TreeAbstractController),com/arms/egovframework/javaservice/treeframework/controller/TreeAbstractController.java,264
DELETE,/arms/jiraIssuePriority/removeNode.do,JiraIssuePriorityController,removeNode,상속(TreeAbstractController),com/arms/egovframework/javaservice/treeframework/controller/TreeAbstractController.java,191
GET,/arms/jiraIssuePriority/searchNode.do,JiraIssuePriorityController,searchNode,상속(TreeAbstractController),com/arms/egovframework/javaservice/treeframework/controller/TreeAbstractController.java,155
GET,/arms/jiraIssuePriority/send-message,JiraIssuePriorityController,sendMessage,상속(TreeAbstractController),com/arms/egovframework/javaservice/treeframework/controller/TreeAbstractController.java,309
PUT,/arms/jiraIssuePriority/updateNode.do,JiraIssuePriorityController,updateNode,상속(TreeAbstractController),com/arms/egovframework/javaservice/treeframework/controller/TreeAbstractController.java,217
POST,/arms/jiraIssuePriorityLog/addNode.do,JiraIssuePriorityLogController,addNode,상속(TreeAbstractController),com/arms/egovframework/javaservice/treeframework/controller/TreeAbstractController.java,176
PUT,/arms/jiraIssuePriorityLog/alterNode.do,JiraIssuePriorityLogController,alterNode,상속(TreeAbstractController),com/arms/egovframework/javaservice/treeframework/controller/TreeAbstractController.java,230
PUT,/arms/jiraIssuePriorityLog/alterNodeType.do,JiraIssuePriorityLogController,alterNodeType,상속(TreeAbstractController),com/arms/egovframework/javaservice/treeframework/controller/TreeAbstractController.java,249
GET,/arms/jiraIssuePriorityLog/analyzeNode.do,JiraIssuePriorityLogController,analyzeNode,상속(TreeAbstractController),com/arms/egovframework/javaservice/treeframework/controller/TreeAbstractController.java,280
GET,/arms/jiraIssuePriorityLog/getChildNode.do,JiraIssuePriorityLogController,getChildNode,상속(TreeAbstractController),com/arms/egovframework/javaservice/treeframework/controller/TreeAbstractController.java,85
GET,/arms/jiraIssuePriorityLog/getMonitor.do,JiraIssuePriorityLogController,getMonitor,상속(TreeAbstractController),com/arms/egovframework/javaservice/treeframework/controller/TreeAbstractController.java,293
GET,/arms/jiraIssuePriorityLog/getNode.do,JiraIssuePriorityLogController,getNode,상속(TreeAbstractController),com/arms/egovframework/javaservice/treeframework/controller/TreeAbstractController.java,65
GET,/arms/jiraIssuePriorityLog/getNodesWithoutRoot.do,JiraIssuePriorityLogController,getNodesWithoutRoot,상속(TreeAbstractController),com/arms/egovframework/javaservice/treeframework/controller/TreeAbstractController.java,108
GET,/arms/jiraIssuePriorityLog/getPaginatedChildNode.do,JiraIssuePriorityLogController,getPaginatedChildNode,상속(TreeAbstractController),com/arms/egovframework/javaservice/treeframework/controller/TreeAbstractController.java,131
POST,/arms/jiraIssuePriorityLog/moveNode.do,JiraIssuePriorityLogController,moveNode,상속(TreeAbstractController),com/arms/egovframework/javaservice/treeframework/controller/TreeAbstractController.java,264
DELETE,/arms/jiraIssuePriorityLog/removeNode.do,JiraIssuePriorityLogController,removeNode,상속(TreeAbstractController),com/arms/egovframework/javaservice/treeframework/controller/TreeAbstractController.java,191
GET,/arms/jiraIssuePriorityLog/searchNode.do,JiraIssuePriorityLogController,searchNode,상속(TreeAbstractController),com/arms/egovframework/javaservice/treeframework/controller/TreeAbstractController.java,155
GET,/arms/jiraIssuePriorityLog/send-message,JiraIssuePriorityLogController,sendMessage,상속(TreeAbstractController),com/arms/egovframework/javaservice/treeframework/controller/TreeAbstractController.java,309
PUT,/arms/jiraIssuePriorityLog/updateNode.do,JiraIssuePriorityLogController,updateNode,상속(TreeAbstractController),com/arms/egovframework/javaservice/treeframework/controller/TreeAbstractController.java,217
POST,/arms/jiraIssueResolution/addNode.do,JiraIssueResolutionController,addNode,상속(TreeAbstractController),com/arms/egovframework/javaservice/treeframework/controller/TreeAbstractController.java,176
PUT,/arms/jiraIssueResolution/alterNode.do,JiraIssueResolutionController,alterNode,상속(TreeAbstractController),com/arms/egovframework/javaservice/treeframework/controller/TreeAbstractController.java,230
PUT,/arms/jiraIssueResolution/alterNodeType.do,JiraIssueResolutionController,alterNodeType,상속(TreeAbstractController),com/arms/egovframework/javaservice/treeframework/controller/TreeAbstractController.java,249
GET,/arms/jiraIssueResolution/analyzeNode.do,JiraIssueResolutionController,analyzeNode,상속(TreeAbstractController),com/arms/egovframework/javaservice/treeframework/controller/TreeAbstractController.java,280
GET,/arms/jiraIssueResolution/getChildNode.do,JiraIssueResolutionController,getChildNode,상속(TreeAbstractController),com/arms/egovframework/javaservice/treeframework/controller/TreeAbstractController.java,85
GET,/arms/jiraIssueResolution/getMonitor.do,JiraIssueResolutionController,getMonitor,상속(TreeAbstractController),com/arms/egovframework/javaservice/treeframework/controller/TreeAbstractController.java,293
GET,/arms/jiraIssueResolution/getNode.do,JiraIssueResolutionController,getNode,상속(TreeAbstractController),com/arms/egovframework/javaservice/treeframework/controller/TreeAbstractController.java,65
GET,/arms/jiraIssueResolution/getNodesWithoutRoot.do,JiraIssueResolutionController,getNodesWithoutRoot,상속(TreeAbstractController),com/arms/egovframework/javaservice/treeframework/controller/TreeAbstractController.java,108
GET,/arms/jiraIssueResolution/getPaginatedChildNode.do,JiraIssueResolutionController,getPaginatedChildNode,상속(TreeAbstractController),com/arms/egovframework/javaservice/treeframework/controller/TreeAbstractController.java,131
POST,/arms/jiraIssueResolution/moveNode.do,JiraIssueResolutionController,moveNode,상속(TreeAbstractController),com/arms/egovframework/javaservice/treeframework/controller/TreeAbstractController.java,264
DELETE,/arms/jiraIssueResolution/removeNode.do,JiraIssueResolutionController,removeNode,상속(TreeAbstractController),com/arms/egovframework/javaservice/treeframework/controller/TreeAbstractController.java,191
GET,/arms/jiraIssueResolution/searchNode.do,JiraIssueResolutionController,searchNode,상속(TreeAbstractController),com/arms/egovframework/javaservice/treeframework/controller/TreeAbstractController.java,155
GET,/arms/jiraIssueResolution/send-message,JiraIssueResolutionController,sendMessage,상속(TreeAbstractController),com/arms/egovframework/javaservice/treeframework/controller/TreeAbstractController.java,309
PUT,/arms/jiraIssueResolution/updateNode.do,JiraIssueResolutionController,updateNode,상속(TreeAbstractController),com/arms/egovframework/javaservice/treeframework/controller/TreeAbstractController.java,217
POST,/arms/jiraIssueResolutionLog/addNode.do,JiraIssueResolutionLogController,addNode,상속(TreeAbstractController),com/arms/egovframework/javaservice/treeframework/controller/TreeAbstractController.java,176
PUT,/arms/jiraIssueResolutionLog/alterNode.do,JiraIssueResolutionLogController,alterNode,상속(TreeAbstractController),com/arms/egovframework/javaservice/treeframework/controller/TreeAbstractController.java,230
PUT,/arms/jiraIssueResolutionLog/alterNodeType.do,JiraIssueResolutionLogController,alterNodeType,상속(TreeAbstractController),com/arms/egovframework/javaservice/treeframework/controller/TreeAbstractController.java,249
GET,/arms/jiraIssueResolutionLog/analyzeNode.do,JiraIssueResolutionLogController,analyzeNode,상속(TreeAbstractController),com/arms/egovframework/javaservice/treeframework/controller/TreeAbstractController.java,280
GET,/arms/jiraIssueResolutionLog/getChildNode.do,JiraIssueResolutionLogController,getChildNode,상속(TreeAbstractController),com/arms/egovframework/javaservice/treeframework/controller/TreeAbstractController.java,85
GET,/arms/jiraIssueResolutionLog/getMonitor.do,JiraIssueResolutionLogController,getMonitor,상속(TreeAbstractController),com/arms/egovframework/javaservice/treeframework/controller/TreeAbstractController.java,293
GET,/arms/jiraIssueResolutionLog/getNode.do,JiraIssueResolutionLogController,getNode,상속(TreeAbstractController),com/arms/egovframework/javaservice/treeframework/controller/TreeAbstractController.java,65
GET,/arms/jiraIssueResolutionLog/getNodesWithoutRoot.do,JiraIssueResolutionLogController,getNodesWithoutRoot,상속(TreeAbstractController),com/arms/egovframework/javaservice/treeframework/controller/TreeAbstractController.java,108
GET,/arms/jiraIssueResolutionLog/getPaginatedChildNode.do,JiraIssueResolutionLogController,getPaginatedChildNode,상속(TreeAbstractController),com/arms/egovframework/javaservice/treeframework/controller/TreeAbstractController.java,131
POST,/arms/jiraIssueResolutionLog/moveNode.do,JiraIssueResolutionLogController,moveNode,상속(TreeAbstractController),com/arms/egovframework/javaservice/treeframework/controller/TreeAbstractController.java,264
DELETE,/arms/jiraIssueResolutionLog/removeNode.do,JiraIssueResolutionLogController,removeNode,상속(TreeAbstractController),com/arms/egovframework/javaservice/treeframework/controller/TreeAbstractController.java,191
GET,/arms/jiraIssueResolutionLog/searchNode.do,JiraIssueResolutionLogController,searchNode,상속(TreeAbstractController),com/arms/egovframework/javaservice/treeframework/controller/TreeAbstractController.java,155
GET,/arms/jiraIssueResolutionLog/send-message,JiraIssueResolutionLogController,sendMessage,상속(TreeAbstractController),com/arms/egovframework/javaservice/treeframework/controller/TreeAbstractController.java,309
PUT,/arms/jiraIssueResolutionLog/updateNode.do,JiraIssueResolutionLogController,updateNode,상속(TreeAbstractController),com/arms/egovframework/javaservice/treeframework/controller/TreeAbstractController.java,217
POST,/arms/jiraIssueStatusCategoryMap/addNode.do,JiraIssueStatusCategoryMapController,addNode,상속(TreeAbstractController),com/arms/egovframework/javaservice/treeframework/controller/TreeAbstractController.java,176
PUT,/arms/jiraIssueStatusCategoryMap/alterNode.do,JiraIssueStatusCategoryMapController,alterNode,상속(TreeAbstractController),com/arms/egovframework/javaservice/treeframework/controller/TreeAbstractController.java,230
PUT,/arms/jiraIssueStatusCategoryMap/alterNodeType.do,JiraIssueStatusCategoryMapController,alterNodeType,상속(TreeAbstractController),com/arms/egovframework/javaservice/treeframework/controller/TreeAbstractController.java,249
GET,/arms/jiraIssueStatusCategoryMap/analyzeNode.do,JiraIssueStatusCategoryMapController,analyzeNode,상속(TreeAbstractController),com/arms/egovframework/javaservice/treeframework/controller/TreeAbstractController.java,280
GET,/arms/jiraIssueStatusCategoryMap/getChildNode.do,JiraIssueStatusCategoryMapController,getChildNode,상속(TreeAbstractController),com/arms/egovframework/javaservice/treeframework/controller/TreeAbstractController.java,85
GET,/arms/jiraIssueStatusCategoryMap/getMonitor.do,JiraIssueStatusCategoryMapController,getMonitor,상속(TreeAbstractController),com/arms/egovframework/javaservice/treeframework/controller/TreeAbstractController.java,293
GET,/arms/jiraIssueStatusCategoryMap/getNode.do,JiraIssueStatusCategoryMapController,getNode,상속(TreeAbstractController),com/arms/egovframework/javaservice/treeframework/controller/TreeAbstractController.java,65
GET,/arms/jiraIssueStatusCategoryMap/getNodesWithoutRoot.do,JiraIssueStatusCategoryMapController,getNodesWithoutRoot,상속(TreeAbstractController),com/arms/egovframework/javaservice/treeframework/controller/TreeAbstractController.java,108
GET,/arms/jiraIssueStatusCategoryMap/getPaginatedChildNode.do,JiraIssueStatusCategoryMapController,getPaginatedChildNode,상속(TreeAbstractController),com/arms/egovframework/javaservice/treeframework/controller/TreeAbstractController.java,131
POST,/arms/jiraIssueStatusCategoryMap/moveNode.do,JiraIssueStatusCategoryMapController,moveNode,상속(TreeAbstractController),com/arms/egovframework/javaservice/treeframework/controller/TreeAbstractController.java,264
DELETE,/arms/jiraIssueStatusCategoryMap/removeNode.do,JiraIssueStatusCategoryMapController,removeNode,상속(TreeAbstractController),com/arms/egovframework/javaservice/treeframework/controller/TreeAbstractController.java,191
GET,/arms/jiraIssueStatusCategoryMap/searchNode.do,JiraIssueStatusCategoryMapController,searchNode,상속(TreeAbstractController),com/arms/egovframework/javaservice/treeframework/controller/TreeAbstractController.java,155
GET,/arms/jiraIssueStatusCategoryMap/send-message,JiraIssueStatusCategoryMapController,sendMessage,상속(TreeAbstractController),com/arms/egovframework/javaservice/treeframework/controller/TreeAbstractController.java,309
PUT,/arms/jiraIssueStatusCategoryMap/updateNode.do,JiraIssueStatusCategoryMapController,updateNode,상속(TreeAbstractController),com/arms/egovframework/javaservice/treeframework/controller/TreeAbstractController.java,217
POST,/arms/jiraIssueStatus/addNode.do,JiraIssueStatusController,addNode,상속(TreeAbstractController),com/arms/egovframework/javaservice/treeframework/controller/TreeAbstractController.java,176
PUT,/arms/jiraIssueStatus/alterNode.do,JiraIssueStatusController,alterNode,상속(TreeAbstractController),com/arms/egovframework/javaservice/treeframework/controller/TreeAbstractController.java,230
PUT,/arms/jiraIssueStatus/alterNodeType.do,JiraIssueStatusController,alterNodeType,상속(TreeAbstractController),com/arms/egovframework/javaservice/treeframework/controller/TreeAbstractController.java,249
GET,/arms/jiraIssueStatus/analyzeNode.do,JiraIssueStatusController,analyzeNode,상속(TreeAbstractController),com/arms/egovframework/javaservice/treeframework/controller/TreeAbstractController.java,280
GET,/arms/jiraIssueStatus/getChildNode.do,JiraIssueStatusController,getChildNode,상속(TreeAbstractController),com/arms/egovframework/javaservice/treeframework/controller/TreeAbstractController.java,85
GET,/arms/jiraIssueStatus/getMonitor.do,JiraIssueStatusController,getMonitor,상속(TreeAbstractController),com/arms/egovframework/javaservice/treeframework/controller/TreeAbstractController.java,293
GET,/arms/jiraIssueStatus/getNode.do,JiraIssueStatusController,getNode,상속(TreeAbstractController),com/arms/egovframework/javaservice/treeframework/controller/TreeAbstractController.java,65
GET,/arms/jiraIssueStatus/getNodesWithoutRoot.do,JiraIssueStatusController,getNodesWithoutRoot,상속(TreeAbstractController),com/arms/egovframework/javaservice/treeframework/controller/TreeAbstractController.java,108
GET,/arms/jiraIssueStatus/getPaginatedChildNode.do,JiraIssueStatusController,getPaginatedChildNode,상속(TreeAbstractController),com/arms/egovframework/javaservice/treeframework/controller/TreeAbstractController.java,131
POST,/arms/jiraIssueStatus/moveNode.do,JiraIssueStatusController,moveNode,상속(TreeAbstractController),com/arms/egovframework/javaservice/treeframework/controller/TreeAbstractController.java,264
DELETE,/arms/jiraIssueStatus/removeNode.do,JiraIssueStatusController,removeNode,상속(TreeAbstractController),com/arms/egovframework/javaservice/treeframework/controller/TreeAbstractController.java,191
GET,/arms/jiraIssueStatus/searchNode.do,JiraIssueStatusController,searchNode,상속(TreeAbstractController),com/arms/egovframework/javaservice/treeframework/controller/TreeAbstractController.java,155
GET,/arms/jiraIssueStatus/send-message,JiraIssueStatusController,sendMessage,상속(TreeAbstractController),com/arms/egovframework/javaservice/treeframework/controller/TreeAbstractController.java,309
PUT,/arms/jiraIssueStatus/updateNode.do,JiraIssueStatusController,updateNode,상속(TreeAbstractController),com/arms/egovframework/javaservice/treeframework/controller/TreeAbstractController.java,217
POST,/arms/jiraIssueStatusLog/addNode.do,JiraIssueStatusLogController,addNode,상속(TreeAbstractController),com/arms/egovframework/javaservice/treeframework/controller/TreeAbstractController.java,176
PUT,/arms/jiraIssueStatusLog/alterNode.do,JiraIssueStatusLogController,alterNode,상속(TreeAbstractController),com/arms/egovframework/javaservice/treeframework/controller/TreeAbstractController.java,230
PUT,/arms/jiraIssueStatusLog/alterNodeType.do,JiraIssueStatusLogController,alterNodeType,상속(TreeAbstractController),com/arms/egovframework/javaservice/treeframework/controller/TreeAbstractController.java,249
GET,/arms/jiraIssueStatusLog/analyzeNode.do,JiraIssueStatusLogController,analyzeNode,상속(TreeAbstractController),com/arms/egovframework/javaservice/treeframework/controller/TreeAbstractController.java,280
GET,/arms/jiraIssueStatusLog/getChildNode.do,JiraIssueStatusLogController,getChildNode,상속(TreeAbstractController),com/arms/egovframework/javaservice/treeframework/controller/TreeAbstractController.java,85
GET,/arms/jiraIssueStatusLog/getMonitor.do,JiraIssueStatusLogController,getMonitor,상속(TreeAbstractController),com/arms/egovframework/javaservice/treeframework/controller/TreeAbstractController.java,293
GET,/arms/jiraIssueStatusLog/getNode.do,JiraIssueStatusLogController,getNode,상속(TreeAbstractController),com/arms/egovframework/javaservice/treeframework/controller/TreeAbstractController.java,65
GET,/arms/jiraIssueStatusLog/getNodesWithoutRoot.do,JiraIssueStatusLogController,getNodesWithoutRoot,상속(TreeAbstractController),com/arms/egovframework/javaservice/treeframework/controller/TreeAbstractController.java,108
GET,/arms/jiraIssueStatusLog/getPaginatedChildNode.do,JiraIssueStatusLogController,getPaginatedChildNode,상속(TreeAbstractController),com/arms/egovframework/javaservice/treeframework/controller/TreeAbstractController.java,131
POST,/arms/jiraIssueStatusLog/moveNode.do,JiraIssueStatusLogController,moveNode,상속(TreeAbstractController),com/arms/egovframework/javaservice/treeframework/controller/TreeAbstractController.java,264
DELETE,/arms/jiraIssueStatusLog/removeNode.do,JiraIssueStatusLogController,removeNode,상속(TreeAbstractController),com/arms/egovframework/javaservice/treeframework/controller/TreeAbstractController.java,191
GET,/arms/jiraIssueStatusLog/searchNode.do,JiraIssueStatusLogController,searchNode,상속(TreeAbstractController),com/arms/egovframework/javaservice/treeframework/controller/TreeAbstractController.java,155
GET,/arms/jiraIssueStatusLog/send-message,JiraIssueStatusLogController,sendMessage,상속(TreeAbstractController),com/arms/egovframework/javaservice/treeframework/controller/TreeAbstractController.java,309
PUT,/arms/jiraIssueStatusLog/updateNode.do,JiraIssueStatusLogController,updateNode,상속(TreeAbstractController),com/arms/egovframework/javaservice/treeframework/controller/TreeAbstractController.java,217
POST,/arms/jiraIssueType/addNode.do,JiraIssueTypeController,addNode,상속(TreeAbstractController),com/arms/egovframework/javaservice/treeframework/controller/TreeAbstractController.java,176
PUT,/arms/jiraIssueType/alterNode.do,JiraIssueTypeController,alterNode,상속(TreeAbstractController),com/arms/egovframework/javaservice/treeframework/controller/TreeAbstractController.java,230
PUT,/arms/jiraIssueType/alterNodeType.do,JiraIssueTypeController,alterNodeType,상속(TreeAbstractController),com/arms/egovframework/javaservice/treeframework/controller/TreeAbstractController.java,249
GET,/arms/jiraIssueType/analyzeNode.do,JiraIssueTypeController,analyzeNode,상속(TreeAbstractController),com/arms/egovframework/javaservice/treeframework/controller/TreeAbstractController.java,280
GET,/arms/jiraIssueType/getChildNode.do,JiraIssueTypeController,getChildNode,상속(TreeAbstractController),com/arms/egovframework/javaservice/treeframework/controller/TreeAbstractController.java,85
GET,/arms/jiraIssueType/getIssueStatusList,JiraIssueTypeController,getIssueStatusList,자체,com/arms/api/jira/jiraissuetype/controller/JiraIssueTypeController.java,48
GET,/arms/jiraIssueType/getMonitor.do,JiraIssueTypeController,getMonitor,상속(TreeAbstractController),com/arms/egovframework/javaservice/treeframework/controller/TreeAbstractController.java,293
GET,/arms/jiraIssueType/getNode.do,JiraIssueTypeController,getNode,상속(TreeAbstractController),com/arms/egovframework/javaservice/treeframework/controller/TreeAbstractController.java,65
GET,/arms/jiraIssueType/getNodesWithoutRoot.do,JiraIssueTypeController,getNodesWithoutRoot,상속(TreeAbstractController),com/arms/egovframework/javaservice/treeframework/controller/TreeAbstractController.java,108
GET,/arms/jiraIssueType/getPaginatedChildNode.do,JiraIssueTypeController,getPaginatedChildNode,상속(TreeAbstractController),com/arms/egovframework/javaservice/treeframework/controller/TreeAbstractController.java,131
POST,/arms/jiraIssueType/moveNode.do,JiraIssueTypeController,moveNode,상속(TreeAbstractController),com/arms/egovframework/javaservice/treeframework/controller/TreeAbstractController.java,264
DELETE,/arms/jiraIssueType/removeNode.do,JiraIssueTypeController,removeNode,상속(TreeAbstractController),com/arms/egovframework/javaservice/treeframework/controller/TreeAbstractController.java,191
GET,/arms/jiraIssueType/searchNode.do,JiraIssueTypeController,searchNode,상속(TreeAbstractController),com/arms/egovframework/javaservice/treeframework/controller/TreeAbstractController.java,155
GET,/arms/jiraIssueType/send-message,JiraIssueTypeController,sendMessage,상속(TreeAbstractController),com/arms/egovframework/javaservice/treeframework/controller/TreeAbstractController.java,309
PUT,/arms/jiraIssueType/updateNode.do,JiraIssueTypeController,updateNode,상속(TreeAbstractController),com/arms/egovframework/javaservice/treeframework/controller/TreeAbstractController.java,217
POST,/arms/jiraIssueTypeLog/addNode.do,JiraIssueTypeLogController,addNode,상속(TreeAbstractController),com/arms/egovframework/javaservice/treeframework/controller/TreeAbstractController.java,176
PUT,/arms/jiraIssueTypeLog/alterNode.do,JiraIssueTypeLogController,alterNode,상속(TreeAbstractController),com/arms/egovframework/javaservice/treeframework/controller/TreeAbstractController.java,230
PUT,/arms/jiraIssueTypeLog/alterNodeType.do,JiraIssueTypeLogController,alterNodeType,상속(TreeAbstractController),com/arms/egovframework/javaservice/treeframework/controller/TreeAbstractController.java,249
GET,/arms/jiraIssueTypeLog/analyzeNode.do,JiraIssueTypeLogController,analyzeNode,상속(TreeAbstractController),com/arms/egovframework/javaservice/treeframework/controller/TreeAbstractController.java,280
GET,/arms/jiraIssueTypeLog/getChildNode.do,JiraIssueTypeLogController,getChildNode,상속(TreeAbstractController),com/arms/egovframework/javaservice/treeframework/controller/TreeAbstractController.java,85
GET,/arms/jiraIssueTypeLog/getMonitor.do,JiraIssueTypeLogController,getMonitor,상속(TreeAbstractController),com/arms/egovframework/javaservice/treeframework/controller/TreeAbstractController.java,293
GET,/arms/jiraIssueTypeLog/getNode.do,JiraIssueTypeLogController,getNode,상속(TreeAbstractController),com/arms/egovframework/javaservice/treeframework/controller/TreeAbstractController.java,65
GET,/arms/jiraIssueTypeLog/getNodesWithoutRoot.do,JiraIssueTypeLogController,getNodesWithoutRoot,상속(TreeAbstractController),com/arms/egovframework/javaservice/treeframework/controller/TreeAbstractController.java,108
GET,/arms/jiraIssueTypeLog/getPaginatedChildNode.do,JiraIssueTypeLogController,getPaginatedChildNode,상속(TreeAbstractController),com/arms/egovframework/javaservice/treeframework/controller/TreeAbstractController.java,131
POST,/arms/jiraIssueTypeLog/moveNode.do,JiraIssueTypeLogController,moveNode,상속(TreeAbstractController),com/arms/egovframework/javaservice/treeframework/controller/TreeAbstractController.java,264
DELETE,/arms/jiraIssueTypeLog/removeNode.do,JiraIssueTypeLogController,removeNode,상속(TreeAbstractController),com/arms/egovframework/javaservice/treeframework/controller/TreeAbstractController.java,191
GET,/arms/jiraIssueTypeLog/searchNode.do,JiraIssueTypeLogController,searchNode,상속(TreeAbstractController),com/arms/egovframework/javaservice/treeframework/controller/TreeAbstractController.java,155
GET,/arms/jiraIssueTypeLog/send-message,JiraIssueTypeLogController,sendMessage,상속(TreeAbstractController),com/arms/egovframework/javaservice/treeframework/controller/TreeAbstractController.java,309
PUT,/arms/jiraIssueTypeLog/updateNode.do,JiraIssueTypeLogController,updateNode,상속(TreeAbstractController),com/arms/egovframework/javaservice/treeframework/controller/TreeAbstractController.java,217
POST,/arms/jiraProject/addNode.do,JiraProjectController,addNode,상속(TreeAbstractController),com/arms/egovframework/javaservice/treeframework/controller/TreeAbstractController.java,176
PUT,/arms/jiraProject/alterNode.do,JiraProjectController,alterNode,상속(TreeAbstractController),com/arms/egovframework/javaservice/treeframework/controller/TreeAbstractController.java,230
PUT,/arms/jiraProject/alterNodeType.do,JiraProjectController,alterNodeType,상속(TreeAbstractController),com/arms/egovframework/javaservice/treeframework/controller/TreeAbstractController.java,249
GET,/arms/jiraProject/analyzeNode.do,JiraProjectController,analyzeNode,상속(TreeAbstractController),com/arms/egovframework/javaservice/treeframework/controller/TreeAbstractController.java,280
GET,/arms/jiraProject/getChildNode.do,JiraProjectController,getChildNode,상속(TreeAbstractController),com/arms/egovframework/javaservice/treeframework/controller/TreeAbstractController.java,85
GET,/arms/jiraProject/getMonitor.do,JiraProjectController,getMonitor,상속(TreeAbstractController),com/arms/egovframework/javaservice/treeframework/controller/TreeAbstractController.java,293
GET,/arms/jiraProject/getNode.do,JiraProjectController,getNode,상속(TreeAbstractController),com/arms/egovframework/javaservice/treeframework/controller/TreeAbstractController.java,65
GET,/arms/jiraProject/getNodesWithoutRoot.do,JiraProjectController,getNodesWithoutRoot,상속(TreeAbstractController),com/arms/egovframework/javaservice/treeframework/controller/TreeAbstractController.java,108
GET,/arms/jiraProject/getPaginatedChildNode.do,JiraProjectController,getPaginatedChildNode,상속(TreeAbstractController),com/arms/egovframework/javaservice/treeframework/controller/TreeAbstractController.java,131
GET,/arms/jiraProject/getProjectIssueType.do,JiraProjectController,getProjectIssueTypeList,자체,com/arms/api/jira/jiraproject/controller/JiraProjectController.java,48
POST,/arms/jiraProject/moveNode.do,JiraProjectController,moveNode,상속(TreeAbstractController),com/arms/egovframework/javaservice/treeframework/controller/TreeAbstractController.java,264
DELETE,/arms/jiraProject/removeNode.do,JiraProjectController,removeNode,상속(TreeAbstractController),com/arms/egovframework/javaservice/treeframework/controller/TreeAbstractController.java,191
GET,/arms/jiraProject/searchNode.do,JiraProjectController,searchNode,상속(TreeAbstractController),com/arms/egovframework/javaservice/treeframework/controller/TreeAbstractController.java,155
GET,/arms/jiraProject/send-message,JiraProjectController,sendMessage,상속(TreeAbstractController),com/arms/egovframework/javaservice/treeframework/controller/TreeAbstractController.java,309
PUT,/arms/jiraProject/updateNode.do,JiraProjectController,updateNode,상속(TreeAbstractController),com/arms/egovframework/javaservice/treeframework/controller/TreeAbstractController.java,217
PUT,/arms/jiraProject/{defaultTarget}/makeDefault.do,JiraProjectController,클라우드서버_지라프로젝트_항목별_기본값_설정,자체,com/arms/api/jira/jiraproject/controller/JiraProjectController.java,69
POST,/arms/jiraProjectIssueTypePure/addNode.do,JiraProjectIssueTypePureController,addNode,상속(TreeAbstractController),com/arms/egovframework/javaservice/treeframework/controller/TreeAbstractController.java,176
PUT,/arms/jiraProjectIssueTypePure/alterNode.do,JiraProjectIssueTypePureController,alterNode,상속(TreeAbstractController),com/arms/egovframework/javaservice/treeframework/controller/TreeAbstractController.java,230
PUT,/arms/jiraProjectIssueTypePure/alterNodeType.do,JiraProjectIssueTypePureController,alterNodeType,상속(TreeAbstractController),com/arms/egovframework/javaservice/treeframework/controller/TreeAbstractController.java,249
GET,/arms/jiraProjectIssueTypePure/analyzeNode.do,JiraProjectIssueTypePureController,analyzeNode,상속(TreeAbstractController),com/arms/egovframework/javaservice/treeframework/controller/TreeAbstractController.java,280
GET,/arms/jiraProjectIssueTypePure/getChildNode.do,JiraProjectIssueTypePureController,getChildNode,상속(TreeAbstractController),com/arms/egovframework/javaservice/treeframework/controller/TreeAbstractController.java,85
GET,/arms/jiraProjectIssueTypePure/getMonitor.do,JiraProjectIssueTypePureController,getMonitor,상속(TreeAbstractController),com/arms/egovframework/javaservice/treeframework/controller/TreeAbstractController.java,293
GET,/arms/jiraProjectIssueTypePure/getNode.do,JiraProjectIssueTypePureController,getNode,상속(TreeAbstractController),com/arms/egovframework/javaservice/treeframework/controller/TreeAbstractController.java,65
GET,/arms/jiraProjectIssueTypePure/getNodesWithoutRoot.do,JiraProjectIssueTypePureController,getNodesWithoutRoot,상속(TreeAbstractController),com/arms/egovframework/javaservice/treeframework/controller/TreeAbstractController.java,108
GET,/arms/jiraProjectIssueTypePure/getPaginatedChildNode.do,JiraProjectIssueTypePureController,getPaginatedChildNode,상속(TreeAbstractController),com/arms/egovframework/javaservice/treeframework/controller/TreeAbstractController.java,131
POST,/arms/jiraProjectIssueTypePure/moveNode.do,JiraProjectIssueTypePureController,moveNode,상속(TreeAbstractController),com/arms/egovframework/javaservice/treeframework/controller/TreeAbstractController.java,264
DELETE,/arms/jiraProjectIssueTypePure/removeNode.do,JiraProjectIssueTypePureController,removeNode,상속(TreeAbstractController),com/arms/egovframework/javaservice/treeframework/controller/TreeAbstractController.java,191
GET,/arms/jiraProjectIssueTypePure/searchNode.do,JiraProjectIssueTypePureController,searchNode,상속(TreeAbstractController),com/arms/egovframework/javaservice/treeframework/controller/TreeAbstractController.java,155
GET,/arms/jiraProjectIssueTypePure/send-message,JiraProjectIssueTypePureController,sendMessage,상속(TreeAbstractController),com/arms/egovframework/javaservice/treeframework/controller/TreeAbstractController.java,309
PUT,/arms/jiraProjectIssueTypePure/updateNode.do,JiraProjectIssueTypePureController,updateNode,상속(TreeAbstractController),com/arms/egovframework/javaservice/treeframework/controller/TreeAbstractController.java,217
POST,/arms/jiraProjectLog/addNode.do,JiraProjectLogController,addNode,상속(TreeAbstractController),com/arms/egovframework/javaservice/treeframework/controller/TreeAbstractController.java,176
PUT,/arms/jiraProjectLog/alterNode.do,JiraProjectLogController,alterNode,상속(TreeAbstractController),com/arms/egovframework/javaservice/treeframework/controller/TreeAbstractController.java,230
PUT,/arms/jiraProjectLog/alterNodeType.do,JiraProjectLogController,alterNodeType,상속(TreeAbstractController),com/arms/egovframework/javaservice/treeframework/controller/TreeAbstractController.java,249
GET,/arms/jiraProjectLog/analyzeNode.do,JiraProjectLogController,analyzeNode,상속(TreeAbstractController),com/arms/egovframework/javaservice/treeframework/controller/TreeAbstractController.java,280
GET,/arms/jiraProjectLog/getChildNode.do,JiraProjectLogController,getChildNode,상속(TreeAbstractController),com/arms/egovframework/javaservice/treeframework/controller/TreeAbstractController.java,85
GET,/arms/jiraProjectLog/getMonitor.do,JiraProjectLogController,getMonitor,상속(TreeAbstractController),com/arms/egovframework/javaservice/treeframework/controller/TreeAbstractController.java,293
GET,/arms/jiraProjectLog/getNode.do,JiraProjectLogController,getNode,상속(TreeAbstractController),com/arms/egovframework/javaservice/treeframework/controller/TreeAbstractController.java,65
GET,/arms/jiraProjectLog/getNodesWithoutRoot.do,JiraProjectLogController,getNodesWithoutRoot,상속(TreeAbstractController),com/arms/egovframework/javaservice/treeframework/controller/TreeAbstractController.java,108
GET,/arms/jiraProjectLog/getPaginatedChildNode.do,JiraProjectLogController,getPaginatedChildNode,상속(TreeAbstractController),com/arms/egovframework/javaservice/treeframework/controller/TreeAbstractController.java,131
POST,/arms/jiraProjectLog/moveNode.do,JiraProjectLogController,moveNode,상속(TreeAbstractController),com/arms/egovframework/javaservice/treeframework/controller/TreeAbstractController.java,264
DELETE,/arms/jiraProjectLog/removeNode.do,JiraProjectLogController,removeNode,상속(TreeAbstractController),com/arms/egovframework/javaservice/treeframework/controller/TreeAbstractController.java,191
GET,/arms/jiraProjectLog/searchNode.do,JiraProjectLogController,searchNode,상속(TreeAbstractController),com/arms/egovframework/javaservice/treeframework/controller/TreeAbstractController.java,155
GET,/arms/jiraProjectLog/send-message,JiraProjectLogController,sendMessage,상속(TreeAbstractController),com/arms/egovframework/javaservice/treeframework/controller/TreeAbstractController.java,309
PUT,/arms/jiraProjectLog/updateNode.do,JiraProjectLogController,updateNode,상속(TreeAbstractController),com/arms/egovframework/javaservice/treeframework/controller/TreeAbstractController.java,217
POST,/arms/jiraProjectPure/addNode.do,JiraProjectPureController,addNode,상속(TreeAbstractController),com/arms/egovframework/javaservice/treeframework/controller/TreeAbstractController.java,176
PUT,/arms/jiraProjectPure/alterNode.do,JiraProjectPureController,alterNode,상속(TreeAbstractController),com/arms/egovframework/javaservice/treeframework/controller/TreeAbstractController.java,230
PUT,/arms/jiraProjectPure/alterNodeType.do,JiraProjectPureController,alterNodeType,상속(TreeAbstractController),com/arms/egovframework/javaservice/treeframework/controller/TreeAbstractController.java,249
GET,/arms/jiraProjectPure/analyzeNode.do,JiraProjectPureController,analyzeNode,상속(TreeAbstractController),com/arms/egovframework/javaservice/treeframework/controller/TreeAbstractController.java,280
GET,/arms/jiraProjectPure/getChildNode.do,JiraProjectPureController,getChildNode,상속(TreeAbstractController),com/arms/egovframework/javaservice/treeframework/controller/TreeAbstractController.java,85
GET,/arms/jiraProjectPure/getJiraProjects.do,JiraProjectPureController,getJiraProjectPures,자체,com/arms/api/jira/jiraproject_pure/controller/JiraProjectPureController.java,49
GET,/arms/jiraProjectPure/getMonitor.do,JiraProjectPureController,getMonitor,상속(TreeAbstractController),com/arms/egovframework/javaservice/treeframework/controller/TreeAbstractController.java,293
GET,/arms/jiraProjectPure/getNode.do,JiraProjectPureController,getNode,상속(TreeAbstractController),com/arms/egovframework/javaservice/treeframework/controller/TreeAbstractController.java,65
GET,/arms/jiraProjectPure/getNodesWithoutRoot.do,JiraProjectPureController,getNodesWithoutRoot,상속(TreeAbstractController),com/arms/egovframework/javaservice/treeframework/controller/TreeAbstractController.java,108
GET,/arms/jiraProjectPure/getPaginatedChildNode.do,JiraProjectPureController,getPaginatedChildNode,상속(TreeAbstractController),com/arms/egovframework/javaservice/treeframework/controller/TreeAbstractController.java,131
POST,/arms/jiraProjectPure/moveNode.do,JiraProjectPureController,moveNode,상속(TreeAbstractController),com/arms/egovframework/javaservice/treeframework/controller/TreeAbstractController.java,264
DELETE,/arms/jiraProjectPure/removeNode.do,JiraProjectPureController,removeNode,상속(TreeAbstractController),com/arms/egovframework/javaservice/treeframework/controller/TreeAbstractController.java,191
GET,/arms/jiraProjectPure/searchNode.do,JiraProjectPureController,searchNode,상속(TreeAbstractController),com/arms/egovframework/javaservice/treeframework/controller/TreeAbstractController.java,155
GET,/arms/jiraProjectPure/send-message,JiraProjectPureController,sendMessage,상속(TreeAbstractController),com/arms/egovframework/javaservice/treeframework/controller/TreeAbstractController.java,309
PUT,/arms/jiraProjectPure/updateNode.do,JiraProjectPureController,updateNode,상속(TreeAbstractController),com/arms/egovframework/javaservice/treeframework/controller/TreeAbstractController.java,217
POST,/arms/jiraServer/addJiraServerNode.do,JiraServerController,addJiraServerNode,자체,com/arms/api/jira/jiraserver/controller/JiraServerController.java,58
POST,/arms/jiraServer/addNode.do,JiraServerController,addNode,상속(TreeAbstractController),com/arms/egovframework/javaservice/treeframework/controller/TreeAbstractController.java,176
PUT,/arms/jiraServer/alterNode.do,JiraServerController,alterNode,상속(TreeAbstractController),com/arms/egovframework/javaservice/treeframework/controller/TreeAbstractController.java,230
PUT,/arms/jiraServer/alterNodeType.do,JiraServerController,alterNodeType,상속(TreeAbstractController),com/arms/egovframework/javaservice/treeframework/controller/TreeAbstractController.java,249
GET,/arms/jiraServer/analyzeNode.do,JiraServerController,analyzeNode,상속(TreeAbstractController),com/arms/egovframework/javaservice/treeframework/controller/TreeAbstractController.java,280
GET,/arms/jiraServer/getChildNode.do,JiraServerController,getChildNode,상속(TreeAbstractController),com/arms/egovframework/javaservice/treeframework/controller/TreeAbstractController.java,85
GET,/arms/jiraServer/getIssueStatusList,JiraServerController,getIssueStatusList,자체,com/arms/api/jira/jiraserver/controller/JiraServerController.java,161
GET,/arms/jiraServer/getJiraIssuePriority.do,JiraServerController,getJiraIssuePriorityList,자체,com/arms/api/jira/jiraserver/controller/JiraServerController.java,181
GET,/arms/jiraServer/getJiraIssueResolution.do,JiraServerController,getJiraIssueResolutionList,자체,com/arms/api/jira/jiraserver/controller/JiraServerController.java,201
GET,/arms/jiraServer/getJiraIssueType.do,JiraServerController,getJiraIssueTypeList,자체,com/arms/api/jira/jiraserver/controller/JiraServerController.java,141
GET,/arms/jiraServer/getJiraProjectPure.do,JiraServerController,getJiraProjectPure,자체,com/arms/api/jira/jiraserver/controller/JiraServerController.java,121
GET,/arms/jiraServer/getMonitor.do,JiraServerController,getMonitor,상속(TreeAbstractController),com/arms/egovframework/javaservice/treeframework/controller/TreeAbstractController.java,293
GET,/arms/jiraServer/getNode.do,JiraServerController,getNode,상속(TreeAbstractController),com/arms/egovframework/javaservice/treeframework/controller/TreeAbstractController.java,65
GET,/arms/jiraServer/getNodeWithEncryption.do,JiraServerController,getNodeWithEncryption,자체,com/arms/api/jira/jiraserver/controller/JiraServerController.java,83
GET,/arms/jiraServer/getNodesWithoutRoot.do,JiraServerController,getNodesWithoutRoot,상속(TreeAbstractController),com/arms/egovframework/javaservice/treeframework/controller/TreeAbstractController.java,108
GET,/arms/jiraServer/getPaginatedChildNode.do,JiraServerController,getPaginatedChildNode,상속(TreeAbstractController),com/arms/egovframework/javaservice/treeframework/controller/TreeAbstractController.java,131
GET,/arms/jiraServer/getRuleSet.do,JiraServerController,getStatusRuleSet,자체,com/arms/api/jira/jiraserver/controller/JiraServerController.java,283
POST,/arms/jiraServer/moveNode.do,JiraServerController,moveNode,상속(TreeAbstractController),com/arms/egovframework/javaservice/treeframework/controller/TreeAbstractController.java,264
POST,/arms/jiraServer/preSetIssueStatusMapping.do,JiraServerController,preSetIssueStatusMapping,자체,com/arms/api/jira/jiraserver/controller/JiraServerController.java,303
PUT,/arms/jiraServer/refresh.do,JiraServerController,refreshALMServer,자체,com/arms/api/jira/jiraserver/controller/JiraServerController.java,260
DELETE,/arms/jiraServer/removeNode.do,JiraServerController,removeNode,상속(TreeAbstractController),com/arms/egovframework/javaservice/treeframework/controller/TreeAbstractController.java,191
GET,/arms/jiraServer/searchNode.do,JiraServerController,searchNode,상속(TreeAbstractController),com/arms/egovframework/javaservice/treeframework/controller/TreeAbstractController.java,155
GET,/arms/jiraServer/send-message,JiraServerController,sendMessage,상속(TreeAbstractController),com/arms/egovframework/javaservice/treeframework/controller/TreeAbstractController.java,309
PUT,/arms/jiraServer/updateNode.do,JiraServerController,updateNode,상속(TreeAbstractController),com/arms/egovframework/javaservice/treeframework/controller/TreeAbstractController.java,217
PUT,/arms/jiraServer/updateNodeAndEngineServerInfoUpdate.do,JiraServerController,updateArmsAndEngineServerData,자체,com/arms/api/jira/jiraserver/controller/JiraServerController.java,247
PUT,/arms/jiraServer/{defaultTarget}/makeDefault.do,JiraServerController,setDefaultValueForTarget,자체,com/arms/api/jira/jiraserver/controller/JiraServerController.java,221
PUT,/arms/jiraServer/{refreshTarget}/renewNode.do,JiraServerController,refreshALMServerByTarget,자체,com/arms/api/jira/jiraserver/controller/JiraServerController.java,99
POST,/arms/jiraServerLog/addNode.do,JiraServerLogController,addNode,상속(TreeAbstractController),com/arms/egovframework/javaservice/treeframework/controller/TreeAbstractController.java,176
PUT,/arms/jiraServerLog/alterNode.do,JiraServerLogController,alterNode,상속(TreeAbstractController),com/arms/egovframework/javaservice/treeframework/controller/TreeAbstractController.java,230
PUT,/arms/jiraServerLog/alterNodeType.do,JiraServerLogController,alterNodeType,상속(TreeAbstractController),com/arms/egovframework/javaservice/treeframework/controller/TreeAbstractController.java,249
GET,/arms/jiraServerLog/analyzeNode.do,JiraServerLogController,analyzeNode,상속(TreeAbstractController),com/arms/egovframework/javaservice/treeframework/controller/TreeAbstractController.java,280
GET,/arms/jiraServerLog/getChildNode.do,JiraServerLogController,getChildNode,상속(TreeAbstractController),com/arms/egovframework/javaservice/treeframework/controller/TreeAbstractController.java,85
GET,/arms/jiraServerLog/getMonitor.do,JiraServerLogController,getMonitor,상속(TreeAbstractController),com/arms/egovframework/javaservice/treeframework/controller/TreeAbstractController.java,293
GET,/arms/jiraServerLog/getNode.do,JiraServerLogController,getNode,상속(TreeAbstractController),com/arms/egovframework/javaservice/treeframework/controller/TreeAbstractController.java,65
GET,/arms/jiraServerLog/getNodesWithoutRoot.do,JiraServerLogController,getNodesWithoutRoot,상속(TreeAbstractController),com/arms/egovframework/javaservice/treeframework/controller/TreeAbstractController.java,108
GET,/arms/jiraServerLog/getPaginatedChildNode.do,JiraServerLogController,getPaginatedChildNode,상속(TreeAbstractController),com/arms/egovframework/javaservice/treeframework/controller/TreeAbstractController.java,131
POST,/arms/jiraServerLog/moveNode.do,JiraServerLogController,moveNode,상속(TreeAbstractController),com/arms/egovframework/javaservice/treeframework/controller/TreeAbstractController.java,264
DELETE,/arms/jiraServerLog/removeNode.do,JiraServerLogController,removeNode,상속(TreeAbstractController),com/arms/egovframework/javaservice/treeframework/controller/TreeAbstractController.java,191
GET,/arms/jiraServerLog/searchNode.do,JiraServerLogController,searchNode,상속(TreeAbstractController),com/arms/egovframework/javaservice/treeframework/controller/TreeAbstractController.java,155
GET,/arms/jiraServerLog/send-message,JiraServerLogController,sendMessage,상속(TreeAbstractController),com/arms/egovframework/javaservice/treeframework/controller/TreeAbstractController.java,309
PUT,/arms/jiraServerLog/updateNode.do,JiraServerLogController,updateNode,상속(TreeAbstractController),com/arms/egovframework/javaservice/treeframework/controller/TreeAbstractController.java,217
POST,/arms/jiraServerProjectPure/addNode.do,JiraServerProjectPureController,addNode,상속(TreeAbstractController),com/arms/egovframework/javaservice/treeframework/controller/TreeAbstractController.java,176
PUT,/arms/jiraServerProjectPure/alterNode.do,JiraServerProjectPureController,alterNode,상속(TreeAbstractController),com/arms/egovframework/javaservice/treeframework/controller/TreeAbstractController.java,230
PUT,/arms/jiraServerProjectPure/alterNodeType.do,JiraServerProjectPureController,alterNodeType,상속(TreeAbstractController),com/arms/egovframework/javaservice/treeframework/controller/TreeAbstractController.java,249
GET,/arms/jiraServerProjectPure/analyzeNode.do,JiraServerProjectPureController,analyzeNode,상속(TreeAbstractController),com/arms/egovframework/javaservice/treeframework/controller/TreeAbstractController.java,280
GET,/arms/jiraServerProjectPure/getALMServerProjectPureListWithSoftDelete.do,JiraServerProjectPureController,getALMServerProjectPureListWithSoftDelete,자체,com/arms/api/jira/jiraserver_project_pure/controller/JiraServerProjectPureController.java,68
GET,/arms/jiraServerProjectPure/getChildNode.do,JiraServerProjectPureController,getChildNode,상속(TreeAbstractController),com/arms/egovframework/javaservice/treeframework/controller/TreeAbstractController.java,85
GET,/arms/jiraServerProjectPure/getJiraProjectList.do,JiraServerProjectPureController,getJiraProjectList,자체,com/arms/api/jira/jiraserver_project_pure/controller/JiraServerProjectPureController.java,79
GET,/arms/jiraServerProjectPure/getMonitor.do,JiraServerProjectPureController,getMonitor,상속(TreeAbstractController),com/arms/egovframework/javaservice/treeframework/controller/TreeAbstractController.java,293
GET,/arms/jiraServerProjectPure/getNode.do,JiraServerProjectPureController,getNode,상속(TreeAbstractController),com/arms/egovframework/javaservice/treeframework/controller/TreeAbstractController.java,65
GET,/arms/jiraServerProjectPure/getNodeWithoutSoftDelete.do,JiraServerProjectPureController,getNodeWithoutSoftDelete,자체,com/arms/api/jira/jiraserver_project_pure/controller/JiraServerProjectPureController.java,49
GET,/arms/jiraServerProjectPure/getNodesWithoutRoot.do,JiraServerProjectPureController,getNodesWithoutRoot,상속(TreeAbstractController),com/arms/egovframework/javaservice/treeframework/controller/TreeAbstractController.java,108
GET,/arms/jiraServerProjectPure/getPaginatedChildNode.do,JiraServerProjectPureController,getPaginatedChildNode,상속(TreeAbstractController),com/arms/egovframework/javaservice/treeframework/controller/TreeAbstractController.java,131
POST,/arms/jiraServerProjectPure/moveNode.do,JiraServerProjectPureController,moveNode,상속(TreeAbstractController),com/arms/egovframework/javaservice/treeframework/controller/TreeAbstractController.java,264
DELETE,/arms/jiraServerProjectPure/removeNode.do,JiraServerProjectPureController,removeNode,상속(TreeAbstractController),com/arms/egovframework/javaservice/treeframework/controller/TreeAbstractController.java,191
GET,/arms/jiraServerProjectPure/searchNode.do,JiraServerProjectPureController,searchNode,상속(TreeAbstractController),com/arms/egovframework/javaservice/treeframework/controller/TreeAbstractController.java,155
GET,/arms/jiraServerProjectPure/send-message,JiraServerProjectPureController,sendMessage,상속(TreeAbstractController),com/arms/egovframework/javaservice/treeframework/controller/TreeAbstractController.java,309
PUT,/arms/jiraServerProjectPure/updateNode.do,JiraServerProjectPureController,updateNode,상속(TreeAbstractController),com/arms/egovframework/javaservice/treeframework/controller/TreeAbstractController.java,217
POST,/arms/jiraServerPure/addNode.do,JiraServerPureController,addNode,상속(TreeAbstractController),com/arms/egovframework/javaservice/treeframework/controller/TreeAbstractController.java,176
PUT,/arms/jiraServerPure/alterNode.do,JiraServerPureController,alterNode,상속(TreeAbstractController),com/arms/egovframework/javaservice/treeframework/controller/TreeAbstractController.java,230
PUT,/arms/jiraServerPure/alterNodeType.do,JiraServerPureController,alterNodeType,상속(TreeAbstractController),com/arms/egovframework/javaservice/treeframework/controller/TreeAbstractController.java,249
GET,/arms/jiraServerPure/analyzeNode.do,JiraServerPureController,analyzeNode,상속(TreeAbstractController),com/arms/egovframework/javaservice/treeframework/controller/TreeAbstractController.java,280
GET,/arms/jiraServerPure/getChildNode.do,JiraServerPureController,getChildNode,상속(TreeAbstractController),com/arms/egovframework/javaservice/treeframework/controller/TreeAbstractController.java,85
GET,/arms/jiraServerPure/getJiraServerMonitor.do,JiraServerPureController,getJiraServerMonitor,자체,com/arms/api/jira/jiraserver_pure/controller/JiraServerPureController.java,142
GET,/arms/jiraServerPure/getMonitor.do,JiraServerPureController,getMonitor,상속(TreeAbstractController),com/arms/egovframework/javaservice/treeframework/controller/TreeAbstractController.java,293
GET,/arms/jiraServerPure/getNode.do,JiraServerPureController,getNode,상속(TreeAbstractController),com/arms/egovframework/javaservice/treeframework/controller/TreeAbstractController.java,65
GET,/arms/jiraServerPure/getNodeExceptPW.do,JiraServerPureController,getNodeWithoutPW,자체,com/arms/api/jira/jiraserver_pure/controller/JiraServerPureController.java,62
GET,/arms/jiraServerPure/getNodeWithDecryption.do,JiraServerPureController,getNodeWithDecryption,자체,com/arms/api/jira/jiraserver_pure/controller/JiraServerPureController.java,118
GET,/arms/jiraServerPure/getNodesWithoutRoot.do,JiraServerPureController,getNodesWithoutRoot,상속(TreeAbstractController),com/arms/egovframework/javaservice/treeframework/controller/TreeAbstractController.java,108
GET,/arms/jiraServerPure/getPaginatedChildNode.do,JiraServerPureController,getPaginatedChildNode,상속(TreeAbstractController),com/arms/egovframework/javaservice/treeframework/controller/TreeAbstractController.java,131
GET,/arms/jiraServerPure/makeEncryption.do,JiraServerPureController,makeEncryption,자체,com/arms/api/jira/jiraserver_pure/controller/JiraServerPureController.java,165
POST,/arms/jiraServerPure/moveNode.do,JiraServerPureController,moveNode,상속(TreeAbstractController),com/arms/egovframework/javaservice/treeframework/controller/TreeAbstractController.java,264
DELETE,/arms/jiraServerPure/removeNode.do,JiraServerPureController,removeNode,상속(TreeAbstractController),com/arms/egovframework/javaservice/treeframework/controller/TreeAbstractController.java,191
GET,/arms/jiraServerPure/searchNode.do,JiraServerPureController,searchNode,상속(TreeAbstractController),com/arms/egovframework/javaservice/treeframework/controller/TreeAbstractController.java,155
GET,/arms/jiraServerPure/send-message,JiraServerPureController,sendMessage,상속(TreeAbstractController),com/arms/egovframework/javaservice/treeframework/controller/TreeAbstractController.java,309
GET,/arms/jiraServerPure/serverTypeMap.do,JiraServerPureController,getServerTypeMap,자체,com/arms/api/jira/jiraserver_pure/controller/JiraServerPureController.java,154
PUT,/arms/jiraServerPure/updateNode.do,JiraServerPureController,updateNode,상속(TreeAbstractController),com/arms/egovframework/javaservice/treeframework/controller/TreeAbstractController.java,217
POST,/arms/jiraServerPure/verifyAccount.do,JiraServerPureController,verifyALMAccount,자체,com/arms/api/jira/jiraserver_pure/controller/JiraServerPureController.java,79
POST,/arms/jiraServerPure/verifyNewAccount.do,JiraServerPureController,verifyNewALMAccount,자체,com/arms/api/jira/jiraserver_pure/controller/JiraServerPureController.java,94
GET,/kafka/health,KafkaMonitorController,health,자체,com/arms/api/requirement/reqadd/kafka/controller/KafkaMonitorController.java,121
GET,/kafka/lag/reqadd,KafkaMonitorController,getReqAddLag,자체,com/arms/api/requirement/reqadd/kafka/controller/KafkaMonitorController.java,109
GET,/kafka/lag/{topic},KafkaMonitorController,getTopicLag,자체,com/arms/api/requirement/reqadd/kafka/controller/KafkaMonitorController.java,46
GET,/kafka/lag/{topic}/detail,KafkaMonitorController,getDetailedTopicLag,자체,com/arms/api/requirement/reqadd/kafka/controller/KafkaMonitorController.java,68
GET,/kafka/status/{topic},KafkaMonitorController,getConsumerStatus,자체,com/arms/api/requirement/reqadd/kafka/controller/KafkaMonitorController.java,93
GET,/kafka/{topic}/list,KafkaMonitorController,getTopicMessageList,자체,com/arms/api/requirement/reqadd/kafka/controller/KafkaMonitorController.java,131
GET,/arms/mail/fetch-html-test,MailController,fetchHtmlData,자체,com/arms/api/report/mail/controller/MailController.java,44
GET,/arms/mail/save-chart-image,MailController,saveChartImage,자체,com/arms/api/report/mail/controller/MailController.java,75
POST,/arms/mail/send-all-test,MailController,sendAllEmailTest,자체,com/arms/api/report/mail/controller/MailController.java,24
POST,/arms/mail/send-test,MailController,sendTestEmail,자체,com/arms/api/report/mail/controller/MailController.java,34
GET,/arms/mail/send-to-registered-users,MailController,sendEmailsToAllUsers,자체,com/arms/api/report/mail/controller/MailController.java,65
POST,/arms/mail/validate,MailController,validateSmtpConfig,자체,com/arms/api/report/mail/controller/MailController.java,55
GET,/arms/mail/report/top-menu/resource,MailReportController,getTopMenuResource,자체,com/arms/api/report/mail/controller/MailReportController.java,45
GET,/arms/mail/report/top-menu/scope,MailReportController,getTopMenuScope,자체,com/arms/api/report/mail/controller/MailReportController.java,35
GET,/arms/mail/report/top-menu/time,MailReportController,getTopMenuTime,자체,com/arms/api/report/mail/controller/MailReportController.java,25
POST,/anonymous/cover/newsletter/addNewsletter,NewsletterController,addNewsletter,자체,com/arms/api/newsletter/controller/NewsletterController.java,33
POST,/anonymous/cover/newsletter/addNode.do,NewsletterController,addNode,상속(TreeAbstractController),com/arms/egovframework/javaservice/treeframework/controller/TreeAbstractController.java,176
PUT,/anonymous/cover/newsletter/alterNode.do,NewsletterController,alterNode,상속(TreeAbstractController),com/arms/egovframework/javaservice/treeframework/controller/TreeAbstractController.java,230
PUT,/anonymous/cover/newsletter/alterNodeType.do,NewsletterController,alterNodeType,상속(TreeAbstractController),com/arms/egovframework/javaservice/treeframework/controller/TreeAbstractController.java,249
GET,/anonymous/cover/newsletter/analyzeNode.do,NewsletterController,analyzeNode,상속(TreeAbstractController),com/arms/egovframework/javaservice/treeframework/controller/TreeAbstractController.java,280
GET,/anonymous/cover/newsletter/countNewsletters,NewsletterController,countNewsletters,자체,com/arms/api/newsletter/controller/NewsletterController.java,85
GET,/anonymous/cover/newsletter/getChildNode.do,NewsletterController,getChildNode,상속(TreeAbstractController),com/arms/egovframework/javaservice/treeframework/controller/TreeAbstractController.java,85
GET,/anonymous/cover/newsletter/getMonitor.do,NewsletterController,getMonitor,상속(TreeAbstractController),com/arms/egovframework/javaservice/treeframework/controller/TreeAbstractController.java,293
GET,/anonymous/cover/newsletter/getNewsletter/{newsletterId},NewsletterController,getNewsletter,자체,com/arms/api/newsletter/controller/NewsletterController.java,41
GET,/anonymous/cover/newsletter/getNewsletters,NewsletterController,getNewsletters,자체,com/arms/api/newsletter/controller/NewsletterController.java,63
GET,/anonymous/cover/newsletter/getNode.do,NewsletterController,getNode,상속(TreeAbstractController),com/arms/egovframework/javaservice/treeframework/controller/TreeAbstractController.java,65
GET,/anonymous/cover/newsletter/getNodesWithoutRoot.do,NewsletterController,getNodesWithoutRoot,상속(TreeAbstractController),com/arms/egovframework/javaservice/treeframework/controller/TreeAbstractController.java,108
GET,/anonymous/cover/newsletter/getPaginatedChildNode.do,NewsletterController,getPaginatedChildNode,상속(TreeAbstractController),com/arms/egovframework/javaservice/treeframework/controller/TreeAbstractController.java,131
GET,/anonymous/cover/newsletter/getPopularNewsletters,NewsletterController,getPopularNewsletters,자체,com/arms/api/newsletter/controller/NewsletterController.java,74
POST,/anonymous/cover/newsletter/moveNode.do,NewsletterController,moveNode,상속(TreeAbstractController),com/arms/egovframework/javaservice/treeframework/controller/TreeAbstractController.java,264
DELETE,/anonymous/cover/newsletter/removeNewsletter/{newsletterId},NewsletterController,removeNewsletter,자체,com/arms/api/newsletter/controller/NewsletterController.java,56
DELETE,/anonymous/cover/newsletter/removeNode.do,NewsletterController,removeNode,상속(TreeAbstractController),com/arms/egovframework/javaservice/treeframework/controller/TreeAbstractController.java,191
GET,/anonymous/cover/newsletter/searchNode.do,NewsletterController,searchNode,상속(TreeAbstractController),com/arms/egovframework/javaservice/treeframework/controller/TreeAbstractController.java,155
GET,/anonymous/cover/newsletter/send-message,NewsletterController,sendMessage,상속(TreeAbstractController),com/arms/egovframework/javaservice/treeframework/controller/TreeAbstractController.java,309
PUT,/anonymous/cover/newsletter/updateNewsletter,NewsletterController,updateNewsletter,자체,com/arms/api/newsletter/controller/NewsletterController.java,48
PUT,/anonymous/cover/newsletter/updateNode.do,NewsletterController,updateNode,상속(TreeAbstractController),com/arms/egovframework/javaservice/treeframework/controller/TreeAbstractController.java,217
POST,/anonymous/arms/patchnote/addNode.do,PatchnoteController,addNode,상속(TreeAbstractController),com/arms/egovframework/javaservice/treeframework/controller/TreeAbstractController.java,176
PUT,/anonymous/arms/patchnote/alterNode.do,PatchnoteController,alterNode,상속(TreeAbstractController),com/arms/egovframework/javaservice/treeframework/controller/TreeAbstractController.java,230
PUT,/anonymous/arms/patchnote/alterNodeType.do,PatchnoteController,alterNodeType,상속(TreeAbstractController),com/arms/egovframework/javaservice/treeframework/controller/TreeAbstractController.java,249
GET,/anonymous/arms/patchnote/analyzeNode.do,PatchnoteController,analyzeNode,상속(TreeAbstractController),com/arms/egovframework/javaservice/treeframework/controller/TreeAbstractController.java,280
GET,/anonymous/arms/patchnote/getChildNode.do,PatchnoteController,getChildNode,상속(TreeAbstractController),com/arms/egovframework/javaservice/treeframework/controller/TreeAbstractController.java,85
GET,/anonymous/arms/patchnote/getMonitor.do,PatchnoteController,getMonitor,상속(TreeAbstractController),com/arms/egovframework/javaservice/treeframework/controller/TreeAbstractController.java,293
GET,/anonymous/arms/patchnote/getNode.do,PatchnoteController,getNode,상속(TreeAbstractController),com/arms/egovframework/javaservice/treeframework/controller/TreeAbstractController.java,65
GET,/anonymous/arms/patchnote/getNodesWithoutRoot.do,PatchnoteController,getNodesWithoutRoot,상속(TreeAbstractController),com/arms/egovframework/javaservice/treeframework/controller/TreeAbstractController.java,108
GET,/anonymous/arms/patchnote/getPaginatedChildNode.do,PatchnoteController,getPaginatedChildNode,상속(TreeAbstractController),com/arms/egovframework/javaservice/treeframework/controller/TreeAbstractController.java,131
GET,/anonymous/arms/patchnote/getPatchnoteList.do,PatchnoteController,getPatchnoteList,자체,com/arms/api/patchnote/controller/PatchnoteController.java,38
POST,/anonymous/arms/patchnote/moveNode.do,PatchnoteController,moveNode,상속(TreeAbstractController),com/arms/egovframework/javaservice/treeframework/controller/TreeAbstractController.java,264
DELETE,/anonymous/arms/patchnote/removeNode.do,PatchnoteController,removeNode,상속(TreeAbstractController),com/arms/egovframework/javaservice/treeframework/controller/TreeAbstractController.java,191
GET,/anonymous/arms/patchnote/searchNode.do,PatchnoteController,searchNode,상속(TreeAbstractController),com/arms/egovframework/javaservice/treeframework/controller/TreeAbstractController.java,155
GET,/anonymous/arms/patchnote/send-message,PatchnoteController,sendMessage,상속(TreeAbstractController),com/arms/egovframework/javaservice/treeframework/controller/TreeAbstractController.java,309
PUT,/anonymous/arms/patchnote/updateNode.do,PatchnoteController,updateNode,상속(TreeAbstractController),com/arms/egovframework/javaservice/treeframework/controller/TreeAbstractController.java,217
POST,/arms/pdService/addNode.do,PdServiceController,addNode,상속(TreeAbstractController),com/arms/egovframework/javaservice/treeframework/controller/TreeAbstractController.java,176
POST,/arms/pdService/addPdServiceNode.do,PdServiceController,addPdServiceNode,자체,com/arms/api/product_service/pdservice/controller/PdServiceController.java,62
POST,/arms/pdService/addVersionToNode.do,PdServiceController,addVersionToNode,자체,com/arms/api/product_service/pdservice/controller/PdServiceController.java,73
PUT,/arms/pdService/alterNode.do,PdServiceController,alterNode,상속(TreeAbstractController),com/arms/egovframework/javaservice/treeframework/controller/TreeAbstractController.java,230
PUT,/arms/pdService/alterNodeType.do,PdServiceController,alterNodeType,상속(TreeAbstractController),com/arms/egovframework/javaservice/treeframework/controller/TreeAbstractController.java,249
GET,/arms/pdService/analyzeNode.do,PdServiceController,analyzeNode,상속(TreeAbstractController),com/arms/egovframework/javaservice/treeframework/controller/TreeAbstractController.java,280
GET,/arms/pdService/getChildNode.do,PdServiceController,getChildNode,상속(TreeAbstractController),com/arms/egovframework/javaservice/treeframework/controller/TreeAbstractController.java,85
GET,/arms/pdService/getD3ChartData.do,PdServiceController,getD3ChartData,자체,com/arms/api/product_service/pdservice/controller/PdServiceController.java,175
GET,/arms/pdService/getMonitor.do,PdServiceController,getMonitor,상속(TreeAbstractController),com/arms/egovframework/javaservice/treeframework/controller/TreeAbstractController.java,293
GET,/arms/pdService/getNode.do,PdServiceController,getNode,상속(TreeAbstractController),com/arms/egovframework/javaservice/treeframework/controller/TreeAbstractController.java,65
GET,/arms/pdService/getNodeWithVersionOrderByCidDesc,PdServiceController,getNodeWithVersionOrderByCidDesc,자체,com/arms/api/product_service/pdservice/controller/PdServiceController.java,53
GET,/arms/pdService/getNodesWithoutRoot.do,PdServiceController,getNodesWithoutRoot,상속(TreeAbstractController),com/arms/egovframework/javaservice/treeframework/controller/TreeAbstractController.java,108
GET,/arms/pdService/getPaginatedChildNode.do,PdServiceController,getPaginatedChildNode,상속(TreeAbstractController),com/arms/egovframework/javaservice/treeframework/controller/TreeAbstractController.java,131
GET,/arms/pdService/getPdServiceAndVersionByCid,PdServiceController,getPdServiceAndVersionByCid,자체,com/arms/api/product_service/pdservice/controller/PdServiceController.java,149
GET,/arms/pdService/getPdServiceEntityAndVersionList,PdServiceController,getPdServiceEntityAndVersionList,자체,com/arms/api/product_service/pdservice/controller/PdServiceController.java,138
GET,/arms/pdService/getVersionList,PdServiceController,getVersionList,자체,com/arms/api/product_service/pdservice/controller/PdServiceController.java,118
POST,/arms/pdService/moveNode.do,PdServiceController,moveNode,상속(TreeAbstractController),com/arms/egovframework/javaservice/treeframework/controller/TreeAbstractController.java,264
POST,/arms/pdService/removeAll.do/{pdServiceId},PdServiceController,removeAll,자체,com/arms/api/product_service/pdservice/controller/PdServiceController.java,181
DELETE,/arms/pdService/removeNode.do,PdServiceController,removeNode,상속(TreeAbstractController),com/arms/egovframework/javaservice/treeframework/controller/TreeAbstractController.java,191
DELETE,/arms/pdService/removeVersion.do,PdServiceController,removeVersion,자체,com/arms/api/product_service/pdservice/controller/PdServiceController.java,159
GET,/arms/pdService/searchNode.do,PdServiceController,searchNode,상속(TreeAbstractController),com/arms/egovframework/javaservice/treeframework/controller/TreeAbstractController.java,155
GET,/arms/pdService/send-message,PdServiceController,sendMessage,상속(TreeAbstractController),com/arms/egovframework/javaservice/treeframework/controller/TreeAbstractController.java,309
PUT,/arms/pdService/updateNode.do,PdServiceController,updateNode,상속(TreeAbstractController),com/arms/egovframework/javaservice/treeframework/controller/TreeAbstractController.java,217
PUT,/arms/pdService/updateVersionToNode.do,PdServiceController,updateVersionNode,자체,com/arms/api/product_service/pdservice/controller/PdServiceController.java,85
POST,/arms/pdService/uploadFileToNode.do,PdServiceController,uploadFileToNode,자체,com/arms/api/product_service/pdservice/controller/PdServiceController.java,103
GET,/arms/pdService/versions-with-date,PdServiceController,getVersionListWithDate,자체,com/arms/api/product_service/pdservice/controller/PdServiceController.java,128
POST,/arms/pdServiceDetail/addNode.do,PdServiceDetailController,addNode,상속(TreeAbstractController),com/arms/egovframework/javaservice/treeframework/controller/TreeAbstractController.java,176
POST,/arms/pdServiceDetail/addNode.do/{pdServiceId},PdServiceDetailController,addNodeByPdService,자체,com/arms/api/product_service/pdservice_detail/controller/PdServiceDetailController.java,69
PUT,/arms/pdServiceDetail/alterNode.do,PdServiceDetailController,alterNode,상속(TreeAbstractController),com/arms/egovframework/javaservice/treeframework/controller/TreeAbstractController.java,230
PUT,/arms/pdServiceDetail/alterNodeType.do,PdServiceDetailController,alterNodeType,상속(TreeAbstractController),com/arms/egovframework/javaservice/treeframework/controller/TreeAbstractController.java,249
GET,/arms/pdServiceDetail/analyzeNode.do,PdServiceDetailController,analyzeNode,상속(TreeAbstractController),com/arms/egovframework/javaservice/treeframework/controller/TreeAbstractController.java,280
POST,/arms/pdServiceDetail/deleteFileNode.do/{fileId},PdServiceDetailController,deleteFileNode,자체,com/arms/api/product_service/pdservice_detail/controller/PdServiceDetailController.java,127
POST,/arms/pdServiceDetail/deleteNode.do/{pdServiceDetailId},PdServiceDetailController,deleteNode,자체,com/arms/api/product_service/pdservice_detail/controller/PdServiceDetailController.java,113
GET,/arms/pdServiceDetail/getChildNode.do,PdServiceDetailController,getChildNode,상속(TreeAbstractController),com/arms/egovframework/javaservice/treeframework/controller/TreeAbstractController.java,85
GET,/arms/pdServiceDetail/getFilesByNode.do,PdServiceDetailController,getFilesByNode,자체,com/arms/api/product_service/pdservice_detail/controller/PdServiceDetailController.java,98
GET,/arms/pdServiceDetail/getMonitor.do,PdServiceDetailController,getMonitor,상속(TreeAbstractController),com/arms/egovframework/javaservice/treeframework/controller/TreeAbstractController.java,293
GET,/arms/pdServiceDetail/getNode.do,PdServiceDetailController,getNode,상속(TreeAbstractController),com/arms/egovframework/javaservice/treeframework/controller/TreeAbstractController.java,65
GET,/arms/pdServiceDetail/getNodes.do/{pdServiceId},PdServiceDetailController,getNodesByPdService,자체,com/arms/api/product_service/pdservice_detail/controller/PdServiceDetailController.java,56
GET,/arms/pdServiceDetail/getNodesWithoutRoot.do,PdServiceDetailController,getNodesWithoutRoot,상속(TreeAbstractController),com/arms/egovframework/javaservice/treeframework/controller/TreeAbstractController.java,108
GET,/arms/pdServiceDetail/getPaginatedChildNode.do,PdServiceDetailController,getPaginatedChildNode,상속(TreeAbstractController),com/arms/egovframework/javaservice/treeframework/controller/TreeAbstractController.java,131
POST,/arms/pdServiceDetail/moveNode.do,PdServiceDetailController,moveNode,상속(TreeAbstractController),com/arms/egovframework/javaservice/treeframework/controller/TreeAbstractController.java,264
DELETE,/arms/pdServiceDetail/removeNode.do,PdServiceDetailController,removeNode,상속(TreeAbstractController),com/arms/egovframework/javaservice/treeframework/controller/TreeAbstractController.java,191
GET,/arms/pdServiceDetail/searchNode.do,PdServiceDetailController,searchNode,상속(TreeAbstractController),com/arms/egovframework/javaservice/treeframework/controller/TreeAbstractController.java,155
GET,/arms/pdServiceDetail/send-message,PdServiceDetailController,sendMessage,상속(TreeAbstractController),com/arms/egovframework/javaservice/treeframework/controller/TreeAbstractController.java,309
PUT,/arms/pdServiceDetail/updateNode.do,PdServiceDetailController,updateNode,상속(TreeAbstractController),com/arms/egovframework/javaservice/treeframework/controller/TreeAbstractController.java,217
POST,/arms/pdServiceDetail/uploadFileToNode.do,PdServiceDetailController,uploadFileToNode,자체,com/arms/api/product_service/pdservice_detail/controller/PdServiceDetailController.java,81
POST,/arms/pdServiceLog/addNode.do,PdServiceLogController,addNode,상속(TreeAbstractController),com/arms/egovframework/javaservice/treeframework/controller/TreeAbstractController.java,176
PUT,/arms/pdServiceLog/alterNode.do,PdServiceLogController,alterNode,상속(TreeAbstractController),com/arms/egovframework/javaservice/treeframework/controller/TreeAbstractController.java,230
PUT,/arms/pdServiceLog/alterNodeType.do,PdServiceLogController,alterNodeType,상속(TreeAbstractController),com/arms/egovframework/javaservice/treeframework/controller/TreeAbstractController.java,249
GET,/arms/pdServiceLog/analyzeNode.do,PdServiceLogController,analyzeNode,상속(TreeAbstractController),com/arms/egovframework/javaservice/treeframework/controller/TreeAbstractController.java,280
GET,/arms/pdServiceLog/getChildNode.do,PdServiceLogController,getChildNode,상속(TreeAbstractController),com/arms/egovframework/javaservice/treeframework/controller/TreeAbstractController.java,85
GET,/arms/pdServiceLog/getMonitor.do,PdServiceLogController,getMonitor,상속(TreeAbstractController),com/arms/egovframework/javaservice/treeframework/controller/TreeAbstractController.java,293
GET,/arms/pdServiceLog/getNode.do,PdServiceLogController,getNode,상속(TreeAbstractController),com/arms/egovframework/javaservice/treeframework/controller/TreeAbstractController.java,65
GET,/arms/pdServiceLog/getNodesWithoutRoot.do,PdServiceLogController,getNodesWithoutRoot,상속(TreeAbstractController),com/arms/egovframework/javaservice/treeframework/controller/TreeAbstractController.java,108
GET,/arms/pdServiceLog/getPaginatedChildNode.do,PdServiceLogController,getPaginatedChildNode,상속(TreeAbstractController),com/arms/egovframework/javaservice/treeframework/controller/TreeAbstractController.java,131
POST,/arms/pdServiceLog/moveNode.do,PdServiceLogController,moveNode,상속(TreeAbstractController),com/arms/egovframework/javaservice/treeframework/controller/TreeAbstractController.java,264
DELETE,/arms/pdServiceLog/removeNode.do,PdServiceLogController,removeNode,상속(TreeAbstractController),com/arms/egovframework/javaservice/treeframework/controller/TreeAbstractController.java,191
GET,/arms/pdServiceLog/searchNode.do,PdServiceLogController,searchNode,상속(TreeAbstractController),com/arms/egovframework/javaservice/treeframework/controller/TreeAbstractController.java,155
GET,/arms/pdServiceLog/send-message,PdServiceLogController,sendMessage,상속(TreeAbstractController),com/arms/egovframework/javaservice/treeframework/controller/TreeAbstractController.java,309
PUT,/arms/pdServiceLog/updateNode.do,PdServiceLogController,updateNode,상속(TreeAbstractController),com/arms/egovframework/javaservice/treeframework/controller/TreeAbstractController.java,217
GET,/arms/pdServicePure,PdServicePureController,findAll,자체,com/arms/api/product_service/pdservice_pure/controller/PdServicePureController.java,58
POST,/arms/pdServicePure/addNode.do,PdServicePureController,addNode,상속(TreeAbstractController),com/arms/egovframework/javaservice/treeframework/controller/TreeAbstractController.java,176
PUT,/arms/pdServicePure/alterNode.do,PdServicePureController,alterNode,상속(TreeAbstractController),com/arms/egovframework/javaservice/treeframework/controller/TreeAbstractController.java,230
PUT,/arms/pdServicePure/alterNodeType.do,PdServicePureController,alterNodeType,상속(TreeAbstractController),com/arms/egovframework/javaservice/treeframework/controller/TreeAbstractController.java,249
GET,/arms/pdServicePure/analyzeNode.do,PdServicePureController,analyzeNode,상속(TreeAbstractController),com/arms/egovframework/javaservice/treeframework/controller/TreeAbstractController.java,280
GET,/arms/pdServicePure/get-test-a,PdServicePureController,GetTestA,자체,com/arms/api/product_service/pdservice_pure/controller/PdServicePureController.java,75
GET,/arms/pdServicePure/getChildNode.do,PdServicePureController,getChildNode,상속(TreeAbstractController),com/arms/egovframework/javaservice/treeframework/controller/TreeAbstractController.java,85
GET,/arms/pdServicePure/getMonitor.do,PdServicePureController,getMonitor,상속(TreeAbstractController),com/arms/egovframework/javaservice/treeframework/controller/TreeAbstractController.java,293
GET,/arms/pdServicePure/getNode.do,PdServicePureController,getNode,상속(TreeAbstractController),com/arms/egovframework/javaservice/treeframework/controller/TreeAbstractController.java,65
GET,/arms/pdServicePure/getNodesWithoutRoot.do,PdServicePureController,getNodesWithoutRoot,상속(TreeAbstractController),com/arms/egovframework/javaservice/treeframework/controller/TreeAbstractController.java,108
GET,/arms/pdServicePure/getPaginatedChildNode.do,PdServicePureController,getPaginatedChildNode,상속(TreeAbstractController),com/arms/egovframework/javaservice/treeframework/controller/TreeAbstractController.java,131
GET,/arms/pdServicePure/getPdServiceMonitor.do,PdServicePureController,getPdServiceMonitor,자체,com/arms/api/product_service/pdservice_pure/controller/PdServicePureController.java,48
GET,/arms/pdServicePure/getPdServiceWithDetail.do,PdServicePureController,getPdServiceWithDetail,자체,com/arms/api/product_service/pdservice_pure/controller/PdServicePureController.java,87
POST,/arms/pdServicePure/moveNode.do,PdServicePureController,moveNode,상속(TreeAbstractController),com/arms/egovframework/javaservice/treeframework/controller/TreeAbstractController.java,264
POST,/arms/pdServicePure/post-test-a,PdServicePureController,PostTestA,자체,com/arms/api/product_service/pdservice_pure/controller/PdServicePureController.java,81
DELETE,/arms/pdServicePure/removeNode.do,PdServicePureController,removeNode,상속(TreeAbstractController),com/arms/egovframework/javaservice/treeframework/controller/TreeAbstractController.java,191
GET,/arms/pdServicePure/searchNode.do,PdServicePureController,searchNode,상속(TreeAbstractController),com/arms/egovframework/javaservice/treeframework/controller/TreeAbstractController.java,155
GET,/arms/pdServicePure/send-message,PdServicePureController,sendMessage,상속(TreeAbstractController),com/arms/egovframework/javaservice/treeframework/controller/TreeAbstractController.java,309
PUT,/arms/pdServicePure/updateNode.do,PdServicePureController,updateNode,상속(TreeAbstractController),com/arms/egovframework/javaservice/treeframework/controller/TreeAbstractController.java,217
GET,/arms/pdServiceVersion,PdServiceVersionController,getVersion,자체,com/arms/api/product_service/pdserviceversion/controller/PdServiceVersionController.java,52
POST,/arms/pdServiceVersion/addNode.do,PdServiceVersionController,addNode,상속(TreeAbstractController),com/arms/egovframework/javaservice/treeframework/controller/TreeAbstractController.java,176
PUT,/arms/pdServiceVersion/alterNode.do,PdServiceVersionController,alterNode,상속(TreeAbstractController),com/arms/egovframework/javaservice/treeframework/controller/TreeAbstractController.java,230
PUT,/arms/pdServiceVersion/alterNodeType.do,PdServiceVersionController,alterNodeType,상속(TreeAbstractController),com/arms/egovframework/javaservice/treeframework/controller/TreeAbstractController.java,249
GET,/arms/pdServiceVersion/analyzeNode.do,PdServiceVersionController,analyzeNode,상속(TreeAbstractController),com/arms/egovframework/javaservice/treeframework/controller/TreeAbstractController.java,280
GET,/arms/pdServiceVersion/getChildNode.do,PdServiceVersionController,getChildNode,상속(TreeAbstractController),com/arms/egovframework/javaservice/treeframework/controller/TreeAbstractController.java,85
GET,/arms/pdServiceVersion/getMonitor.do,PdServiceVersionController,getMonitor,상속(TreeAbstractController),com/arms/egovframework/javaservice/treeframework/controller/TreeAbstractController.java,293
GET,/arms/pdServiceVersion/getNode.do,PdServiceVersionController,getNode,상속(TreeAbstractController),com/arms/egovframework/javaservice/treeframework/controller/TreeAbstractController.java,65
GET,/arms/pdServiceVersion/getNodesWithoutRoot.do,PdServiceVersionController,getNodesWithoutRoot,상속(TreeAbstractController),com/arms/egovframework/javaservice/treeframework/controller/TreeAbstractController.java,108
GET,/arms/pdServiceVersion/getPaginatedChildNode.do,PdServiceVersionController,getPaginatedChildNode,상속(TreeAbstractController),com/arms/egovframework/javaservice/treeframework/controller/TreeAbstractController.java,131
POST,/arms/pdServiceVersion/moveNode.do,PdServiceVersionController,moveNode,상속(TreeAbstractController),com/arms/egovframework/javaservice/treeframework/controller/TreeAbstractController.java,264
GET,/arms/pdServiceVersion/pure,PdServiceVersionController,findAll,자체,com/arms/api/product_service/pdserviceversion/controller/PdServiceVersionController.java,59
DELETE,/arms/pdServiceVersion/removeNode.do,PdServiceVersionController,removeNode,상속(TreeAbstractController),com/arms/egovframework/javaservice/treeframework/controller/TreeAbstractController.java,191
GET,/arms/pdServiceVersion/searchNode.do,PdServiceVersionController,searchNode,상속(TreeAbstractController),com/arms/egovframework/javaservice/treeframework/controller/TreeAbstractController.java,155
GET,/arms/pdServiceVersion/send-message,PdServiceVersionController,sendMessage,상속(TreeAbstractController),com/arms/egovframework/javaservice/treeframework/controller/TreeAbstractController.java,309
PUT,/arms/pdServiceVersion/updateNode.do,PdServiceVersionController,updateNode,상속(TreeAbstractController),com/arms/egovframework/javaservice/treeframework/controller/TreeAbstractController.java,217
POST,/arms/pdServiceVersionLog/addNode.do,PdServiceVersionLogController,addNode,상속(TreeAbstractController),com/arms/egovframework/javaservice/treeframework/controller/TreeAbstractController.java,176
PUT,/arms/pdServiceVersionLog/alterNode.do,PdServiceVersionLogController,alterNode,상속(TreeAbstractController),com/arms/egovframework/javaservice/treeframework/controller/TreeAbstractController.java,230
PUT,/arms/pdServiceVersionLog/alterNodeType.do,PdServiceVersionLogController,alterNodeType,상속(TreeAbstractController),com/arms/egovframework/javaservice/treeframework/controller/TreeAbstractController.java,249
GET,/arms/pdServiceVersionLog/analyzeNode.do,PdServiceVersionLogController,analyzeNode,상속(TreeAbstractController),com/arms/egovframework/javaservice/treeframework/controller/TreeAbstractController.java,280
GET,/arms/pdServiceVersionLog/getChildNode.do,PdServiceVersionLogController,getChildNode,상속(TreeAbstractController),com/arms/egovframework/javaservice/treeframework/controller/TreeAbstractController.java,85
GET,/arms/pdServiceVersionLog/getMonitor.do,PdServiceVersionLogController,getMonitor,상속(TreeAbstractController),com/arms/egovframework/javaservice/treeframework/controller/TreeAbstractController.java,293
GET,/arms/pdServiceVersionLog/getNode.do,PdServiceVersionLogController,getNode,상속(TreeAbstractController),com/arms/egovframework/javaservice/treeframework/controller/TreeAbstractController.java,65
GET,/arms/pdServiceVersionLog/getNodesWithoutRoot.do,PdServiceVersionLogController,getNodesWithoutRoot,상속(TreeAbstractController),com/arms/egovframework/javaservice/treeframework/controller/TreeAbstractController.java,108
GET,/arms/pdServiceVersionLog/getPaginatedChildNode.do,PdServiceVersionLogController,getPaginatedChildNode,상속(TreeAbstractController),com/arms/egovframework/javaservice/treeframework/controller/TreeAbstractController.java,131
POST,/arms/pdServiceVersionLog/moveNode.do,PdServiceVersionLogController,moveNode,상속(TreeAbstractController),com/arms/egovframework/javaservice/treeframework/controller/TreeAbstractController.java,264
DELETE,/arms/pdServiceVersionLog/removeNode.do,PdServiceVersionLogController,removeNode,상속(TreeAbstractController),com/arms/egovframework/javaservice/treeframework/controller/TreeAbstractController.java,191
GET,/arms/pdServiceVersionLog/searchNode.do,PdServiceVersionLogController,searchNode,상속(TreeAbstractController),com/arms/egovframework/javaservice/treeframework/controller/TreeAbstractController.java,155
GET,/arms/pdServiceVersionLog/send-message,PdServiceVersionLogController,sendMessage,상속(TreeAbstractController),com/arms/egovframework/javaservice/treeframework/controller/TreeAbstractController.java,309
PUT,/arms/pdServiceVersionLog/updateNode.do,PdServiceVersionLogController,updateNode,상속(TreeAbstractController),com/arms/egovframework/javaservice/treeframework/controller/TreeAbstractController.java,217
POST,/arms/report/deadline-stats/{changeReqTableName}/getNodesWhereInIds.do,PerformanceReportController,selectDeadlineStats,자체,com/arms/api/report/performance/controller/PerformanceReportController.java,111
GET,/arms/report/dwr-test,PerformanceReportController,dwrTest,자체,com/arms/api/report/performance/controller/PerformanceReportController.java,88
POST,/arms/report/pdService-name-info/{changeReqTableName},PerformanceReportController,getPdServiceAndVersionNameList,자체,com/arms/api/report/performance/controller/PerformanceReportController.java,103
POST,/arms/report/personal-performance,PerformanceReportController,getPerformanceData,자체,com/arms/api/report/performance/controller/PerformanceReportController.java,83
POST,/arms/report/personal/export/performance-audio-v2,PerformanceReportController,exportPerformanceReportWithAudioV2,자체,com/arms/api/report/performance/controller/PerformanceReportController.java,58
POST,/arms/report/personal/export/performance-audio-v2/mock,PerformanceReportController,exportPerformanceReportWithAudioV2Mock,자체,com/arms/api/report/performance/controller/PerformanceReportController.java,72
POST,/arms/report/personal/export/performance-v2,PerformanceReportController,exportPerformanceReportV2,자체,com/arms/api/report/performance/controller/PerformanceReportController.java,29
POST,/arms/report/personal/export/performance-v2/mock,PerformanceReportController,exportPerformanceReportV2Mock,자체,com/arms/api/report/performance/controller/PerformanceReportController.java,43
POST,/arms/report/req-status/{changeReqTableName}/getNodesWhereInIds.do,PerformanceReportController,getReqStatusListByCReqLinkIds,자체,com/arms/api/report/performance/controller/PerformanceReportController.java,116
POST,/arms/report/{changeReqTableName}/getNodesWhereInIds.do,PerformanceReportController,getNodesByCIds,자체,com/arms/api/report/performance/controller/PerformanceReportController.java,93
POST,/anonymous/arms/poc/addPoc.do,PocController,addPoc,자체,com/arms/api/poc/controller/PocController.java,24
GET,/anonymous/arms/poc/getPoc.do/{pocId},PocController,getPoc,자체,com/arms/api/poc/controller/PocController.java,29
GET,/anonymous/arms/poc/getPocList.do,PocController,getPocList,자체,com/arms/api/poc/controller/PocController.java,34
DELETE,/anonymous/arms/poc/removePoc.do/{pocId},PocController,removePoc,자체,com/arms/api/poc/controller/PocController.java,44
PUT,/anonymous/arms/poc/updatePoc.do,PocController,updatePoc,자체,com/arms/api/poc/controller/PocController.java,39
GET,/arms/poc/req-register,PocReqRegisterController,getReqRegisterList,자체,com/arms/api/pocreq/controller/PocReqRegisterController.java,47
POST,/arms/poc/req-register,PocReqRegisterController,registerRequest,자체,com/arms/api/pocreq/controller/PocReqRegisterController.java,40
GET,/arms/poc/req-register/alm-list,PocReqRegisterController,getAlmList,자체,com/arms/api/pocreq/controller/PocReqRegisterController.java,25
GET,/arms/poc/req-register/issue-list,PocReqRegisterController,getIssueList,자체,com/arms/api/pocreq/controller/PocReqRegisterController.java,32
POST,/arms/report/portfolio-track-record/version-progress-card,PortfolioTrackRecordController,버전별_개발_진척현황,자체,com/arms/api/report/ptr/controller/PortfolioTrackRecordController.java,33
POST,/arms/report/portfolio-track-record/version-progress-card/detail,PortfolioTrackRecordController,버전별_개발_진척현황_상세,자체,com/arms/api/report/ptr/controller/PortfolioTrackRecordController.java,38
POST,/arms/report/portfolio-track-record/weekly-version-table,PortfolioTrackRecordController,주차별_개발_진척표,자체,com/arms/api/report/ptr/controller/PortfolioTrackRecordController.java,28
GET,/arms/report/portfolio-track-record/{changeReqTableName}/project-progress,PortfolioTrackRecordController,프로젝트_진척율,자체,com/arms/api/report/ptr/controller/PortfolioTrackRecordController.java,22
POST,/arms/report/mail-receiver/addNode.do,ReceiverController,addNode,상속(TreeAbstractController),com/arms/egovframework/javaservice/treeframework/controller/TreeAbstractController.java,176
PUT,/arms/report/mail-receiver/alterNode.do,ReceiverController,alterNode,상속(TreeAbstractController),com/arms/egovframework/javaservice/treeframework/controller/TreeAbstractController.java,230
PUT,/arms/report/mail-receiver/alterNodeType.do,ReceiverController,alterNodeType,상속(TreeAbstractController),com/arms/egovframework/javaservice/treeframework/controller/TreeAbstractController.java,249
GET,/arms/report/mail-receiver/analyzeNode.do,ReceiverController,analyzeNode,상속(TreeAbstractController),com/arms/egovframework/javaservice/treeframework/controller/TreeAbstractController.java,280
GET,/arms/report/mail-receiver/getChildNode.do,ReceiverController,getChildNode,상속(TreeAbstractController),com/arms/egovframework/javaservice/treeframework/controller/TreeAbstractController.java,85
GET,/arms/report/mail-receiver/getMonitor.do,ReceiverController,getMonitor,상속(TreeAbstractController),com/arms/egovframework/javaservice/treeframework/controller/TreeAbstractController.java,293
GET,/arms/report/mail-receiver/getNode.do,ReceiverController,getNode,상속(TreeAbstractController),com/arms/egovframework/javaservice/treeframework/controller/TreeAbstractController.java,65
GET,/arms/report/mail-receiver/getNodesWithoutRoot.do,ReceiverController,getNodesWithoutRoot,상속(TreeAbstractController),com/arms/egovframework/javaservice/treeframework/controller/TreeAbstractController.java,108
GET,/arms/report/mail-receiver/getPaginatedChildNode.do,ReceiverController,getPaginatedChildNode,상속(TreeAbstractController),com/arms/egovframework/javaservice/treeframework/controller/TreeAbstractController.java,131
POST,/arms/report/mail-receiver/moveNode.do,ReceiverController,moveNode,상속(TreeAbstractController),com/arms/egovframework/javaservice/treeframework/controller/TreeAbstractController.java,264
DELETE,/arms/report/mail-receiver/removeNode.do,ReceiverController,removeNode,상속(TreeAbstractController),com/arms/egovframework/javaservice/treeframework/controller/TreeAbstractController.java,191
GET,/arms/report/mail-receiver/searchNode.do,ReceiverController,searchNode,상속(TreeAbstractController),com/arms/egovframework/javaservice/treeframework/controller/TreeAbstractController.java,155
GET,/arms/report/mail-receiver/send-message,ReceiverController,sendMessage,상속(TreeAbstractController),com/arms/egovframework/javaservice/treeframework/controller/TreeAbstractController.java,309
PUT,/arms/report/mail-receiver/updateNode.do,ReceiverController,updateNode,상속(TreeAbstractController),com/arms/egovframework/javaservice/treeframework/controller/TreeAbstractController.java,217
POST,/arms/report/mail-receiver-log/addNode.do,ReceiverLogController,addNode,상속(TreeAbstractController),com/arms/egovframework/javaservice/treeframework/controller/TreeAbstractController.java,176
PUT,/arms/report/mail-receiver-log/alterNode.do,ReceiverLogController,alterNode,상속(TreeAbstractController),com/arms/egovframework/javaservice/treeframework/controller/TreeAbstractController.java,230
PUT,/arms/report/mail-receiver-log/alterNodeType.do,ReceiverLogController,alterNodeType,상속(TreeAbstractController),com/arms/egovframework/javaservice/treeframework/controller/TreeAbstractController.java,249
GET,/arms/report/mail-receiver-log/analyzeNode.do,ReceiverLogController,analyzeNode,상속(TreeAbstractController),com/arms/egovframework/javaservice/treeframework/controller/TreeAbstractController.java,280
GET,/arms/report/mail-receiver-log/getChildNode.do,ReceiverLogController,getChildNode,상속(TreeAbstractController),com/arms/egovframework/javaservice/treeframework/controller/TreeAbstractController.java,85
GET,/arms/report/mail-receiver-log/getMonitor.do,ReceiverLogController,getMonitor,상속(TreeAbstractController),com/arms/egovframework/javaservice/treeframework/controller/TreeAbstractController.java,293
GET,/arms/report/mail-receiver-log/getNode.do,ReceiverLogController,getNode,상속(TreeAbstractController),com/arms/egovframework/javaservice/treeframework/controller/TreeAbstractController.java,65
GET,/arms/report/mail-receiver-log/getNodesWithoutRoot.do,ReceiverLogController,getNodesWithoutRoot,상속(TreeAbstractController),com/arms/egovframework/javaservice/treeframework/controller/TreeAbstractController.java,108
GET,/arms/report/mail-receiver-log/getPaginatedChildNode.do,ReceiverLogController,getPaginatedChildNode,상속(TreeAbstractController),com/arms/egovframework/javaservice/treeframework/controller/TreeAbstractController.java,131
POST,/arms/report/mail-receiver-log/moveNode.do,ReceiverLogController,moveNode,상속(TreeAbstractController),com/arms/egovframework/javaservice/treeframework/controller/TreeAbstractController.java,264
DELETE,/arms/report/mail-receiver-log/removeNode.do,ReceiverLogController,removeNode,상속(TreeAbstractController),com/arms/egovframework/javaservice/treeframework/controller/TreeAbstractController.java,191
GET,/arms/report/mail-receiver-log/searchNode.do,ReceiverLogController,searchNode,상속(TreeAbstractController),com/arms/egovframework/javaservice/treeframework/controller/TreeAbstractController.java,155
GET,/arms/report/mail-receiver-log/send-message,ReceiverLogController,sendMessage,상속(TreeAbstractController),com/arms/egovframework/javaservice/treeframework/controller/TreeAbstractController.java,309
PUT,/arms/report/mail-receiver-log/updateNode.do,ReceiverLogController,updateNode,상속(TreeAbstractController),com/arms/egovframework/javaservice/treeframework/controller/TreeAbstractController.java,217
POST,/arms/export/reports/export/ppt,ReportExportController,exportToPpt,자체,com/arms/api/report/export_service/controller/ReportExportController.java,84
POST,/arms/export/reports/export/ppt/metadata,ReportExportController,exportPptMetadata,자체,com/arms/api/report/export_service/controller/ReportExportController.java,101
GET,/arms/export/reports/health,ReportExportController,healthCheck,자체,com/arms/api/report/export_service/controller/ReportExportController.java,70
POST,/arms/export/reports/simple-report,ReportExportController,createSimpleReport,자체,com/arms/api/report/export_service/controller/ReportExportController.java,133
POST,/arms/export/reports/simple-report-v2,ReportExportController,createSimpleReportV2,자체,com/arms/api/report/export_service/controller/ReportExportController.java,194
POST,/arms/export/reports/weekly-report,ReportExportController,createWeeklyReport,자체,com/arms/api/report/export_service/controller/ReportExportController.java,314
POST,/arms/reqAdd/addNode.do,ReqAddController,addNode,상속(TreeAbstractController),com/arms/egovframework/javaservice/treeframework/controller/TreeAbstractController.java,176
PUT,/arms/reqAdd/alterNode.do,ReqAddController,alterNode,상속(TreeAbstractController),com/arms/egovframework/javaservice/treeframework/controller/TreeAbstractController.java,230
PUT,/arms/reqAdd/alterNodeType.do,ReqAddController,alterNodeType,상속(TreeAbstractController),com/arms/egovframework/javaservice/treeframework/controller/TreeAbstractController.java,249
GET,/arms/reqAdd/analyzeNode.do,ReqAddController,analyzeNode,상속(TreeAbstractController),com/arms/egovframework/javaservice/treeframework/controller/TreeAbstractController.java,280
GET,/arms/reqAdd/excel-upload/req-def/pd-service-id/{pdServiceId},ReqAddController,getUploadReqDefData,자체,com/arms/api/requirement/reqadd/controller/ReqAddController.java,567
POST,/arms/reqAdd/excel-upload/req-def/pd-service-id/{pdServiceId},ReqAddController,uploadReqDefData,자체,com/arms/api/requirement/reqadd/controller/ReqAddController.java,540
GET,/arms/reqAdd/excel-upload/req-def/pd-service-id/{pdServiceId}/download,ReqAddController,downloadReqDefExcelFile,자체,com/arms/api/requirement/reqadd/controller/ReqAddController.java,575
GET,/arms/reqAdd/excel-upload/server-data/pd-service-id/{pdServiceId},ReqAddController,getUploadServerData,자체,com/arms/api/requirement/reqadd/controller/ReqAddController.java,501
POST,/arms/reqAdd/excel-upload/server-data/pd-service-id/{pdServiceId},ReqAddController,uploadServerData,자체,com/arms/api/requirement/reqadd/controller/ReqAddController.java,474
GET,/arms/reqAdd/excel-upload/server-data/pd-service-id/{pdServiceId}/download,ReqAddController,downloadExcelFile,자체,com/arms/api/requirement/reqadd/controller/ReqAddController.java,512
GET,/arms/reqAdd/getChildNode.do,ReqAddController,getChildNode,상속(TreeAbstractController),com/arms/egovframework/javaservice/treeframework/controller/TreeAbstractController.java,85
GET,/arms/reqAdd/getFilesByNode.do,ReqAddController,getFilesByNode,자체,com/arms/api/requirement/reqadd/controller/ReqAddController.java,447
GET,/arms/reqAdd/getMonitor.do,ReqAddController,getMonitor,상속(TreeAbstractController),com/arms/egovframework/javaservice/treeframework/controller/TreeAbstractController.java,293
GET,/arms/reqAdd/getNode.do,ReqAddController,getNode,상속(TreeAbstractController),com/arms/egovframework/javaservice/treeframework/controller/TreeAbstractController.java,65
GET,/arms/reqAdd/getNodesWithoutRoot.do,ReqAddController,getNodesWithoutRoot,상속(TreeAbstractController),com/arms/egovframework/javaservice/treeframework/controller/TreeAbstractController.java,108
GET,/arms/reqAdd/getPaginatedChildNode.do,ReqAddController,getPaginatedChildNode,상속(TreeAbstractController),com/arms/egovframework/javaservice/treeframework/controller/TreeAbstractController.java,131
POST,/arms/reqAdd/getRequirementAssignee,ReqAddController,getRequirementAssignee,자체,com/arms/api/requirement/reqadd/controller/ReqAddController.java,688
POST,/arms/reqAdd/moveNode.do,ReqAddController,moveNode,상속(TreeAbstractController),com/arms/egovframework/javaservice/treeframework/controller/TreeAbstractController.java,264
DELETE,/arms/reqAdd/removeNode.do,ReqAddController,removeNode,상속(TreeAbstractController),com/arms/egovframework/javaservice/treeframework/controller/TreeAbstractController.java,191
POST,/arms/reqAdd/sample/excel-to-list,ReqAddController,excelUpload,자체,com/arms/api/requirement/reqadd/controller/ReqAddController.java,460
GET,/arms/reqAdd/searchNode.do,ReqAddController,searchNode,상속(TreeAbstractController),com/arms/egovframework/javaservice/treeframework/controller/TreeAbstractController.java,155
GET,/arms/reqAdd/send-message,ReqAddController,sendMessage,상속(TreeAbstractController),com/arms/egovframework/javaservice/treeframework/controller/TreeAbstractController.java,309
PUT,/arms/reqAdd/updateNode.do,ReqAddController,updateNode,상속(TreeAbstractController),com/arms/egovframework/javaservice/treeframework/controller/TreeAbstractController.java,217
POST,/arms/reqAdd/uploadFileToNode.do,ReqAddController,uploadFileToNode,자체,com/arms/api/requirement/reqadd/controller/ReqAddController.java,430
POST,/arms/reqAdd/{changeReqTableName}/addNodeAndThenSkipToCreateAlmIssueFromKafka.do,ReqAddController,addNodeAndThenSkipToCreateAlmIssueFromKafka,자체,com/arms/api/requirement/reqadd/controller/ReqAddController.java,725
POST,/arms/reqAdd/{changeReqTableName}/addNodeFromKafka.do,ReqAddController,addNodeFromKafka,자체,com/arms/api/requirement/reqadd/controller/ReqAddController.java,697
GET,/arms/reqAdd/{changeReqTableName}/getChildNode.do,ReqAddController,getSwitchDBChildNode,자체,com/arms/api/requirement/reqadd/controller/ReqAddController.java,257
GET,/arms/reqAdd/{changeReqTableName}/getChildNodeWithParent.do,ReqAddController,getSwitchDBChildNodeWithParent,자체,com/arms/api/requirement/reqadd/controller/ReqAddController.java,284
GET,/arms/reqAdd/{changeReqTableName}/getDetail.do,ReqAddController,followReqLink,자체,com/arms/api/requirement/reqadd/controller/ReqAddController.java,603
GET,/arms/reqAdd/{changeReqTableName}/getMonitor.do,ReqAddController,getMonitor,자체,com/arms/api/requirement/reqadd/controller/ReqAddController.java,153
GET,/arms/reqAdd/{changeReqTableName}/getNode.do,ReqAddController,getSwitchDBNode,자체,com/arms/api/requirement/reqadd/controller/ReqAddController.java,315
GET,/arms/reqAdd/{changeReqTableName}/getNodeDetail.do,ReqAddController,loadReqNode,자체,com/arms/api/requirement/reqadd/controller/ReqAddController.java,611
GET,/arms/reqAdd/{changeReqTableName}/getNodesWhereInIds.do,ReqAddController,getNodesWhereInIds,자체,com/arms/api/requirement/reqadd/controller/ReqAddController.java,650
GET,/arms/reqAdd/{changeReqTableName}/getNodesWithoutRoot.do,ReqAddController,getNodesWithoutRoot,자체,com/arms/api/requirement/reqadd/controller/ReqAddController.java,175
GET,/arms/reqAdd/{changeReqTableName}/getReqAddByParentAndTitle.do,ReqAddController,getReqAddByParentAndTitle,자체,com/arms/api/requirement/reqadd/controller/ReqAddController.java,406
GET,/arms/reqAdd/{changeReqTableName}/getReqAddByReqDefId.do,ReqAddController,getReqAddByReqDefId,자체,com/arms/api/requirement/reqadd/controller/ReqAddController.java,419
GET,/arms/reqAdd/{changeReqTableName}/getReqAddListByFilter,ReqAddController,getReqAddListByFilter,자체,com/arms/api/requirement/reqadd/controller/ReqAddController.java,341
GET,/arms/reqAdd/{changeReqTableName}/getReqNodesWithoutRoot.do,ReqAddController,getReqNodesWithoutRoot,자체,com/arms/api/requirement/reqadd/controller/ReqAddController.java,210
GET,/arms/reqAdd/{changeReqTableName}/getSwotReqNodesWithoutRoot.do,ReqAddController,getSwotReqNodesWithoutRoot,자체,com/arms/api/requirement/reqadd/controller/ReqAddController.java,233
PUT,/arms/reqAdd/{changeReqTableName}/moveNodeFromKafka.do,ReqAddController,moveNodeFromKafka,자체,com/arms/api/requirement/reqadd/controller/ReqAddController.java,915
POST,/arms/reqAdd/{changeReqTableName}/pruneEmptyFoldersFromUpload.do,ReqAddController,pruneEmptyFoldersFromUpload,자체,com/arms/api/requirement/reqadd/controller/ReqAddController.java,386
DELETE,/arms/reqAdd/{changeReqTableName}/removeNodeFromKafka.do,ReqAddController,removeNodeFromKafka,자체,com/arms/api/requirement/reqadd/controller/ReqAddController.java,880
PUT,/arms/reqAdd/{changeReqTableName}/updateAllReqAddStateFromKafka.do,ReqAddController,updateAllReqAddStateFromKafka,자체,com/arms/api/requirement/reqadd/controller/ReqAddController.java,1094
PUT,/arms/reqAdd/{changeReqTableName}/updateDataBaseFromKafka.do,ReqAddController,updateDataBaseFromKafka,자체,com/arms/api/requirement/reqadd/controller/ReqAddController.java,947
PUT,/arms/reqAdd/{changeReqTableName}/updateDateFromKafka.do,ReqAddController,updateDateFromKafka,자체,com/arms/api/requirement/reqadd/controller/ReqAddController.java,999
PUT,/arms/reqAdd/{changeReqTableName}/updateNodeFromKafka.do,ReqAddController,updateNodeFromKafka,자체,com/arms/api/requirement/reqadd/controller/ReqAddController.java,753
PUT,/arms/reqAdd/{changeReqTableName}/updateReqAddTitleFromKafka.do,ReqAddController,updateReqAddTitleFromKafka,자체,com/arms/api/requirement/reqadd/controller/ReqAddController.java,1046
POST,/arms/reqAddLog/addNode.do,ReqAddLogController,addNode,상속(TreeAbstractController),com/arms/egovframework/javaservice/treeframework/controller/TreeAbstractController.java,176
PUT,/arms/reqAddLog/alterNode.do,ReqAddLogController,alterNode,상속(TreeAbstractController),com/arms/egovframework/javaservice/treeframework/controller/TreeAbstractController.java,230
PUT,/arms/reqAddLog/alterNodeType.do,ReqAddLogController,alterNodeType,상속(TreeAbstractController),com/arms/egovframework/javaservice/treeframework/controller/TreeAbstractController.java,249
GET,/arms/reqAddLog/analyzeNode.do,ReqAddLogController,analyzeNode,상속(TreeAbstractController),com/arms/egovframework/javaservice/treeframework/controller/TreeAbstractController.java,280
GET,/arms/reqAddLog/getChildNode.do,ReqAddLogController,getChildNode,상속(TreeAbstractController),com/arms/egovframework/javaservice/treeframework/controller/TreeAbstractController.java,85
GET,/arms/reqAddLog/getMonitor.do,ReqAddLogController,getMonitor,상속(TreeAbstractController),com/arms/egovframework/javaservice/treeframework/controller/TreeAbstractController.java,293
GET,/arms/reqAddLog/getNode.do,ReqAddLogController,getNode,상속(TreeAbstractController),com/arms/egovframework/javaservice/treeframework/controller/TreeAbstractController.java,65
GET,/arms/reqAddLog/getNodesWithoutRoot.do,ReqAddLogController,getNodesWithoutRoot,상속(TreeAbstractController),com/arms/egovframework/javaservice/treeframework/controller/TreeAbstractController.java,108
GET,/arms/reqAddLog/getPaginatedChildNode.do,ReqAddLogController,getPaginatedChildNode,상속(TreeAbstractController),com/arms/egovframework/javaservice/treeframework/controller/TreeAbstractController.java,131
POST,/arms/reqAddLog/moveNode.do,ReqAddLogController,moveNode,상속(TreeAbstractController),com/arms/egovframework/javaservice/treeframework/controller/TreeAbstractController.java,264
DELETE,/arms/reqAddLog/removeNode.do,ReqAddLogController,removeNode,상속(TreeAbstractController),com/arms/egovframework/javaservice/treeframework/controller/TreeAbstractController.java,191
GET,/arms/reqAddLog/searchNode.do,ReqAddLogController,searchNode,상속(TreeAbstractController),com/arms/egovframework/javaservice/treeframework/controller/TreeAbstractController.java,155
GET,/arms/reqAddLog/send-message,ReqAddLogController,sendMessage,상속(TreeAbstractController),com/arms/egovframework/javaservice/treeframework/controller/TreeAbstractController.java,309
PUT,/arms/reqAddLog/updateNode.do,ReqAddLogController,updateNode,상속(TreeAbstractController),com/arms/egovframework/javaservice/treeframework/controller/TreeAbstractController.java,217
POST,/arms/reqAddPure/addNode.do,ReqAddPureController,addNode,상속(TreeAbstractController),com/arms/egovframework/javaservice/treeframework/controller/TreeAbstractController.java,176
PUT,/arms/reqAddPure/alterNode.do,ReqAddPureController,alterNode,상속(TreeAbstractController),com/arms/egovframework/javaservice/treeframework/controller/TreeAbstractController.java,230
PUT,/arms/reqAddPure/alterNodeType.do,ReqAddPureController,alterNodeType,상속(TreeAbstractController),com/arms/egovframework/javaservice/treeframework/controller/TreeAbstractController.java,249
GET,/arms/reqAddPure/analyzeNode.do,ReqAddPureController,analyzeNode,상속(TreeAbstractController),com/arms/egovframework/javaservice/treeframework/controller/TreeAbstractController.java,280
GET,/arms/reqAddPure/getChildNode.do,ReqAddPureController,getChildNode,상속(TreeAbstractController),com/arms/egovframework/javaservice/treeframework/controller/TreeAbstractController.java,85
GET,/arms/reqAddPure/getFilesByNode.do,ReqAddPureController,getFilesByNode,자체,com/arms/api/requirement/reqadd_pure/controller/ReqAddPureController.java,292
GET,/arms/reqAddPure/getMonitor.do,ReqAddPureController,getMonitor,상속(TreeAbstractController),com/arms/egovframework/javaservice/treeframework/controller/TreeAbstractController.java,293
GET,/arms/reqAddPure/getNode.do,ReqAddPureController,getNode,상속(TreeAbstractController),com/arms/egovframework/javaservice/treeframework/controller/TreeAbstractController.java,65
GET,/arms/reqAddPure/getNodesWithoutRoot.do,ReqAddPureController,getNodesWithoutRoot,상속(TreeAbstractController),com/arms/egovframework/javaservice/treeframework/controller/TreeAbstractController.java,108
GET,/arms/reqAddPure/getPaginatedChildNode.do,ReqAddPureController,getPaginatedChildNode,상속(TreeAbstractController),com/arms/egovframework/javaservice/treeframework/controller/TreeAbstractController.java,131
POST,/arms/reqAddPure/moveNode.do,ReqAddPureController,moveNode,상속(TreeAbstractController),com/arms/egovframework/javaservice/treeframework/controller/TreeAbstractController.java,264
DELETE,/arms/reqAddPure/removeNode.do,ReqAddPureController,removeNode,상속(TreeAbstractController),com/arms/egovframework/javaservice/treeframework/controller/TreeAbstractController.java,191
POST,/arms/reqAddPure/sample/excel-to-list,ReqAddPureController,excelUpload,자체,com/arms/api/requirement/reqadd_pure/controller/ReqAddPureController.java,305
GET,/arms/reqAddPure/searchNode.do,ReqAddPureController,searchNode,상속(TreeAbstractController),com/arms/egovframework/javaservice/treeframework/controller/TreeAbstractController.java,155
GET,/arms/reqAddPure/send-message,ReqAddPureController,sendMessage,상속(TreeAbstractController),com/arms/egovframework/javaservice/treeframework/controller/TreeAbstractController.java,309
PUT,/arms/reqAddPure/updateNode.do,ReqAddPureController,updateNode,상속(TreeAbstractController),com/arms/egovframework/javaservice/treeframework/controller/TreeAbstractController.java,217
POST,/arms/reqAddPure/uploadFileToNode.do,ReqAddPureController,uploadFileToNode,자체,com/arms/api/requirement/reqadd_pure/controller/ReqAddPureController.java,275
GET,/arms/reqAddPure/{changeReqTableName}/getChildNode.do,ReqAddPureController,getSwitchDBChildNode,자체,com/arms/api/requirement/reqadd_pure/controller/ReqAddPureController.java,94
GET,/arms/reqAddPure/{changeReqTableName}/getChildNodeWithParent.do,ReqAddPureController,getSwitchDBChildNodeWithParent,자체,com/arms/api/requirement/reqadd_pure/controller/ReqAddPureController.java,124
GET,/arms/reqAddPure/{changeReqTableName}/getMonitor.do,ReqAddPureController,getMonitor,자체,com/arms/api/requirement/reqadd_pure/controller/ReqAddPureController.java,70
GET,/arms/reqAddPure/{changeReqTableName}/getNode.do,ReqAddPureController,getSwitchDBNode,자체,com/arms/api/requirement/reqadd_pure/controller/ReqAddPureController.java,159
GET,/arms/reqAddPure/{changeReqTableName}/getReqAddListByFilter,ReqAddPureController,getReqAddListByFilter,자체,com/arms/api/requirement/reqadd_pure/controller/ReqAddPureController.java,189
POST,/arms/reqAddPure/{changeReqTableName}/moveNode.do,ReqAddPureController,moveReqNode,자체,com/arms/api/requirement/reqadd_pure/controller/ReqAddPureController.java,251
POST,/arms/reqAddPure/{changeReqTableName}/removeNode.do,ReqAddPureController,removeReqNode,자체,com/arms/api/requirement/reqadd_pure/controller/ReqAddPureController.java,227
PUT,/arms/reqAddPure/{changeReqTableName}/updateDrawDBContents.do,ReqAddPureController,updateDrawDBContents,자체,com/arms/api/requirement/reqadd_pure/controller/ReqAddPureController.java,342
POST,/arms/reqAddPure/{changeReqTableName}/updateDrawIOContents.do,ReqAddPureController,updateDrawIOContents,자체,com/arms/api/requirement/reqadd_pure/controller/ReqAddPureController.java,319
POST,/arms/reqAddStatePure/addNode.do,ReqAddStatePureController,addNode,상속(TreeAbstractController),com/arms/egovframework/javaservice/treeframework/controller/TreeAbstractController.java,176
PUT,/arms/reqAddStatePure/alterNode.do,ReqAddStatePureController,alterNode,상속(TreeAbstractController),com/arms/egovframework/javaservice/treeframework/controller/TreeAbstractController.java,230
PUT,/arms/reqAddStatePure/alterNodeType.do,ReqAddStatePureController,alterNodeType,상속(TreeAbstractController),com/arms/egovframework/javaservice/treeframework/controller/TreeAbstractController.java,249
GET,/arms/reqAddStatePure/analyzeNode.do,ReqAddStatePureController,analyzeNode,상속(TreeAbstractController),com/arms/egovframework/javaservice/treeframework/controller/TreeAbstractController.java,280
GET,/arms/reqAddStatePure/getChildNode.do,ReqAddStatePureController,getChildNode,상속(TreeAbstractController),com/arms/egovframework/javaservice/treeframework/controller/TreeAbstractController.java,85
GET,/arms/reqAddStatePure/getMonitor.do,ReqAddStatePureController,getMonitor,상속(TreeAbstractController),com/arms/egovframework/javaservice/treeframework/controller/TreeAbstractController.java,293
GET,/arms/reqAddStatePure/getNode.do,ReqAddStatePureController,getNode,상속(TreeAbstractController),com/arms/egovframework/javaservice/treeframework/controller/TreeAbstractController.java,65
GET,/arms/reqAddStatePure/getNodesWithoutRoot.do,ReqAddStatePureController,getNodesWithoutRoot,상속(TreeAbstractController),com/arms/egovframework/javaservice/treeframework/controller/TreeAbstractController.java,108
GET,/arms/reqAddStatePure/getPaginatedChildNode.do,ReqAddStatePureController,getPaginatedChildNode,상속(TreeAbstractController),com/arms/egovframework/javaservice/treeframework/controller/TreeAbstractController.java,131
POST,/arms/reqAddStatePure/moveNode.do,ReqAddStatePureController,moveNode,상속(TreeAbstractController),com/arms/egovframework/javaservice/treeframework/controller/TreeAbstractController.java,264
DELETE,/arms/reqAddStatePure/removeNode.do,ReqAddStatePureController,removeNode,상속(TreeAbstractController),com/arms/egovframework/javaservice/treeframework/controller/TreeAbstractController.java,191
GET,/arms/reqAddStatePure/searchNode.do,ReqAddStatePureController,searchNode,상속(TreeAbstractController),com/arms/egovframework/javaservice/treeframework/controller/TreeAbstractController.java,155
GET,/arms/reqAddStatePure/send-message,ReqAddStatePureController,sendMessage,상속(TreeAbstractController),com/arms/egovframework/javaservice/treeframework/controller/TreeAbstractController.java,309
PUT,/arms/reqAddStatePure/updateNode.do,ReqAddStatePureController,updateNode,상속(TreeAbstractController),com/arms/egovframework/javaservice/treeframework/controller/TreeAbstractController.java,217
GET,/arms/reqAddStatePure/{changeReqTableName}/assigneeTrace,ReqAddStatePureController,assigneeTrace,자체,com/arms/api/requirement/reqadd_state_pure/controller/ReqAddStatePureController.java,189
GET,/arms/reqAddStatePure/{changeReqTableName}/calculateProgress.do,ReqAddStatePureController,calculateProgress,자체,com/arms/api/requirement/reqadd_state_pure/controller/ReqAddStatePureController.java,73
GET,/arms/reqAddStatePure/{changeReqTableName}/monthlyProgressRate,ReqAddStatePureController,monthlyProgressRate,자체,com/arms/api/requirement/reqadd_state_pure/controller/ReqAddStatePureController.java,149
GET,/arms/reqAddStatePure/{changeReqTableName}/monthlyWorkload,ReqAddStatePureController,monthlyWorkload,자체,com/arms/api/requirement/reqadd_state_pure/controller/ReqAddStatePureController.java,129
GET,/arms/reqAddStatePure/{changeReqTableName}/progressDataByAssignee,ReqAddStatePureController,progressDataByAssignee,자체,com/arms/api/requirement/reqadd_state_pure/controller/ReqAddStatePureController.java,179
GET,/arms/reqAddStatePure/{changeReqTableName}/reportReqStatus,ReqAddStatePureController,reportReqStatus,자체,com/arms/api/requirement/reqadd_state_pure/controller/ReqAddStatePureController.java,91
GET,/arms/reqAddStatePure/{changeReqTableName}/reqProgress.do,ReqAddStatePureController,reqProgress,자체,com/arms/api/requirement/reqadd_state_pure/controller/ReqAddStatePureController.java,52
GET,/arms/reqAddStatePure/{changeReqTableName}/weeklyProgressRate,ReqAddStatePureController,weeklyProgressRate,자체,com/arms/api/requirement/reqadd_state_pure/controller/ReqAddStatePureController.java,159
GET,/arms/reqAddStatePure/{changeReqTableName}/weeklyReportReqStatus,ReqAddStatePureController,weeklyReportReqStatus,자체,com/arms/api/requirement/reqadd_state_pure/controller/ReqAddStatePureController.java,109
GET,/arms/reqAddStatePure/{changeReqTableName}/weeklyWorkload,ReqAddStatePureController,weeklyWorkload,자체,com/arms/api/requirement/reqadd_state_pure/controller/ReqAddStatePureController.java,139
GET,/arms/reqAddStatePure/{changeReqTableName}/workloadByAssignee,ReqAddStatePureController,workloadByAssignee,자체,com/arms/api/requirement/reqadd_state_pure/controller/ReqAddStatePureController.java,169
POST,/arms/reqComment/addNode.do,ReqCommentController,addNode,상속(TreeAbstractController),com/arms/egovframework/javaservice/treeframework/controller/TreeAbstractController.java,176
POST,/arms/reqComment/addReqComment.do,ReqCommentController,addReqComment,자체,com/arms/api/requirement/reqcomment/controller/ReqCommentController.java,183
PUT,/arms/reqComment/alterNode.do,ReqCommentController,alterNode,상속(TreeAbstractController),com/arms/egovframework/javaservice/treeframework/controller/TreeAbstractController.java,230
PUT,/arms/reqComment/alterNodeType.do,ReqCommentController,alterNodeType,상속(TreeAbstractController),com/arms/egovframework/javaservice/treeframework/controller/TreeAbstractController.java,249
GET,/arms/reqComment/analyzeNode.do,ReqCommentController,analyzeNode,상속(TreeAbstractController),com/arms/egovframework/javaservice/treeframework/controller/TreeAbstractController.java,280
GET,/arms/reqComment/getChildNode.do,ReqCommentController,getChildNode,상속(TreeAbstractController),com/arms/egovframework/javaservice/treeframework/controller/TreeAbstractController.java,85
GET,/arms/reqComment/getMonitor.do,ReqCommentController,getMonitor,상속(TreeAbstractController),com/arms/egovframework/javaservice/treeframework/controller/TreeAbstractController.java,293
GET,/arms/reqComment/getNode.do,ReqCommentController,getNode,상속(TreeAbstractController),com/arms/egovframework/javaservice/treeframework/controller/TreeAbstractController.java,65
GET,/arms/reqComment/getNodesWithoutRoot.do,ReqCommentController,getNodesWithoutRoot,상속(TreeAbstractController),com/arms/egovframework/javaservice/treeframework/controller/TreeAbstractController.java,108
GET,/arms/reqComment/getPaginatedChildNode.do,ReqCommentController,getPaginatedChildNode,상속(TreeAbstractController),com/arms/egovframework/javaservice/treeframework/controller/TreeAbstractController.java,131
GET,/arms/reqComment/getReqCommentChildNode.do,ReqCommentController,getReqCommentChildNode,자체,com/arms/api/requirement/reqcomment/controller/ReqCommentController.java,106
GET,/arms/reqComment/getReqCommentList.do,ReqCommentController,getReqCommentList,자체,com/arms/api/requirement/reqcomment/controller/ReqCommentController.java,67
GET,/arms/reqComment/getReqCommentPagingByPdService.do,ReqCommentController,getReqCommentPagingByPdService,자체,com/arms/api/requirement/reqcomment/controller/ReqCommentController.java,129
GET,/arms/reqComment/getTotalCountReqComment.do,ReqCommentController,getTotalCountReqComment,자체,com/arms/api/requirement/reqcomment/controller/ReqCommentController.java,158
GET,/arms/reqComment/getUserReqCommentList.do,ReqCommentController,getUserReqCommentList,자체,com/arms/api/requirement/reqcomment/controller/ReqCommentController.java,87
POST,/arms/reqComment/moveNode.do,ReqCommentController,moveNode,상속(TreeAbstractController),com/arms/egovframework/javaservice/treeframework/controller/TreeAbstractController.java,264
DELETE,/arms/reqComment/removeNode.do,ReqCommentController,removeNode,상속(TreeAbstractController),com/arms/egovframework/javaservice/treeframework/controller/TreeAbstractController.java,191
GET,/arms/reqComment/searchNode.do,ReqCommentController,searchNode,상속(TreeAbstractController),com/arms/egovframework/javaservice/treeframework/controller/TreeAbstractController.java,155
GET,/arms/reqComment/send-message,ReqCommentController,sendMessage,상속(TreeAbstractController),com/arms/egovframework/javaservice/treeframework/controller/TreeAbstractController.java,309
PUT,/arms/reqComment/updateNode.do,ReqCommentController,updateNode,상속(TreeAbstractController),com/arms/egovframework/javaservice/treeframework/controller/TreeAbstractController.java,217
POST,/arms/reqCommentLog/addNode.do,ReqCommentLogController,addNode,상속(TreeAbstractController),com/arms/egovframework/javaservice/treeframework/controller/TreeAbstractController.java,176
PUT,/arms/reqCommentLog/alterNode.do,ReqCommentLogController,alterNode,상속(TreeAbstractController),com/arms/egovframework/javaservice/treeframework/controller/TreeAbstractController.java,230
PUT,/arms/reqCommentLog/alterNodeType.do,ReqCommentLogController,alterNodeType,상속(TreeAbstractController),com/arms/egovframework/javaservice/treeframework/controller/TreeAbstractController.java,249
GET,/arms/reqCommentLog/analyzeNode.do,ReqCommentLogController,analyzeNode,상속(TreeAbstractController),com/arms/egovframework/javaservice/treeframework/controller/TreeAbstractController.java,280
GET,/arms/reqCommentLog/getChildNode.do,ReqCommentLogController,getChildNode,상속(TreeAbstractController),com/arms/egovframework/javaservice/treeframework/controller/TreeAbstractController.java,85
GET,/arms/reqCommentLog/getMonitor.do,ReqCommentLogController,getMonitor,상속(TreeAbstractController),com/arms/egovframework/javaservice/treeframework/controller/TreeAbstractController.java,293
GET,/arms/reqCommentLog/getNode.do,ReqCommentLogController,getNode,상속(TreeAbstractController),com/arms/egovframework/javaservice/treeframework/controller/TreeAbstractController.java,65
GET,/arms/reqCommentLog/getNodesWithoutRoot.do,ReqCommentLogController,getNodesWithoutRoot,상속(TreeAbstractController),com/arms/egovframework/javaservice/treeframework/controller/TreeAbstractController.java,108
GET,/arms/reqCommentLog/getPaginatedChildNode.do,ReqCommentLogController,getPaginatedChildNode,상속(TreeAbstractController),com/arms/egovframework/javaservice/treeframework/controller/TreeAbstractController.java,131
POST,/arms/reqCommentLog/moveNode.do,ReqCommentLogController,moveNode,상속(TreeAbstractController),com/arms/egovframework/javaservice/treeframework/controller/TreeAbstractController.java,264
DELETE,/arms/reqCommentLog/removeNode.do,ReqCommentLogController,removeNode,상속(TreeAbstractController),com/arms/egovframework/javaservice/treeframework/controller/TreeAbstractController.java,191
GET,/arms/reqCommentLog/searchNode.do,ReqCommentLogController,searchNode,상속(TreeAbstractController),com/arms/egovframework/javaservice/treeframework/controller/TreeAbstractController.java,155
GET,/arms/reqCommentLog/send-message,ReqCommentLogController,sendMessage,상속(TreeAbstractController),com/arms/egovframework/javaservice/treeframework/controller/TreeAbstractController.java,309
PUT,/arms/reqCommentLog/updateNode.do,ReqCommentLogController,updateNode,상속(TreeAbstractController),com/arms/egovframework/javaservice/treeframework/controller/TreeAbstractController.java,217
POST,/arms/reqDifficulty/addNode.do,ReqDifficultyController,addNode,상속(TreeAbstractController),com/arms/egovframework/javaservice/treeframework/controller/TreeAbstractController.java,176
PUT,/arms/reqDifficulty/alterNode.do,ReqDifficultyController,alterNode,상속(TreeAbstractController),com/arms/egovframework/javaservice/treeframework/controller/TreeAbstractController.java,230
PUT,/arms/reqDifficulty/alterNodeType.do,ReqDifficultyController,alterNodeType,상속(TreeAbstractController),com/arms/egovframework/javaservice/treeframework/controller/TreeAbstractController.java,249
GET,/arms/reqDifficulty/analyzeNode.do,ReqDifficultyController,analyzeNode,상속(TreeAbstractController),com/arms/egovframework/javaservice/treeframework/controller/TreeAbstractController.java,280
GET,/arms/reqDifficulty/getChildNode.do,ReqDifficultyController,getChildNode,상속(TreeAbstractController),com/arms/egovframework/javaservice/treeframework/controller/TreeAbstractController.java,85
GET,/arms/reqDifficulty/getMonitor.do,ReqDifficultyController,getMonitor,상속(TreeAbstractController),com/arms/egovframework/javaservice/treeframework/controller/TreeAbstractController.java,293
GET,/arms/reqDifficulty/getNode.do,ReqDifficultyController,getNode,상속(TreeAbstractController),com/arms/egovframework/javaservice/treeframework/controller/TreeAbstractController.java,65
GET,/arms/reqDifficulty/getNodesWithoutRoot.do,ReqDifficultyController,getNodesWithoutRoot,상속(TreeAbstractController),com/arms/egovframework/javaservice/treeframework/controller/TreeAbstractController.java,108
GET,/arms/reqDifficulty/getPaginatedChildNode.do,ReqDifficultyController,getPaginatedChildNode,상속(TreeAbstractController),com/arms/egovframework/javaservice/treeframework/controller/TreeAbstractController.java,131
POST,/arms/reqDifficulty/moveNode.do,ReqDifficultyController,moveNode,상속(TreeAbstractController),com/arms/egovframework/javaservice/treeframework/controller/TreeAbstractController.java,264
DELETE,/arms/reqDifficulty/removeNode.do,ReqDifficultyController,removeNode,상속(TreeAbstractController),com/arms/egovframework/javaservice/treeframework/controller/TreeAbstractController.java,191
GET,/arms/reqDifficulty/searchNode.do,ReqDifficultyController,searchNode,상속(TreeAbstractController),com/arms/egovframework/javaservice/treeframework/controller/TreeAbstractController.java,155
GET,/arms/reqDifficulty/send-message,ReqDifficultyController,sendMessage,상속(TreeAbstractController),com/arms/egovframework/javaservice/treeframework/controller/TreeAbstractController.java,309
PUT,/arms/reqDifficulty/updateNode.do,ReqDifficultyController,updateNode,상속(TreeAbstractController),com/arms/egovframework/javaservice/treeframework/controller/TreeAbstractController.java,217
POST,/arms/reqImportance/addNode.do,ReqImportanceController,addNode,상속(TreeAbstractController),com/arms/egovframework/javaservice/treeframework/controller/TreeAbstractController.java,176
PUT,/arms/reqImportance/alterNode.do,ReqImportanceController,alterNode,상속(TreeAbstractController),com/arms/egovframework/javaservice/treeframework/controller/TreeAbstractController.java,230
PUT,/arms/reqImportance/alterNodeType.do,ReqImportanceController,alterNodeType,상속(TreeAbstractController),com/arms/egovframework/javaservice/treeframework/controller/TreeAbstractController.java,249
GET,/arms/reqImportance/analyzeNode.do,ReqImportanceController,analyzeNode,상속(TreeAbstractController),com/arms/egovframework/javaservice/treeframework/controller/TreeAbstractController.java,280
GET,/arms/reqImportance/getChildNode.do,ReqImportanceController,getChildNode,상속(TreeAbstractController),com/arms/egovframework/javaservice/treeframework/controller/TreeAbstractController.java,85
GET,/arms/reqImportance/getMonitor.do,ReqImportanceController,getMonitor,상속(TreeAbstractController),com/arms/egovframework/javaservice/treeframework/controller/TreeAbstractController.java,293
GET,/arms/reqImportance/getNode.do,ReqImportanceController,getNode,상속(TreeAbstractController),com/arms/egovframework/javaservice/treeframework/controller/TreeAbstractController.java,65
GET,/arms/reqImportance/getNodesWithoutRoot.do,ReqImportanceController,getNodesWithoutRoot,상속(TreeAbstractController),com/arms/egovframework/javaservice/treeframework/controller/TreeAbstractController.java,108
GET,/arms/reqImportance/getPaginatedChildNode.do,ReqImportanceController,getPaginatedChildNode,상속(TreeAbstractController),com/arms/egovframework/javaservice/treeframework/controller/TreeAbstractController.java,131
POST,/arms/reqImportance/moveNode.do,ReqImportanceController,moveNode,상속(TreeAbstractController),com/arms/egovframework/javaservice/treeframework/controller/TreeAbstractController.java,264
DELETE,/arms/reqImportance/removeNode.do,ReqImportanceController,removeNode,상속(TreeAbstractController),com/arms/egovframework/javaservice/treeframework/controller/TreeAbstractController.java,191
GET,/arms/reqImportance/searchNode.do,ReqImportanceController,searchNode,상속(TreeAbstractController),com/arms/egovframework/javaservice/treeframework/controller/TreeAbstractController.java,155
GET,/arms/reqImportance/send-message,ReqImportanceController,sendMessage,상속(TreeAbstractController),com/arms/egovframework/javaservice/treeframework/controller/TreeAbstractController.java,309
PUT,/arms/reqImportance/updateNode.do,ReqImportanceController,updateNode,상속(TreeAbstractController),com/arms/egovframework/javaservice/treeframework/controller/TreeAbstractController.java,217
POST,/arms/reqPriority/addNode.do,ReqPriorityController,addNode,상속(TreeAbstractController),com/arms/egovframework/javaservice/treeframework/controller/TreeAbstractController.java,176
PUT,/arms/reqPriority/alterNode.do,ReqPriorityController,alterNode,상속(TreeAbstractController),com/arms/egovframework/javaservice/treeframework/controller/TreeAbstractController.java,230
PUT,/arms/reqPriority/alterNodeType.do,ReqPriorityController,alterNodeType,상속(TreeAbstractController),com/arms/egovframework/javaservice/treeframework/controller/TreeAbstractController.java,249
GET,/arms/reqPriority/analyzeNode.do,ReqPriorityController,analyzeNode,상속(TreeAbstractController),com/arms/egovframework/javaservice/treeframework/controller/TreeAbstractController.java,280
GET,/arms/reqPriority/getChildNode.do,ReqPriorityController,getChildNode,상속(TreeAbstractController),com/arms/egovframework/javaservice/treeframework/controller/TreeAbstractController.java,85
GET,/arms/reqPriority/getMonitor.do,ReqPriorityController,getMonitor,상속(TreeAbstractController),com/arms/egovframework/javaservice/treeframework/controller/TreeAbstractController.java,293
GET,/arms/reqPriority/getNode.do,ReqPriorityController,getNode,상속(TreeAbstractController),com/arms/egovframework/javaservice/treeframework/controller/TreeAbstractController.java,65
GET,/arms/reqPriority/getNodesWithoutRoot.do,ReqPriorityController,getNodesWithoutRoot,상속(TreeAbstractController),com/arms/egovframework/javaservice/treeframework/controller/TreeAbstractController.java,108
GET,/arms/reqPriority/getPaginatedChildNode.do,ReqPriorityController,getPaginatedChildNode,상속(TreeAbstractController),com/arms/egovframework/javaservice/treeframework/controller/TreeAbstractController.java,131
POST,/arms/reqPriority/moveNode.do,ReqPriorityController,moveNode,상속(TreeAbstractController),com/arms/egovframework/javaservice/treeframework/controller/TreeAbstractController.java,264
DELETE,/arms/reqPriority/removeNode.do,ReqPriorityController,removeNode,상속(TreeAbstractController),com/arms/egovframework/javaservice/treeframework/controller/TreeAbstractController.java,191
GET,/arms/reqPriority/searchNode.do,ReqPriorityController,searchNode,상속(TreeAbstractController),com/arms/egovframework/javaservice/treeframework/controller/TreeAbstractController.java,155
GET,/arms/reqPriority/send-message,ReqPriorityController,sendMessage,상속(TreeAbstractController),com/arms/egovframework/javaservice/treeframework/controller/TreeAbstractController.java,309
PUT,/arms/reqPriority/updateNode.do,ReqPriorityController,updateNode,상속(TreeAbstractController),com/arms/egovframework/javaservice/treeframework/controller/TreeAbstractController.java,217
POST,/arms/reqReviewComment/addNode.do,ReqReviewCommentController,addNode,상속(TreeAbstractController),com/arms/egovframework/javaservice/treeframework/controller/TreeAbstractController.java,176
PUT,/arms/reqReviewComment/alterNode.do,ReqReviewCommentController,alterNode,상속(TreeAbstractController),com/arms/egovframework/javaservice/treeframework/controller/TreeAbstractController.java,230
PUT,/arms/reqReviewComment/alterNodeType.do,ReqReviewCommentController,alterNodeType,상속(TreeAbstractController),com/arms/egovframework/javaservice/treeframework/controller/TreeAbstractController.java,249
GET,/arms/reqReviewComment/analyzeNode.do,ReqReviewCommentController,analyzeNode,상속(TreeAbstractController),com/arms/egovframework/javaservice/treeframework/controller/TreeAbstractController.java,280
GET,/arms/reqReviewComment/getChildNode.do,ReqReviewCommentController,getChildNode,상속(TreeAbstractController),com/arms/egovframework/javaservice/treeframework/controller/TreeAbstractController.java,85
GET,/arms/reqReviewComment/getMonitor.do,ReqReviewCommentController,getMonitor,상속(TreeAbstractController),com/arms/egovframework/javaservice/treeframework/controller/TreeAbstractController.java,293
GET,/arms/reqReviewComment/getNode.do,ReqReviewCommentController,getNode,상속(TreeAbstractController),com/arms/egovframework/javaservice/treeframework/controller/TreeAbstractController.java,65
GET,/arms/reqReviewComment/getNodesWithoutRoot.do,ReqReviewCommentController,getNodesWithoutRoot,상속(TreeAbstractController),com/arms/egovframework/javaservice/treeframework/controller/TreeAbstractController.java,108
GET,/arms/reqReviewComment/getPaginatedChildNode.do,ReqReviewCommentController,getPaginatedChildNode,상속(TreeAbstractController),com/arms/egovframework/javaservice/treeframework/controller/TreeAbstractController.java,131
POST,/arms/reqReviewComment/moveNode.do,ReqReviewCommentController,moveNode,상속(TreeAbstractController),com/arms/egovframework/javaservice/treeframework/controller/TreeAbstractController.java,264
DELETE,/arms/reqReviewComment/removeNode.do,ReqReviewCommentController,removeNode,상속(TreeAbstractController),com/arms/egovframework/javaservice/treeframework/controller/TreeAbstractController.java,191
GET,/arms/reqReviewComment/searchNode.do,ReqReviewCommentController,searchNode,상속(TreeAbstractController),com/arms/egovframework/javaservice/treeframework/controller/TreeAbstractController.java,155
GET,/arms/reqReviewComment/send-message,ReqReviewCommentController,sendMessage,상속(TreeAbstractController),com/arms/egovframework/javaservice/treeframework/controller/TreeAbstractController.java,309
PUT,/arms/reqReviewComment/updateNode.do,ReqReviewCommentController,updateNode,상속(TreeAbstractController),com/arms/egovframework/javaservice/treeframework/controller/TreeAbstractController.java,217
POST,/arms/reqReviewCommentLog/addNode.do,ReqReviewCommentLogController,addNode,상속(TreeAbstractController),com/arms/egovframework/javaservice/treeframework/controller/TreeAbstractController.java,176
PUT,/arms/reqReviewCommentLog/alterNode.do,ReqReviewCommentLogController,alterNode,상속(TreeAbstractController),com/arms/egovframework/javaservice/treeframework/controller/TreeAbstractController.java,230
PUT,/arms/reqReviewCommentLog/alterNodeType.do,ReqReviewCommentLogController,alterNodeType,상속(TreeAbstractController),com/arms/egovframework/javaservice/treeframework/controller/TreeAbstractController.java,249
GET,/arms/reqReviewCommentLog/analyzeNode.do,ReqReviewCommentLogController,analyzeNode,상속(TreeAbstractController),com/arms/egovframework/javaservice/treeframework/controller/TreeAbstractController.java,280
GET,/arms/reqReviewCommentLog/getChildNode.do,ReqReviewCommentLogController,getChildNode,상속(TreeAbstractController),com/arms/egovframework/javaservice/treeframework/controller/TreeAbstractController.java,85
GET,/arms/reqReviewCommentLog/getMonitor.do,ReqReviewCommentLogController,getMonitor,상속(TreeAbstractController),com/arms/egovframework/javaservice/treeframework/controller/TreeAbstractController.java,293
GET,/arms/reqReviewCommentLog/getNode.do,ReqReviewCommentLogController,getNode,상속(TreeAbstractController),com/arms/egovframework/javaservice/treeframework/controller/TreeAbstractController.java,65
GET,/arms/reqReviewCommentLog/getNodesWithoutRoot.do,ReqReviewCommentLogController,getNodesWithoutRoot,상속(TreeAbstractController),com/arms/egovframework/javaservice/treeframework/controller/TreeAbstractController.java,108
GET,/arms/reqReviewCommentLog/getPaginatedChildNode.do,ReqReviewCommentLogController,getPaginatedChildNode,상속(TreeAbstractController),com/arms/egovframework/javaservice/treeframework/controller/TreeAbstractController.java,131
POST,/arms/reqReviewCommentLog/moveNode.do,ReqReviewCommentLogController,moveNode,상속(TreeAbstractController),com/arms/egovframework/javaservice/treeframework/controller/TreeAbstractController.java,264
DELETE,/arms/reqReviewCommentLog/removeNode.do,ReqReviewCommentLogController,removeNode,상속(TreeAbstractController),com/arms/egovframework/javaservice/treeframework/controller/TreeAbstractController.java,191
GET,/arms/reqReviewCommentLog/searchNode.do,ReqReviewCommentLogController,searchNode,상속(TreeAbstractController),com/arms/egovframework/javaservice/treeframework/controller/TreeAbstractController.java,155
GET,/arms/reqReviewCommentLog/send-message,ReqReviewCommentLogController,sendMessage,상속(TreeAbstractController),com/arms/egovframework/javaservice/treeframework/controller/TreeAbstractController.java,309
PUT,/arms/reqReviewCommentLog/updateNode.do,ReqReviewCommentLogController,updateNode,상속(TreeAbstractController),com/arms/egovframework/javaservice/treeframework/controller/TreeAbstractController.java,217
POST,/arms/reqReview/addNode.do,ReqReviewController,addNode,상속(TreeAbstractController),com/arms/egovframework/javaservice/treeframework/controller/TreeAbstractController.java,176
PUT,/arms/reqReview/alterNode.do,ReqReviewController,alterNode,상속(TreeAbstractController),com/arms/egovframework/javaservice/treeframework/controller/TreeAbstractController.java,230
PUT,/arms/reqReview/alterNodeType.do,ReqReviewController,alterNodeType,상속(TreeAbstractController),com/arms/egovframework/javaservice/treeframework/controller/TreeAbstractController.java,249
GET,/arms/reqReview/analyzeNode.do,ReqReviewController,analyzeNode,상속(TreeAbstractController),com/arms/egovframework/javaservice/treeframework/controller/TreeAbstractController.java,280
GET,/arms/reqReview/getChildNode.do,ReqReviewController,getChildNode,상속(TreeAbstractController),com/arms/egovframework/javaservice/treeframework/controller/TreeAbstractController.java,85
GET,/arms/reqReview/getMonitor.do,ReqReviewController,getMonitor,상속(TreeAbstractController),com/arms/egovframework/javaservice/treeframework/controller/TreeAbstractController.java,293
GET,/arms/reqReview/getNode.do,ReqReviewController,getNode,상속(TreeAbstractController),com/arms/egovframework/javaservice/treeframework/controller/TreeAbstractController.java,65
GET,/arms/reqReview/getNodesWithoutRoot.do,ReqReviewController,getNodesWithoutRoot,상속(TreeAbstractController),com/arms/egovframework/javaservice/treeframework/controller/TreeAbstractController.java,108
GET,/arms/reqReview/getPaginatedChildNode.do,ReqReviewController,getPaginatedChildNode,상속(TreeAbstractController),com/arms/egovframework/javaservice/treeframework/controller/TreeAbstractController.java,131
POST,/arms/reqReview/moveNode.do,ReqReviewController,moveNode,상속(TreeAbstractController),com/arms/egovframework/javaservice/treeframework/controller/TreeAbstractController.java,264
DELETE,/arms/reqReview/removeNode.do,ReqReviewController,removeNode,상속(TreeAbstractController),com/arms/egovframework/javaservice/treeframework/controller/TreeAbstractController.java,191
GET,/arms/reqReview/searchNode.do,ReqReviewController,searchNode,상속(TreeAbstractController),com/arms/egovframework/javaservice/treeframework/controller/TreeAbstractController.java,155
GET,/arms/reqReview/send-message,ReqReviewController,sendMessage,상속(TreeAbstractController),com/arms/egovframework/javaservice/treeframework/controller/TreeAbstractController.java,309
PUT,/arms/reqReview/updateNode.do,ReqReviewController,updateNode,상속(TreeAbstractController),com/arms/egovframework/javaservice/treeframework/controller/TreeAbstractController.java,217
POST,/arms/reqReviewLog/addNode.do,ReqReviewLogController,addNode,상속(TreeAbstractController),com/arms/egovframework/javaservice/treeframework/controller/TreeAbstractController.java,176
PUT,/arms/reqReviewLog/alterNode.do,ReqReviewLogController,alterNode,상속(TreeAbstractController),com/arms/egovframework/javaservice/treeframework/controller/TreeAbstractController.java,230
PUT,/arms/reqReviewLog/alterNodeType.do,ReqReviewLogController,alterNodeType,상속(TreeAbstractController),com/arms/egovframework/javaservice/treeframework/controller/TreeAbstractController.java,249
GET,/arms/reqReviewLog/analyzeNode.do,ReqReviewLogController,analyzeNode,상속(TreeAbstractController),com/arms/egovframework/javaservice/treeframework/controller/TreeAbstractController.java,280
GET,/arms/reqReviewLog/getChildNode.do,ReqReviewLogController,getChildNode,상속(TreeAbstractController),com/arms/egovframework/javaservice/treeframework/controller/TreeAbstractController.java,85
GET,/arms/reqReviewLog/getMonitor.do,ReqReviewLogController,getMonitor,상속(TreeAbstractController),com/arms/egovframework/javaservice/treeframework/controller/TreeAbstractController.java,293
GET,/arms/reqReviewLog/getNode.do,ReqReviewLogController,getNode,상속(TreeAbstractController),com/arms/egovframework/javaservice/treeframework/controller/TreeAbstractController.java,65
GET,/arms/reqReviewLog/getNodesWithoutRoot.do,ReqReviewLogController,getNodesWithoutRoot,상속(TreeAbstractController),com/arms/egovframework/javaservice/treeframework/controller/TreeAbstractController.java,108
GET,/arms/reqReviewLog/getPaginatedChildNode.do,ReqReviewLogController,getPaginatedChildNode,상속(TreeAbstractController),com/arms/egovframework/javaservice/treeframework/controller/TreeAbstractController.java,131
POST,/arms/reqReviewLog/moveNode.do,ReqReviewLogController,moveNode,상속(TreeAbstractController),com/arms/egovframework/javaservice/treeframework/controller/TreeAbstractController.java,264
DELETE,/arms/reqReviewLog/removeNode.do,ReqReviewLogController,removeNode,상속(TreeAbstractController),com/arms/egovframework/javaservice/treeframework/controller/TreeAbstractController.java,191
GET,/arms/reqReviewLog/searchNode.do,ReqReviewLogController,searchNode,상속(TreeAbstractController),com/arms/egovframework/javaservice/treeframework/controller/TreeAbstractController.java,155
GET,/arms/reqReviewLog/send-message,ReqReviewLogController,sendMessage,상속(TreeAbstractController),com/arms/egovframework/javaservice/treeframework/controller/TreeAbstractController.java,309
PUT,/arms/reqReviewLog/updateNode.do,ReqReviewLogController,updateNode,상속(TreeAbstractController),com/arms/egovframework/javaservice/treeframework/controller/TreeAbstractController.java,217
POST,/arms/reqStateCategory/addNode.do,ReqStateCategoryController,addNode,상속(TreeAbstractController),com/arms/egovframework/javaservice/treeframework/controller/TreeAbstractController.java,176
PUT,/arms/reqStateCategory/alterNode.do,ReqStateCategoryController,alterNode,상속(TreeAbstractController),com/arms/egovframework/javaservice/treeframework/controller/TreeAbstractController.java,230
PUT,/arms/reqStateCategory/alterNodeType.do,ReqStateCategoryController,alterNodeType,상속(TreeAbstractController),com/arms/egovframework/javaservice/treeframework/controller/TreeAbstractController.java,249
GET,/arms/reqStateCategory/analyzeNode.do,ReqStateCategoryController,analyzeNode,상속(TreeAbstractController),com/arms/egovframework/javaservice/treeframework/controller/TreeAbstractController.java,280
GET,/arms/reqStateCategory/getChildNode.do,ReqStateCategoryController,getChildNode,상속(TreeAbstractController),com/arms/egovframework/javaservice/treeframework/controller/TreeAbstractController.java,85
GET,/arms/reqStateCategory/getClosedCategory.do,ReqStateCategoryController,완료상태_카테고리_조회,자체,com/arms/api/requirement/reqstate_category/controller/ReqStateCategoryController.java,57
GET,/arms/reqStateCategory/getMonitor.do,ReqStateCategoryController,getMonitor,상속(TreeAbstractController),com/arms/egovframework/javaservice/treeframework/controller/TreeAbstractController.java,293
GET,/arms/reqStateCategory/getNode.do,ReqStateCategoryController,getNode,상속(TreeAbstractController),com/arms/egovframework/javaservice/treeframework/controller/TreeAbstractController.java,65
GET,/arms/reqStateCategory/getNodesWithoutRoot.do,ReqStateCategoryController,getNodesWithoutRoot,상속(TreeAbstractController),com/arms/egovframework/javaservice/treeframework/controller/TreeAbstractController.java,108
GET,/arms/reqStateCategory/getPaginatedChildNode.do,ReqStateCategoryController,getPaginatedChildNode,상속(TreeAbstractController),com/arms/egovframework/javaservice/treeframework/controller/TreeAbstractController.java,131
POST,/arms/reqStateCategory/moveNode.do,ReqStateCategoryController,moveNode,상속(TreeAbstractController),com/arms/egovframework/javaservice/treeframework/controller/TreeAbstractController.java,264
DELETE,/arms/reqStateCategory/removeNode.do,ReqStateCategoryController,removeNode,자체,com/arms/api/requirement/reqstate_category/controller/ReqStateCategoryController.java,78
DELETE,/arms/reqStateCategory/removeNode.do,ReqStateCategoryController,removeNode,상속(TreeAbstractController),com/arms/egovframework/javaservice/treeframework/controller/TreeAbstractController.java,191
GET,/arms/reqStateCategory/searchNode.do,ReqStateCategoryController,searchNode,상속(TreeAbstractController),com/arms/egovframework/javaservice/treeframework/controller/TreeAbstractController.java,155
GET,/arms/reqStateCategory/send-message,ReqStateCategoryController,sendMessage,상속(TreeAbstractController),com/arms/egovframework/javaservice/treeframework/controller/TreeAbstractController.java,309
PUT,/arms/reqStateCategory/updateNode.do,ReqStateCategoryController,updateNode,상속(TreeAbstractController),com/arms/egovframework/javaservice/treeframework/controller/TreeAbstractController.java,217
POST,/arms/reqStateCategoryLog/addNode.do,ReqStateCategoryLogController,addNode,상속(TreeAbstractController),com/arms/egovframework/javaservice/treeframework/controller/TreeAbstractController.java,176
PUT,/arms/reqStateCategoryLog/alterNode.do,ReqStateCategoryLogController,alterNode,상속(TreeAbstractController),com/arms/egovframework/javaservice/treeframework/controller/TreeAbstractController.java,230
PUT,/arms/reqStateCategoryLog/alterNodeType.do,ReqStateCategoryLogController,alterNodeType,상속(TreeAbstractController),com/arms/egovframework/javaservice/treeframework/controller/TreeAbstractController.java,249
GET,/arms/reqStateCategoryLog/analyzeNode.do,ReqStateCategoryLogController,analyzeNode,상속(TreeAbstractController),com/arms/egovframework/javaservice/treeframework/controller/TreeAbstractController.java,280
GET,/arms/reqStateCategoryLog/getChildNode.do,ReqStateCategoryLogController,getChildNode,상속(TreeAbstractController),com/arms/egovframework/javaservice/treeframework/controller/TreeAbstractController.java,85
GET,/arms/reqStateCategoryLog/getMonitor.do,ReqStateCategoryLogController,getMonitor,상속(TreeAbstractController),com/arms/egovframework/javaservice/treeframework/controller/TreeAbstractController.java,293
GET,/arms/reqStateCategoryLog/getNode.do,ReqStateCategoryLogController,getNode,상속(TreeAbstractController),com/arms/egovframework/javaservice/treeframework/controller/TreeAbstractController.java,65
GET,/arms/reqStateCategoryLog/getNodesWithoutRoot.do,ReqStateCategoryLogController,getNodesWithoutRoot,상속(TreeAbstractController),com/arms/egovframework/javaservice/treeframework/controller/TreeAbstractController.java,108
GET,/arms/reqStateCategoryLog/getPaginatedChildNode.do,ReqStateCategoryLogController,getPaginatedChildNode,상속(TreeAbstractController),com/arms/egovframework/javaservice/treeframework/controller/TreeAbstractController.java,131
POST,/arms/reqStateCategoryLog/moveNode.do,ReqStateCategoryLogController,moveNode,상속(TreeAbstractController),com/arms/egovframework/javaservice/treeframework/controller/TreeAbstractController.java,264
DELETE,/arms/reqStateCategoryLog/removeNode.do,ReqStateCategoryLogController,removeNode,상속(TreeAbstractController),com/arms/egovframework/javaservice/treeframework/controller/TreeAbstractController.java,191
GET,/arms/reqStateCategoryLog/searchNode.do,ReqStateCategoryLogController,searchNode,상속(TreeAbstractController),com/arms/egovframework/javaservice/treeframework/controller/TreeAbstractController.java,155
GET,/arms/reqStateCategoryLog/send-message,ReqStateCategoryLogController,sendMessage,상속(TreeAbstractController),com/arms/egovframework/javaservice/treeframework/controller/TreeAbstractController.java,309
PUT,/arms/reqStateCategoryLog/updateNode.do,ReqStateCategoryLogController,updateNode,상속(TreeAbstractController),com/arms/egovframework/javaservice/treeframework/controller/TreeAbstractController.java,217
POST,/arms/reqState/addNode.do,ReqStateController,addNode,상속(TreeAbstractController),com/arms/egovframework/javaservice/treeframework/controller/TreeAbstractController.java,176
POST,/arms/reqState/addStateNode.do,ReqStateController,addStateNode,자체,com/arms/api/requirement/reqstate/controller/ReqStateController.java,68
PUT,/arms/reqState/alterNode.do,ReqStateController,alterNode,상속(TreeAbstractController),com/arms/egovframework/javaservice/treeframework/controller/TreeAbstractController.java,230
PUT,/arms/reqState/alterNodeType.do,ReqStateController,alterNodeType,상속(TreeAbstractController),com/arms/egovframework/javaservice/treeframework/controller/TreeAbstractController.java,249
GET,/arms/reqState/analyzeNode.do,ReqStateController,analyzeNode,상속(TreeAbstractController),com/arms/egovframework/javaservice/treeframework/controller/TreeAbstractController.java,280
GET,/arms/reqState/complete-keyword,ReqStateController,요구사항_완료_키워드조회,자체,com/arms/api/requirement/reqstate/controller/ReqStateController.java,141
PUT,/arms/reqState/defaultSetting.do,ReqStateController,기본_상태_설정,자체,com/arms/api/requirement/reqstate/controller/ReqStateController.java,183
GET,/arms/reqState/getChildNode.do,ReqStateController,getChildNode,상속(TreeAbstractController),com/arms/egovframework/javaservice/treeframework/controller/TreeAbstractController.java,85
GET,/arms/reqState/getMonitor.do,ReqStateController,getMonitor,상속(TreeAbstractController),com/arms/egovframework/javaservice/treeframework/controller/TreeAbstractController.java,293
GET,/arms/reqState/getNode.do,ReqStateController,getNode,상속(TreeAbstractController),com/arms/egovframework/javaservice/treeframework/controller/TreeAbstractController.java,65
GET,/arms/reqState/getNodesWithoutRoot.do,ReqStateController,getNodesWithoutRoot,상속(TreeAbstractController),com/arms/egovframework/javaservice/treeframework/controller/TreeAbstractController.java,108
GET,/arms/reqState/getPaginatedChildNode.do,ReqStateController,getPaginatedChildNode,상속(TreeAbstractController),com/arms/egovframework/javaservice/treeframework/controller/TreeAbstractController.java,131
GET,/arms/reqState/getReqStateListFilter.do,ReqStateController,카테고리_매핑된_상태목록_조회,자체,com/arms/api/requirement/reqstate/controller/ReqStateController.java,159
POST,/arms/reqState/moveNode.do,ReqStateController,moveNode,상속(TreeAbstractController),com/arms/egovframework/javaservice/treeframework/controller/TreeAbstractController.java,264
DELETE,/arms/reqState/removeNode.do,ReqStateController,removeNode,상속(TreeAbstractController),com/arms/egovframework/javaservice/treeframework/controller/TreeAbstractController.java,191
DELETE,/arms/reqState/removeNodeAndChangeState.do,ReqStateController,removeNodeAndChangeState,자체,com/arms/api/requirement/reqstate/controller/ReqStateController.java,118
GET,/arms/reqState/searchNode.do,ReqStateController,searchNode,상속(TreeAbstractController),com/arms/egovframework/javaservice/treeframework/controller/TreeAbstractController.java,155
GET,/arms/reqState/send-message,ReqStateController,sendMessage,상속(TreeAbstractController),com/arms/egovframework/javaservice/treeframework/controller/TreeAbstractController.java,309
PUT,/arms/reqState/updateNode.do,ReqStateController,updateNode,자체,com/arms/api/requirement/reqstate/controller/ReqStateController.java,95
PUT,/arms/reqState/updateNode.do,ReqStateController,updateNode,상속(TreeAbstractController),com/arms/egovframework/javaservice/treeframework/controller/TreeAbstractController.java,217
GET,/arms/reqStatus/calendar,ReqStatusCalendarController,getCalendarData,자체,com/arms/api/requirement/reqstatus_calendar/controller/ReqStatusCalendarController.java,26
POST,/arms/reqStatus/addNode.do,ReqStatusController,addNode,상속(TreeAbstractController),com/arms/egovframework/javaservice/treeframework/controller/TreeAbstractController.java,176
PUT,/arms/reqStatus/alterNode.do,ReqStatusController,alterNode,상속(TreeAbstractController),com/arms/egovframework/javaservice/treeframework/controller/TreeAbstractController.java,230
PUT,/arms/reqStatus/alterNodeType.do,ReqStatusController,alterNodeType,상속(TreeAbstractController),com/arms/egovframework/javaservice/treeframework/controller/TreeAbstractController.java,249
GET,/arms/reqStatus/analyzeNode.do,ReqStatusController,analyzeNode,상속(TreeAbstractController),com/arms/egovframework/javaservice/treeframework/controller/TreeAbstractController.java,280
PUT,/arms/reqStatus/deleteWithdrawal.do,ReqStatusController,이슈삭제_철회,자체,com/arms/api/requirement/reqstatus/controller/ReqStatusController.java,141
GET,/arms/reqStatus/getChildNode.do,ReqStatusController,getChildNode,상속(TreeAbstractController),com/arms/egovframework/javaservice/treeframework/controller/TreeAbstractController.java,85
GET,/arms/reqStatus/getMonitor.do,ReqStatusController,getMonitor,상속(TreeAbstractController),com/arms/egovframework/javaservice/treeframework/controller/TreeAbstractController.java,293
GET,/arms/reqStatus/getNode.do,ReqStatusController,getNode,상속(TreeAbstractController),com/arms/egovframework/javaservice/treeframework/controller/TreeAbstractController.java,65
GET,/arms/reqStatus/getNodesWithoutRoot.do,ReqStatusController,getNodesWithoutRoot,상속(TreeAbstractController),com/arms/egovframework/javaservice/treeframework/controller/TreeAbstractController.java,108
GET,/arms/reqStatus/getPaginatedChildNode.do,ReqStatusController,getPaginatedChildNode,상속(TreeAbstractController),com/arms/egovframework/javaservice/treeframework/controller/TreeAbstractController.java,131
GET,/arms/reqStatus/issue-list-by-updated-2nd,ReqStatusController,issueListByUpdated2ndTab,자체,com/arms/api/requirement/reqstatus/controller/ReqStatusController.java,421
GET,/arms/reqStatus/issueListByOverallUpdatedDate,ReqStatusController,issueListByOverallUpdatedDate,자체,com/arms/api/requirement/reqstatus/controller/ReqStatusController.java,444
POST,/arms/reqStatus/moveNode.do,ReqStatusController,moveNode,상속(TreeAbstractController),com/arms/egovframework/javaservice/treeframework/controller/TreeAbstractController.java,264
DELETE,/arms/reqStatus/removeNode.do,ReqStatusController,removeNode,상속(TreeAbstractController),com/arms/egovframework/javaservice/treeframework/controller/TreeAbstractController.java,191
GET,/arms/reqStatus/searchNode.do,ReqStatusController,searchNode,상속(TreeAbstractController),com/arms/egovframework/javaservice/treeframework/controller/TreeAbstractController.java,155
GET,/arms/reqStatus/send-message,ReqStatusController,sendMessage,상속(TreeAbstractController),com/arms/egovframework/javaservice/treeframework/controller/TreeAbstractController.java,309
POST,/arms/reqStatus/subtasks-and-linked-issues,ReqStatusController,subtasksAndLinkedIssues,자체,com/arms/api/requirement/reqstatus/controller/ReqStatusController.java,438
PUT,/arms/reqStatus/updateNode.do,ReqStatusController,updateNode,상속(TreeAbstractController),com/arms/egovframework/javaservice/treeframework/controller/TreeAbstractController.java,217
POST,/arms/reqStatus/{changeReqTableName}/addStatusNode.do,ReqStatusController,요구사항_상태_정보_저장하기,자체,com/arms/api/requirement/reqstatus/controller/ReqStatusController.java,81
GET,/arms/reqStatus/{changeReqTableName}/deletedIssueList,ReqStatusController,getDeletedIssueList,자체,com/arms/api/requirement/reqstatus/controller/ReqStatusController.java,128
GET,/arms/reqStatus/{changeReqTableName}/getPdRelatedReqStats.do,ReqStatusController,getPdRelatedReqStats,자체,com/arms/api/requirement/reqstatus/controller/ReqStatusController.java,284
GET,/arms/reqStatus/{changeReqTableName}/getPdReqStats.do,ReqStatusController,getPdReqStats,자체,com/arms/api/requirement/reqstatus/controller/ReqStatusController.java,266
GET,/arms/reqStatus/{changeReqTableName}/getReqStatusListByCReqLink.do,ReqStatusController,getReqStatusListByCReqLink,자체,com/arms/api/requirement/reqstatus/controller/ReqStatusController.java,326
GET,/arms/reqStatus/{changeReqTableName}/getStatistics.do,ReqStatusController,getStatistics,자체,com/arms/api/requirement/reqstatus/controller/ReqStatusController.java,174
GET,/arms/reqStatus/{changeReqTableName}/getStatusMonitor.do,ReqStatusController,getStatusMonitor,자체,com/arms/api/requirement/reqstatus/controller/ReqStatusController.java,104
GET,/arms/reqStatus/{changeReqTableName}/getStatusNode.do,ReqStatusController,getStatusNode,자체,com/arms/api/requirement/reqstatus/controller/ReqStatusController.java,351
GET,/arms/reqStatus/{changeReqTableName}/issue-list-by-updated,ReqStatusController,issueListByUpdated,자체,com/arms/api/requirement/reqstatus/controller/ReqStatusController.java,427
DELETE,/arms/reqStatus/{changeReqTableName}/removeNode.do,ReqStatusController,removeReqStatusNode,자체,com/arms/api/requirement/reqstatus/controller/ReqStatusController.java,400
GET,/arms/reqStatus/{changeReqTableName}/req-status-dashboard,ReqStatusController,getReqStatusDashboard,자체,com/arms/api/requirement/reqstatus/controller/ReqStatusController.java,450
GET,/arms/reqStatus/{changeReqTableName}/reqIssues-created-together.do,ReqStatusController,요구사항_이슈_묶음_조회,자체,com/arms/api/requirement/reqstatus/controller/ReqStatusController.java,233
POST,/arms/reqStatus/{changeReqTableName}/reqStatusCheckAfterAlmProcess.do,ReqStatusController,요구사항_상태_확인후_ALM처리_및_REQSTATUS_업데이트,자체,com/arms/api/requirement/reqstatus/controller/ReqStatusController.java,376
PUT,/arms/reqStatus/{changeReqTableName}/updateStatusNode.do,ReqStatusController,요구사항_상황_수정하기,자체,com/arms/api/requirement/reqstatus/controller/ReqStatusController.java,153
POST,/arms/reqStatusLog/addNode.do,ReqStatusLogController,addNode,상속(TreeAbstractController),com/arms/egovframework/javaservice/treeframework/controller/TreeAbstractController.java,176
PUT,/arms/reqStatusLog/alterNode.do,ReqStatusLogController,alterNode,상속(TreeAbstractController),com/arms/egovframework/javaservice/treeframework/controller/TreeAbstractController.java,230
PUT,/arms/reqStatusLog/alterNodeType.do,ReqStatusLogController,alterNodeType,상속(TreeAbstractController),com/arms/egovframework/javaservice/treeframework/controller/TreeAbstractController.java,249
GET,/arms/reqStatusLog/analyzeNode.do,ReqStatusLogController,analyzeNode,상속(TreeAbstractController),com/arms/egovframework/javaservice/treeframework/controller/TreeAbstractController.java,280
GET,/arms/reqStatusLog/getChildNode.do,ReqStatusLogController,getChildNode,상속(TreeAbstractController),com/arms/egovframework/javaservice/treeframework/controller/TreeAbstractController.java,85
GET,/arms/reqStatusLog/getMonitor.do,ReqStatusLogController,getMonitor,상속(TreeAbstractController),com/arms/egovframework/javaservice/treeframework/controller/TreeAbstractController.java,293
GET,/arms/reqStatusLog/getNode.do,ReqStatusLogController,getNode,상속(TreeAbstractController),com/arms/egovframework/javaservice/treeframework/controller/TreeAbstractController.java,65
GET,/arms/reqStatusLog/getNodesWithoutRoot.do,ReqStatusLogController,getNodesWithoutRoot,상속(TreeAbstractController),com/arms/egovframework/javaservice/treeframework/controller/TreeAbstractController.java,108
GET,/arms/reqStatusLog/getPaginatedChildNode.do,ReqStatusLogController,getPaginatedChildNode,상속(TreeAbstractController),com/arms/egovframework/javaservice/treeframework/controller/TreeAbstractController.java,131
POST,/arms/reqStatusLog/moveNode.do,ReqStatusLogController,moveNode,상속(TreeAbstractController),com/arms/egovframework/javaservice/treeframework/controller/TreeAbstractController.java,264
DELETE,/arms/reqStatusLog/removeNode.do,ReqStatusLogController,removeNode,상속(TreeAbstractController),com/arms/egovframework/javaservice/treeframework/controller/TreeAbstractController.java,191
GET,/arms/reqStatusLog/searchNode.do,ReqStatusLogController,searchNode,상속(TreeAbstractController),com/arms/egovframework/javaservice/treeframework/controller/TreeAbstractController.java,155
GET,/arms/reqStatusLog/send-message,ReqStatusLogController,sendMessage,상속(TreeAbstractController),com/arms/egovframework/javaservice/treeframework/controller/TreeAbstractController.java,309
PUT,/arms/reqStatusLog/updateNode.do,ReqStatusLogController,updateNode,상속(TreeAbstractController),com/arms/egovframework/javaservice/treeframework/controller/TreeAbstractController.java,217
POST,/arms/reqStatusSync/es-to-db,ReqStatusSyncController,엔진수집결과_동기화,자체,com/arms/api/util/dynamicscheduler/controller/ReqStatusSyncController.java,21
GET,/arms/report/reqTrace/{changeReqTableName}/getReqTraceList.do,ReqTraceController,getReqTrace,자체,com/arms/api/report/reqtrace/controller/ReqTraceController.java,21
POST,/arms/reqUrgency/addNode.do,ReqUrgencyController,addNode,상속(TreeAbstractController),com/arms/egovframework/javaservice/treeframework/controller/TreeAbstractController.java,176
PUT,/arms/reqUrgency/alterNode.do,ReqUrgencyController,alterNode,상속(TreeAbstractController),com/arms/egovframework/javaservice/treeframework/controller/TreeAbstractController.java,230
PUT,/arms/reqUrgency/alterNodeType.do,ReqUrgencyController,alterNodeType,상속(TreeAbstractController),com/arms/egovframework/javaservice/treeframework/controller/TreeAbstractController.java,249
GET,/arms/reqUrgency/analyzeNode.do,ReqUrgencyController,analyzeNode,상속(TreeAbstractController),com/arms/egovframework/javaservice/treeframework/controller/TreeAbstractController.java,280
GET,/arms/reqUrgency/getChildNode.do,ReqUrgencyController,getChildNode,상속(TreeAbstractController),com/arms/egovframework/javaservice/treeframework/controller/TreeAbstractController.java,85
GET,/arms/reqUrgency/getMonitor.do,ReqUrgencyController,getMonitor,상속(TreeAbstractController),com/arms/egovframework/javaservice/treeframework/controller/TreeAbstractController.java,293
GET,/arms/reqUrgency/getNode.do,ReqUrgencyController,getNode,상속(TreeAbstractController),com/arms/egovframework/javaservice/treeframework/controller/TreeAbstractController.java,65
GET,/arms/reqUrgency/getNodesWithoutRoot.do,ReqUrgencyController,getNodesWithoutRoot,상속(TreeAbstractController),com/arms/egovframework/javaservice/treeframework/controller/TreeAbstractController.java,108
GET,/arms/reqUrgency/getPaginatedChildNode.do,ReqUrgencyController,getPaginatedChildNode,상속(TreeAbstractController),com/arms/egovframework/javaservice/treeframework/controller/TreeAbstractController.java,131
POST,/arms/reqUrgency/moveNode.do,ReqUrgencyController,moveNode,상속(TreeAbstractController),com/arms/egovframework/javaservice/treeframework/controller/TreeAbstractController.java,264
DELETE,/arms/reqUrgency/removeNode.do,ReqUrgencyController,removeNode,상속(TreeAbstractController),com/arms/egovframework/javaservice/treeframework/controller/TreeAbstractController.java,191
GET,/arms/reqUrgency/searchNode.do,ReqUrgencyController,searchNode,상속(TreeAbstractController),com/arms/egovframework/javaservice/treeframework/controller/TreeAbstractController.java,155
GET,/arms/reqUrgency/send-message,ReqUrgencyController,sendMessage,상속(TreeAbstractController),com/arms/egovframework/javaservice/treeframework/controller/TreeAbstractController.java,309
PUT,/arms/reqUrgency/updateNode.do,ReqUrgencyController,updateNode,상속(TreeAbstractController),com/arms/egovframework/javaservice/treeframework/controller/TreeAbstractController.java,217
GET,/admin/arms/analysis/resource/assignees-info,ResourceController,findAssigneesInfoData,자체,com/arms/api/analysis/resource/controller/ResourceController.java,58
GET,/admin/arms/analysis/resource/assignees-requirements-involvements-v3,ResourceController,findTreeMapChartDataV3,자체,com/arms/api/analysis/resource/controller/ResourceController.java,105
GET,/admin/arms/analysis/resource/findAssigneeRequirementInvolvementData,ResourceController,assigneeRequirementInvolvementDetailData,자체,com/arms/api/analysis/resource/controller/ResourceController.java,111
GET,/admin/arms/analysis/resource/findAssigneeRequirementInvolvementDataDownload,ResourceController,findAssigneeRequirementInvolvementDataDownload,자체,com/arms/api/analysis/resource/controller/ResourceController.java,116
GET,/admin/arms/analysis/resource/issue-status-by-assignee,ResourceController,issueStatusDataByAssignee,자체,com/arms/api/analysis/resource/controller/ResourceController.java,37
GET,/admin/arms/analysis/resource/issue-status-stacked-bar,ResourceController,issueStatusStackedBarChartData,자체,com/arms/api/analysis/resource/controller/ResourceController.java,145
POST,/admin/arms/analysis/resource/top-contributors/horizontal-bar,ResourceController,findHorizontalBarChartData,자체,com/arms/api/analysis/resource/controller/ResourceController.java,88
POST,/admin/arms/analysis/resource/top-contributors/horizontal-bar-at-once,ResourceController,findHorizontalBarChartDataAtOnce,자체,com/arms/api/analysis/resource/controller/ResourceController.java,96
GET,/admin/arms/analysis/resource/top-contributors/pie,ResourceController,findPieChartData,자체,com/arms/api/analysis/resource/controller/ResourceController.java,79
GET,/admin/arms/analysis/resource/top-contributors/pie-expand,ResourceController,findPieChartDataExpand,자체,com/arms/api/analysis/resource/controller/ResourceController.java,70
GET,/admin/arms/analysis/resource/version-assignee-summary,ResourceController,versionAssigneeIssueSummary,자체,com/arms/api/analysis/resource/controller/ResourceController.java,47
GET,/admin/arms/analysis/resource/word-cloud-data,ResourceController,findWordCloudData,자체,com/arms/api/analysis/resource/controller/ResourceController.java,135
PUT,/admin/arms/salaries,SalaryController,bulkUpdate,자체,com/arms/api/analysis/cost/controller/SalaryController.java,81
POST,/admin/arms/salaries/addNode.do,SalaryController,addNode,상속(TreeAbstractController),com/arms/egovframework/javaservice/treeframework/controller/TreeAbstractController.java,176
PUT,/admin/arms/salaries/alterNode.do,SalaryController,alterNode,상속(TreeAbstractController),com/arms/egovframework/javaservice/treeframework/controller/TreeAbstractController.java,230
PUT,/admin/arms/salaries/alterNodeType.do,SalaryController,alterNodeType,상속(TreeAbstractController),com/arms/egovframework/javaservice/treeframework/controller/TreeAbstractController.java,249
GET,/admin/arms/salaries/analyzeNode.do,SalaryController,analyzeNode,상속(TreeAbstractController),com/arms/egovframework/javaservice/treeframework/controller/TreeAbstractController.java,280
POST,/admin/arms/salaries/excel-download.do,SalaryController,연봉입력_엑셀템플릿_다운로드,자체,com/arms/api/analysis/cost/controller/SalaryController.java,46
POST,/admin/arms/salaries/excel-upload.do,SalaryController,uploadSalaryTemplate,자체,com/arms/api/analysis/cost/controller/SalaryController.java,70
GET,/admin/arms/salaries/getChildNode.do,SalaryController,getChildNode,상속(TreeAbstractController),com/arms/egovframework/javaservice/treeframework/controller/TreeAbstractController.java,85
GET,/admin/arms/salaries/getMonitor.do,SalaryController,getMonitor,상속(TreeAbstractController),com/arms/egovframework/javaservice/treeframework/controller/TreeAbstractController.java,293
GET,/admin/arms/salaries/getNode.do,SalaryController,getNode,상속(TreeAbstractController),com/arms/egovframework/javaservice/treeframework/controller/TreeAbstractController.java,65
GET,/admin/arms/salaries/getNodesWithoutRoot.do,SalaryController,getNodesWithoutRoot,상속(TreeAbstractController),com/arms/egovframework/javaservice/treeframework/controller/TreeAbstractController.java,108
GET,/admin/arms/salaries/getPaginatedChildNode.do,SalaryController,getPaginatedChildNode,상속(TreeAbstractController),com/arms/egovframework/javaservice/treeframework/controller/TreeAbstractController.java,131
POST,/admin/arms/salaries/moveNode.do,SalaryController,moveNode,상속(TreeAbstractController),com/arms/egovframework/javaservice/treeframework/controller/TreeAbstractController.java,264
DELETE,/admin/arms/salaries/removeNode.do,SalaryController,removeNode,상속(TreeAbstractController),com/arms/egovframework/javaservice/treeframework/controller/TreeAbstractController.java,191
GET,/admin/arms/salaries/searchNode.do,SalaryController,searchNode,상속(TreeAbstractController),com/arms/egovframework/javaservice/treeframework/controller/TreeAbstractController.java,155
GET,/admin/arms/salaries/send-message,SalaryController,sendMessage,상속(TreeAbstractController),com/arms/egovframework/javaservice/treeframework/controller/TreeAbstractController.java,309
GET,/admin/arms/salaries/transfer-salary-info,SalaryController,transferSalaryInfo,자체,com/arms/api/analysis/cost/controller/SalaryController.java,95
PUT,/admin/arms/salaries/updateNode.do,SalaryController,updateNode,상속(TreeAbstractController),com/arms/egovframework/javaservice/treeframework/controller/TreeAbstractController.java,217
POST,/arms/salaryLog/addNode.do,SalaryLogController,addNode,상속(TreeAbstractController),com/arms/egovframework/javaservice/treeframework/controller/TreeAbstractController.java,176
PUT,/arms/salaryLog/alterNode.do,SalaryLogController,alterNode,상속(TreeAbstractController),com/arms/egovframework/javaservice/treeframework/controller/TreeAbstractController.java,230
PUT,/arms/salaryLog/alterNodeType.do,SalaryLogController,alterNodeType,상속(TreeAbstractController),com/arms/egovframework/javaservice/treeframework/controller/TreeAbstractController.java,249
GET,/arms/salaryLog/analyzeNode.do,SalaryLogController,analyzeNode,상속(TreeAbstractController),com/arms/egovframework/javaservice/treeframework/controller/TreeAbstractController.java,280
GET,/arms/salaryLog/getChildNode.do,SalaryLogController,getChildNode,상속(TreeAbstractController),com/arms/egovframework/javaservice/treeframework/controller/TreeAbstractController.java,85
GET,/arms/salaryLog/getMonitor.do,SalaryLogController,getMonitor,상속(TreeAbstractController),com/arms/egovframework/javaservice/treeframework/controller/TreeAbstractController.java,293
GET,/arms/salaryLog/getNode.do,SalaryLogController,getNode,상속(TreeAbstractController),com/arms/egovframework/javaservice/treeframework/controller/TreeAbstractController.java,65
GET,/arms/salaryLog/getNodesWithoutRoot.do,SalaryLogController,getNodesWithoutRoot,상속(TreeAbstractController),com/arms/egovframework/javaservice/treeframework/controller/TreeAbstractController.java,108
GET,/arms/salaryLog/getPaginatedChildNode.do,SalaryLogController,getPaginatedChildNode,상속(TreeAbstractController),com/arms/egovframework/javaservice/treeframework/controller/TreeAbstractController.java,131
POST,/arms/salaryLog/moveNode.do,SalaryLogController,moveNode,상속(TreeAbstractController),com/arms/egovframework/javaservice/treeframework/controller/TreeAbstractController.java,264
DELETE,/arms/salaryLog/removeNode.do,SalaryLogController,removeNode,상속(TreeAbstractController),com/arms/egovframework/javaservice/treeframework/controller/TreeAbstractController.java,191
GET,/arms/salaryLog/searchNode.do,SalaryLogController,searchNode,상속(TreeAbstractController),com/arms/egovframework/javaservice/treeframework/controller/TreeAbstractController.java,155
GET,/arms/salaryLog/send-message,SalaryLogController,sendMessage,상속(TreeAbstractController),com/arms/egovframework/javaservice/treeframework/controller/TreeAbstractController.java,309
PUT,/arms/salaryLog/updateNode.do,SalaryLogController,updateNode,상속(TreeAbstractController),com/arms/egovframework/javaservice/treeframework/controller/TreeAbstractController.java,217
GET,/arms/sample/mybatis/getList,SampleMybatisContoller,getList,자체,com/arms/api/util/samplemybastis/controller/SampleMybatisContoller.java,27
GET,/arms/scheduler/atlassian/directory-user/sync,SchedulerController,syncAtlassianDirectoryUsers,자체,com/arms/api/util/dynamicscheduler/controller/SchedulerController.java,79
PUT,/arms/scheduler/cacheStatusMappingData,SchedulerController,cacheStatusMappingData,자체,com/arms/api/util/dynamicscheduler/controller/SchedulerController.java,71
GET,/arms/scheduler/pdservice/reqstatus/executeSequentialSchedules/storeToES,SchedulerController,executeSequentialSchedules,자체,com/arms/api/util/dynamicscheduler/controller/SchedulerController.java,29
GET,/arms/scheduler/pdservice/reqstatus/increment/executeSequentialSchedules/storeToES,SchedulerController,executeIncrementalIssueSequentialSchedules,자체,com/arms/api/util/dynamicscheduler/controller/SchedulerController.java,37
GET,/arms/scheduler/pdservice/reqstatus/increment/executeSequentialSchedules/storeToES/withDateRange,SchedulerController,executeIncrementalIssueWithDateRangeSequentialSchedules,자체,com/arms/api/util/dynamicscheduler/controller/SchedulerController.java,46
GET,/arms/scheduler/pdservice/reqstatus/recreateFailedReqIssue,SchedulerController,retryFailedReqStatusCreationToElasticsearch,자체,com/arms/api/util/dynamicscheduler/controller/SchedulerController.java,62
GET,/arms/scheduler/pdservice/reqstatus/updateFromES,SchedulerController,updateReqStatusFromElasticsearch,자체,com/arms/api/util/dynamicscheduler/controller/SchedulerController.java,54
POST,/admin/arms/analysis/scope/getCircularPackingChartData/{changeReqTableName}/getReqAddListByFilter,ScopeController,getCircularPackingChartData,자체,com/arms/api/analysis/scope/controller/ScopeController.java,137
POST,/admin/arms/analysis/scope/getNetworkChartExcelData,ScopeController,getNetworkChartExcelDataVO,자체,com/arms/api/analysis/scope/controller/ScopeController.java,154
GET,/admin/arms/analysis/scope/getReqNetworkFilterData/{changeReqTableName}/getReqAddListByFilter,ScopeController,getReqNetworkFilterData,자체,com/arms/api/analysis/scope/controller/ScopeController.java,61
POST,/admin/arms/analysis/scope/getReqNetworkIssueData/{changeReqTableName}/getReqAddListByFilter,ScopeController,getReqNetworkIssueData,자체,com/arms/api/analysis/scope/controller/ScopeController.java,51
POST,/admin/arms/analysis/scope/getReqNetworkVersionData/{changeReqTableName}/getReqAddListByFilter,ScopeController,getReqNetworkVersionData,자체,com/arms/api/analysis/scope/controller/ScopeController.java,39
POST,/admin/arms/analysis/scope/req-per-version/{changeReqTableName}/getReqAddListByFilter,ScopeController,countByVersionNames,자체,com/arms/api/analysis/scope/controller/ScopeController.java,79
POST,/admin/arms/analysis/scope/tree-bar-data,ScopeController,reqTreeBarData,자체,com/arms/api/analysis/scope/controller/ScopeController.java,148
GET,/admin/arms/analysis/scope/{changeReqTableName}/getDataTableIssues,ScopeController,getDataTableIssues,자체,com/arms/api/analysis/scope/controller/ScopeController.java,110
POST,/admin/arms/analysis/scope/{changeReqTableName}/issue-network,ScopeController,getReqNetworkFullData,자체,com/arms/api/analysis/scope/controller/ScopeController.java,27
GET,/admin/arms/analysis/scope/{changeReqTableName}/req-property-list,ScopeController,reqAddWithPropertyListPerVersion,자체,com/arms/api/analysis/scope/controller/ScopeController.java,95
POST,/arms/report/mail-sender/addNode.do,SenderController,addNode,상속(TreeAbstractController),com/arms/egovframework/javaservice/treeframework/controller/TreeAbstractController.java,176
PUT,/arms/report/mail-sender/alterNode.do,SenderController,alterNode,상속(TreeAbstractController),com/arms/egovframework/javaservice/treeframework/controller/TreeAbstractController.java,230
PUT,/arms/report/mail-sender/alterNodeType.do,SenderController,alterNodeType,상속(TreeAbstractController),com/arms/egovframework/javaservice/treeframework/controller/TreeAbstractController.java,249
GET,/arms/report/mail-sender/analyzeNode.do,SenderController,analyzeNode,상속(TreeAbstractController),com/arms/egovframework/javaservice/treeframework/controller/TreeAbstractController.java,280
GET,/arms/report/mail-sender/getChildNode.do,SenderController,getChildNode,상속(TreeAbstractController),com/arms/egovframework/javaservice/treeframework/controller/TreeAbstractController.java,85
GET,/arms/report/mail-sender/getMonitor.do,SenderController,getMonitor,상속(TreeAbstractController),com/arms/egovframework/javaservice/treeframework/controller/TreeAbstractController.java,293
GET,/arms/report/mail-sender/getNode.do,SenderController,getNode,상속(TreeAbstractController),com/arms/egovframework/javaservice/treeframework/controller/TreeAbstractController.java,65
GET,/arms/report/mail-sender/getNodesWithoutRoot.do,SenderController,getNodesWithoutRoot,상속(TreeAbstractController),com/arms/egovframework/javaservice/treeframework/controller/TreeAbstractController.java,108
GET,/arms/report/mail-sender/getPaginatedChildNode.do,SenderController,getPaginatedChildNode,상속(TreeAbstractController),com/arms/egovframework/javaservice/treeframework/controller/TreeAbstractController.java,131
POST,/arms/report/mail-sender/moveNode.do,SenderController,moveNode,상속(TreeAbstractController),com/arms/egovframework/javaservice/treeframework/controller/TreeAbstractController.java,264
DELETE,/arms/report/mail-sender/removeNode.do,SenderController,removeNode,상속(TreeAbstractController),com/arms/egovframework/javaservice/treeframework/controller/TreeAbstractController.java,191
GET,/arms/report/mail-sender/searchNode.do,SenderController,searchNode,상속(TreeAbstractController),com/arms/egovframework/javaservice/treeframework/controller/TreeAbstractController.java,155
GET,/arms/report/mail-sender/send-message,SenderController,sendMessage,상속(TreeAbstractController),com/arms/egovframework/javaservice/treeframework/controller/TreeAbstractController.java,309
PUT,/arms/report/mail-sender/updateNode.do,SenderController,updateNode,상속(TreeAbstractController),com/arms/egovframework/javaservice/treeframework/controller/TreeAbstractController.java,217
POST,/arms/report/mail-sender-log/addNode.do,SenderLogController,addNode,상속(TreeAbstractController),com/arms/egovframework/javaservice/treeframework/controller/TreeAbstractController.java,176
PUT,/arms/report/mail-sender-log/alterNode.do,SenderLogController,alterNode,상속(TreeAbstractController),com/arms/egovframework/javaservice/treeframework/controller/TreeAbstractController.java,230
PUT,/arms/report/mail-sender-log/alterNodeType.do,SenderLogController,alterNodeType,상속(TreeAbstractController),com/arms/egovframework/javaservice/treeframework/controller/TreeAbstractController.java,249
GET,/arms/report/mail-sender-log/analyzeNode.do,SenderLogController,analyzeNode,상속(TreeAbstractController),com/arms/egovframework/javaservice/treeframework/controller/TreeAbstractController.java,280
GET,/arms/report/mail-sender-log/getChildNode.do,SenderLogController,getChildNode,상속(TreeAbstractController),com/arms/egovframework/javaservice/treeframework/controller/TreeAbstractController.java,85
GET,/arms/report/mail-sender-log/getMonitor.do,SenderLogController,getMonitor,상속(TreeAbstractController),com/arms/egovframework/javaservice/treeframework/controller/TreeAbstractController.java,293
GET,/arms/report/mail-sender-log/getNode.do,SenderLogController,getNode,상속(TreeAbstractController),com/arms/egovframework/javaservice/treeframework/controller/TreeAbstractController.java,65
GET,/arms/report/mail-sender-log/getNodesWithoutRoot.do,SenderLogController,getNodesWithoutRoot,상속(TreeAbstractController),com/arms/egovframework/javaservice/treeframework/controller/TreeAbstractController.java,108
GET,/arms/report/mail-sender-log/getPaginatedChildNode.do,SenderLogController,getPaginatedChildNode,상속(TreeAbstractController),com/arms/egovframework/javaservice/treeframework/controller/TreeAbstractController.java,131
POST,/arms/report/mail-sender-log/moveNode.do,SenderLogController,moveNode,상속(TreeAbstractController),com/arms/egovframework/javaservice/treeframework/controller/TreeAbstractController.java,264
DELETE,/arms/report/mail-sender-log/removeNode.do,SenderLogController,removeNode,상속(TreeAbstractController),com/arms/egovframework/javaservice/treeframework/controller/TreeAbstractController.java,191
GET,/arms/report/mail-sender-log/searchNode.do,SenderLogController,searchNode,상속(TreeAbstractController),com/arms/egovframework/javaservice/treeframework/controller/TreeAbstractController.java,155
GET,/arms/report/mail-sender-log/send-message,SenderLogController,sendMessage,상속(TreeAbstractController),com/arms/egovframework/javaservice/treeframework/controller/TreeAbstractController.java,309
PUT,/arms/report/mail-sender-log/updateNode.do,SenderLogController,updateNode,상속(TreeAbstractController),com/arms/egovframework/javaservice/treeframework/controller/TreeAbstractController.java,217
GET,/admin/arms/backoffice/system-info/getSystemInfo/org-link,SystemInfoController,getSystemInfo,자체,com/arms/api/backoffice/system/systeminfo/controller/SystemInfoController.java,18
GET,/arms/export/templates,TemplateController,listTemplates,자체,com/arms/api/report/export_service/controller/TemplateController.java,89
GET,/arms/export/templates/analyze,TemplateController,analyzeTemplatePlaceholders,자체,com/arms/api/report/export_service/controller/TemplateController.java,120
GET,/arms/export/templates/analyze/styles,TemplateController,analyzeParagraphStyles,자체,com/arms/api/report/export_service/controller/TemplateController.java,261
POST,/arms/export/templates/bind,TemplateController,bindTemplate,자체,com/arms/api/report/export_service/controller/TemplateController.java,363
GET,/arms/export/templates/convert/pdf,TemplateController,convertTemplateToPdf,자체,com/arms/api/report/export_service/controller/TemplateController.java,412
POST,/arms/export/templates/convert/pdf,TemplateController,convertUploadedPptxToPdf,자체,com/arms/api/report/export_service/controller/TemplateController.java,455
GET,/arms/export/templates/download/weekly-report,TemplateController,weeklyReportTemplateDownload,자체,com/arms/api/report/export_service/controller/TemplateController.java,65
POST,/arms/export/templates/export/editor,TemplateController,exportFromEditor,자체,com/arms/api/report/export_service/controller/TemplateController.java,388
POST,/arms/export/templates/upload,TemplateController,uploadTemplate,자체,com/arms/api/report/export_service/controller/TemplateController.java,303
DELETE,/arms/export/templates/{templateId},TemplateController,deleteTemplate,자체,com/arms/api/report/export_service/controller/TemplateController.java,326
GET,/arms/export/templates/{templateId},TemplateController,getTemplate,자체,com/arms/api/report/export_service/controller/TemplateController.java,103
GET,/arms/report-template/resolve,TemplateFileController,resolveTemplate,자체,com/arms/api/report/export_service/controller/TemplateFileController.java,149
GET,/arms/report-template/stream,TemplateFileController,getTemplateStream,자체,com/arms/api/report/export_service/controller/TemplateFileController.java,216
POST,/arms/report-template/upload,TemplateFileController,uploadTemplate,자체,com/arms/api/report/export_service/controller/TemplateFileController.java,67
GET,/arms/export/templates/test/alt-case,TemplateTestController,testAltTextBindingCasesGet,자체,com/arms/api/report/export_service/controller/TemplateTestController.java,69
POST,/arms/export/templates/test/alt-case,TemplateTestController,testAltTextBindingCasesPost,자체,com/arms/api/report/export_service/controller/TemplateTestController.java,101
GET,/arms/export/templates/test/alt-case/analyze,TemplateTestController,analyzeAltTextBindingCases,자체,com/arms/api/report/export_service/controller/TemplateTestController.java,159
GET,/arms/export/templates/test/chart-table,TemplateTestController,testChartTableGet,자체,com/arms/api/report/export_service/controller/TemplateTestController.java,718
POST,/arms/export/templates/test/chart-table,TemplateTestController,testChartTablePost,자체,com/arms/api/report/export_service/controller/TemplateTestController.java,753
GET,/arms/export/templates/test/master-report,TemplateTestController,testMasterReportGet,자체,com/arms/api/report/export_service/controller/TemplateTestController.java,263
POST,/arms/export/templates/test/master-report,TemplateTestController,testMasterReportPost,자체,com/arms/api/report/export_service/controller/TemplateTestController.java,283
GET,/arms/export/templates/test/master-report/analyze,TemplateTestController,analyzeMasterReportTemplate,자체,com/arms/api/report/export_service/controller/TemplateTestController.java,296
GET,/arms/export/templates/test/simple-chart,TemplateTestController,testSimpleChartGet,자체,com/arms/api/report/export_service/controller/TemplateTestController.java,585
POST,/arms/export/templates/test/simple-chart,TemplateTestController,testSimpleChartPost,자체,com/arms/api/report/export_service/controller/TemplateTestController.java,612
GET,/arms/export/templates/test/textarea,TemplateTestController,testTextareaGet,자체,com/arms/api/report/export_service/controller/TemplateTestController.java,879
POST,/arms/export/templates/test/textarea,TemplateTestController,testTextareaPost,자체,com/arms/api/report/export_service/controller/TemplateTestController.java,908
GET,/arms/export/templates/test/textarea/analyze,TemplateTestController,analyzeTextareaTemplate,자체,com/arms/api/report/export_service/controller/TemplateTestController.java,918
POST,/admin/arms/analysis/time/heatmap-data,TimeController,getHeatMapDataForYear,자체,com/arms/api/analysis/time/controller/TimeController.java,31
POST,/admin/arms/analysis/time/scatter-data,TimeController,getScatterChartData,자체,com/arms/api/analysis/time/controller/TimeController.java,43
POST,/admin/arms/analysis/time/updated-issue/multi-combination-data,TimeController,getMultiCombinationChartData,자체,com/arms/api/analysis/time/controller/TimeController.java,55
POST,/admin/arms/analysis/time/updated-ridgeline,TimeController,getRidgeLineData,자체,com/arms/api/analysis/time/controller/TimeController.java,79
POST,/admin/arms/analysis/time/updated-timeline,TimeController,getUpdatedPdServiceVersionAlmIssueByDate,자체,com/arms/api/analysis/time/controller/TimeController.java,67
GET,/arms/analysis/top-menu/issue/req-and-subtask,TopMenuController,analysisTopMenuSubTaskStatusSummary,자체,com/arms/api/analysis/topmenu/controller/TopMenuController.java,49
GET,/arms/analysis/top-menu/resource-info,TopMenuController,topMenuResourceInfoWithReqAndSubtask,자체,com/arms/api/analysis/topmenu/controller/TopMenuController.java,57
GET,/arms/analysis/top-menu/version/period,TopMenuController,analysisTopMenuVersionPeriod,자체,com/arms/api/analysis/topmenu/controller/TopMenuController.java,67
POST,/arms/analysis/top-menu/{changeReqTableName}/comprehensive-data,TopMenuController,analysisTopMenuData,자체,com/arms/api/analysis/topmenu/controller/TopMenuController.java,37
POST,/arms/analysis/top-menu/{changeReqTableName}/getReqAddListByFilter,TopMenuController,analysisTopMenuReqStatusSummary,자체,com/arms/api/analysis/topmenu/controller/TopMenuController.java,23
POST,/arms/userGroup/addNode.do,UserGroupController,addNode,상속(TreeAbstractController),com/arms/egovframework/javaservice/treeframework/controller/TreeAbstractController.java,176
PUT,/arms/userGroup/alterNode.do,UserGroupController,alterNode,상속(TreeAbstractController),com/arms/egovframework/javaservice/treeframework/controller/TreeAbstractController.java,230
PUT,/arms/userGroup/alterNodeType.do,UserGroupController,alterNodeType,상속(TreeAbstractController),com/arms/egovframework/javaservice/treeframework/controller/TreeAbstractController.java,249
GET,/arms/userGroup/analyzeNode.do,UserGroupController,analyzeNode,상속(TreeAbstractController),com/arms/egovframework/javaservice/treeframework/controller/TreeAbstractController.java,280
PUT,/arms/userGroup/description,UserGroupController,updateDescription,자체,com/arms/api/usergroup/controller/UserGroupController.java,86
GET,/arms/userGroup/getChildNode.do,UserGroupController,getChildNode,상속(TreeAbstractController),com/arms/egovframework/javaservice/treeframework/controller/TreeAbstractController.java,85
GET,/arms/userGroup/getMonitor.do,UserGroupController,getMonitor,상속(TreeAbstractController),com/arms/egovframework/javaservice/treeframework/controller/TreeAbstractController.java,293
GET,/arms/userGroup/getNode.do,UserGroupController,getNode,상속(TreeAbstractController),com/arms/egovframework/javaservice/treeframework/controller/TreeAbstractController.java,65
GET,/arms/userGroup/getNodesWithoutRoot.do,UserGroupController,getNodesWithoutRoot,상속(TreeAbstractController),com/arms/egovframework/javaservice/treeframework/controller/TreeAbstractController.java,108
GET,/arms/userGroup/getPaginatedChildNode.do,UserGroupController,getPaginatedChildNode,상속(TreeAbstractController),com/arms/egovframework/javaservice/treeframework/controller/TreeAbstractController.java,131
POST,/arms/userGroup/group,UserGroupController,addGroup,자체,com/arms/api/usergroup/controller/UserGroupController.java,61
GET,/arms/userGroup/group/{groupId},UserGroupController,getGroupEntity,자체,com/arms/api/usergroup/controller/UserGroupController.java,53
GET,/arms/userGroup/list-by-product/{productServiceId},UserGroupController,getUserGroupListByProductServiceId,자체,com/arms/api/usergroup/controller/UserGroupController.java,35
POST,/arms/userGroup/members,UserGroupController,updateMembers,자체,com/arms/api/usergroup/controller/UserGroupController.java,70
GET,/arms/userGroup/members/{groupId},UserGroupController,getGroupMembers,자체,com/arms/api/usergroup/controller/UserGroupController.java,45
POST,/arms/userGroup/moveNode.do,UserGroupController,moveNode,상속(TreeAbstractController),com/arms/egovframework/javaservice/treeframework/controller/TreeAbstractController.java,264
DELETE,/arms/userGroup/removeNode.do,UserGroupController,removeNode,상속(TreeAbstractController),com/arms/egovframework/javaservice/treeframework/controller/TreeAbstractController.java,191
GET,/arms/userGroup/searchNode.do,UserGroupController,searchNode,상속(TreeAbstractController),com/arms/egovframework/javaservice/treeframework/controller/TreeAbstractController.java,155
GET,/arms/userGroup/send-message,UserGroupController,sendMessage,상속(TreeAbstractController),com/arms/egovframework/javaservice/treeframework/controller/TreeAbstractController.java,309
PUT,/arms/userGroup/softDelete/{cId},UserGroupController,softDelete,자체,com/arms/api/usergroup/controller/UserGroupController.java,78
PUT,/arms/userGroup/updateNode.do,UserGroupController,updateNode,상속(TreeAbstractController),com/arms/egovframework/javaservice/treeframework/controller/TreeAbstractController.java,217
POST,/arms/report/weekly/collaborate-kpi/export,WeeklyKpiReportController,exportWeeklyKpiReport,자체,com/arms/api/report/collaboratekpi/controller/WeeklyKpiReportController.java,34
GET,/arms/report/weekly/collaborate-kpi/export/mock,WeeklyKpiReportController,exportMockWeeklyKpiReport,자체,com/arms/api/report/collaboratekpi/controller/WeeklyKpiReportController.java,56
GET,/arms/report/getAvgIssuePerAssigneeOverallTime,WeeklyReportController,getAvgIssuePerAssigneeOverallTime,자체,com/arms/api/report/weekly/controller/WeeklyReportController.java,150
POST,/arms/report/weekly/business-report,WeeklyReportController,fetchWeeklyBusinessReport,자체,com/arms/api/report/weekly/controller/WeeklyReportController.java,39
POST,/arms/report/weekly/business-report/export,WeeklyReportController,exportWeeklyBusinessReport,자체,com/arms/api/report/weekly/controller/WeeklyReportController.java,45
GET,/arms/report/weekly/business-report/export/mock,WeeklyReportController,exportMockWeeklyBusinessReport,자체,com/arms/api/report/weekly/controller/WeeklyReportController.java,82
POST,/arms/report/weekly/export,WeeklyReportController,exportWeeklyReport,자체,com/arms/api/report/weekly/controller/WeeklyReportController.java,115
POST,/arms/report/weekly/export/pdf,WeeklyReportController,exportWeeklyReportPDF,자체,com/arms/api/report/weekly/controller/WeeklyReportController.java,135
POST,/arms/report/weekly/resource,WeeklyReportController,fetchResourceData,자체,com/arms/api/report/weekly/controller/WeeklyReportController.java,110
POST,/arms/report/weekly/scope,WeeklyReportController,fetchScopeData,자체,com/arms/api/report/weekly/controller/WeeklyReportController.java,105
POST,/arms/report/weekly/send-request-dto,WeeklyReportController,mapWeeklyReportRequest,자체,com/arms/api/report/weekly/controller/WeeklyReportController.java,144
POST,/arms/report/weekly/time,WeeklyReportController,fetchTimeData,자체,com/arms/api/report/weekly/controller/WeeklyReportController.java,100
POST,/arms/wiki/addNode.do,WikiController,addNode,상속(TreeAbstractController),com/arms/egovframework/javaservice/treeframework/controller/TreeAbstractController.java,176
PUT,/arms/wiki/alterNode.do,WikiController,alterNode,상속(TreeAbstractController),com/arms/egovframework/javaservice/treeframework/controller/TreeAbstractController.java,230
PUT,/arms/wiki/alterNodeType.do,WikiController,alterNodeType,상속(TreeAbstractController),com/arms/egovframework/javaservice/treeframework/controller/TreeAbstractController.java,249
GET,/arms/wiki/analyzeNode.do,WikiController,analyzeNode,상속(TreeAbstractController),com/arms/egovframework/javaservice/treeframework/controller/TreeAbstractController.java,280
PUT,/arms/wiki/changeRecent.do,WikiController,changeRecent,자체,com/arms/api/wiki/controller/WikiController.java,298
GET,/arms/wiki/getChildNode.do,WikiController,getChildNode,상속(TreeAbstractController),com/arms/egovframework/javaservice/treeframework/controller/TreeAbstractController.java,85
GET,/arms/wiki/getMonitor.do,WikiController,getMonitor,상속(TreeAbstractController),com/arms/egovframework/javaservice/treeframework/controller/TreeAbstractController.java,293
GET,/arms/wiki/getNode.do,WikiController,getNode,상속(TreeAbstractController),com/arms/egovframework/javaservice/treeframework/controller/TreeAbstractController.java,65
GET,/arms/wiki/getNodesWithoutRoot.do,WikiController,getNodesWithoutRoot,상속(TreeAbstractController),com/arms/egovframework/javaservice/treeframework/controller/TreeAbstractController.java,108
GET,/arms/wiki/getPaginatedChildNode.do,WikiController,getPaginatedChildNode,상속(TreeAbstractController),com/arms/egovframework/javaservice/treeframework/controller/TreeAbstractController.java,131
POST,/arms/wiki/imageUpload.do,WikiController,imageUpload,자체,com/arms/api/wiki/controller/WikiController.java,389
POST,/arms/wiki/moveNode.do,WikiController,moveNode,상속(TreeAbstractController),com/arms/egovframework/javaservice/treeframework/controller/TreeAbstractController.java,264
DELETE,/arms/wiki/removeNode.do,WikiController,removeNode,상속(TreeAbstractController),com/arms/egovframework/javaservice/treeframework/controller/TreeAbstractController.java,191
GET,/arms/wiki/searchNode.do,WikiController,searchNode,상속(TreeAbstractController),com/arms/egovframework/javaservice/treeframework/controller/TreeAbstractController.java,155
GET,/arms/wiki/send-message,WikiController,sendMessage,상속(TreeAbstractController),com/arms/egovframework/javaservice/treeframework/controller/TreeAbstractController.java,309
PUT,/arms/wiki/updateNode.do,WikiController,updateNode,상속(TreeAbstractController),com/arms/egovframework/javaservice/treeframework/controller/TreeAbstractController.java,217
PUT,/arms/wiki/updateWiki.do,WikiController,updateWiki,자체,com/arms/api/wiki/controller/WikiController.java,285
POST,/arms/wiki/{changeReqTableName}/addNode.do,WikiController,addNode,자체,com/arms/api/wiki/controller/WikiController.java,213
PUT,/arms/wiki/{changeReqTableName}/alterNode.do,WikiController,alterNode,자체,com/arms/api/wiki/controller/WikiController.java,310
PUT,/arms/wiki/{changeReqTableName}/alterNodeType.do,WikiController,alterNodeType,자체,com/arms/api/wiki/controller/WikiController.java,332
GET,/arms/wiki/{changeReqTableName}/getChildNode.do,WikiController,getChildNode,자체,com/arms/api/wiki/controller/WikiController.java,108
GET,/arms/wiki/{changeReqTableName}/getMonitor.do,WikiController,getMonitor,자체,com/arms/api/wiki/controller/WikiController.java,370
GET,/arms/wiki/{changeReqTableName}/getNode.do,WikiController,getNode,자체,com/arms/api/wiki/controller/WikiController.java,47
GET,/arms/wiki/{changeReqTableName}/getNodesWithoutRoot.do,WikiController,getNodesWithoutRoot,자체,com/arms/api/wiki/controller/WikiController.java,134
GET,/arms/wiki/{changeReqTableName}/getPaginatedChildNode.do,WikiController,getPaginatedChildNode,자체,com/arms/api/wiki/controller/WikiController.java,162
POST,/arms/wiki/{changeReqTableName}/moveNode.do,WikiController,moveNode,자체,com/arms/api/wiki/controller/WikiController.java,351
DELETE,/arms/wiki/{changeReqTableName}/removeNode.do,WikiController,removeNode,자체,com/arms/api/wiki/controller/WikiController.java,244
GET,/arms/wiki/{changeReqTableName}/searchNode.do,WikiController,searchNode,자체,com/arms/api/wiki/controller/WikiController.java,189
PUT,/arms/wiki/{changeReqTableName}/updateNode.do,WikiController,updateNode,자체,com/arms/api/wiki/controller/WikiController.java,267
GET,/arms/wiki/{wikiId}/getWiki.do,WikiController,getWiki,자체,com/arms/api/wiki/controller/WikiController.java,71
GET,/arms/wiki/{wikiId}/getWikiVersions.do,WikiController,getWikiVersions,자체,com/arms/api/wiki/controller/WikiController.java,97
GET,/arms/wiki/{wikiId}/{version}/getWiki.do,WikiController,getWiki,자체,com/arms/api/wiki/controller/WikiController.java,84
